radio,mcc,net,area,cell,unit,lon,lat,range,samples,changeable,created,updated,averageSignal
GSM,605,1,10011,955,0,10.12,36.761,1000,1,1,,,0
UMTS,605,2,1020,855762,0,10.12,36.761,1000,1,1,,,0
GSM,605,1,10011,952,0,10.12,36.764,1000,1,1,,,0
GSM,605,1,10011,2191,0,10.12,36.764,1000,1,1,,,0
UMTS,605,2,1020,314003,0,10.12,36.764,1000,1,1,,,0
GSM,605,1,10001,793,0,10.12,36.764,1000,1,1,,,0
UMTS,605,1,10019,7289458,0,10.125,36.764,1000,1,1,,,0
GSM,605,2,418,53305,0,10.12,36.765,1000,1,1,,,0
UMTS,605,2,1020,905735,0,10.12,36.765,1000,1,1,,,0
UMTS,605,2,1020,905276,0,10.12,36.766,1000,1,1,,,0
UMTS,605,3,2154,163025,0,10.13,36.768,5128,1,1,,,0
GSM,605,1,10017,6964,0,10.12,36.768,1000,1,1,,,0
UMTS,605,3,2156,235400,0,10.12,36.768,1000,1,1,,,0
UMTS,605,2,1020,905275,0,10.12,36.768,1000,1,1,,,0
UMTS,605,1,10011,7276695,0,10.12,36.768,1000,1,1,,,0
GSM,605,3,1119,15793,0,10.132,36.769,2957,1,1,,,0
UMTS,605,1,10011,7287409,0,10.122,36.769,1000,1,1,,,0
GSM,605,1,10011,951,0,10.12,36.771,1000,1,1,,,0
GSM,605,3,1156,18568,0,10.12,36.771,1000,1,1,,,0
GSM,605,3,1154,12981,0,10.12,36.771,1000,1,1,,,0
UMTS,605,3,2154,163028,0,10.12,36.771,1000,1,1,,,0
UMTS,605,3,2154,163184,0,10.12,36.771,1000,1,1,,,0
UMTS,605,3,2154,133189,0,10.12,36.771,1000,1,1,,,0
UMTS,605,3,2154,163030,0,10.12,36.771,1000,1,1,,,0
GSM,605,3,1154,12713,0,10.12,36.771,1000,1,1,,,0
UMTS,605,1,10005,72849,0,10.12,36.771,1000,1,1,,,0
UMTS,605,3,2154,163188,0,10.12,36.771,1000,1,1,,,0
GSM,605,1,10018,11296,0,10.12,36.771,1000,1,1,,,0
UMTS,605,1,10018,152612,0,10.12,36.771,1000,1,1,,,0
UMTS,605,3,2154,163183,0,10.136,36.768,1365,1,1,,,0
UMTS,605,1,10005,72852,0,10.153,36.76,3095,1,1,,,0
GSM,605,3,1154,12719,0,10.155,36.763,3231,1,1,,,0
GSM,605,1,10005,1056,0,10.146,36.765,2344,1,1,,,0
GSM,605,3,1156,10183,0,10.145,36.768,1000,1,1,,,0
UMTS,605,2,210,315123,0,10.161,36.765,7572,1,1,,,0
UMTS,605,1,10005,71486,0,10.159,36.768,1000,1,1,,,0
GSM,605,3,1154,17177,0,10.166,36.769,1000,1,1,,,0
UMTS,605,2,136,198530,0,10.162,36.771,1000,1,1,,,0
GSM,605,2,416,50985,0,10.174,36.76,1199,1,1,,,0
UMTS,605,3,2154,133248,0,10.175,36.761,1000,1,1,,,0
UMTS,605,3,2154,133243,0,10.175,36.761,1000,1,1,,,0
LTE,605,1,10018,65539,0,10.177,36.761,1000,1,1,,,0
GSM,605,3,1154,12203,0,10.174,36.763,1593,1,1,,,0
GSM,605,3,1154,12982,0,10.175,36.763,2092,1,1,,,0
LTE,605,3,4154,3865857,0,10.174,36.764,1000,1,1,,,0
UMTS,605,1,10013,133944,0,10.173,36.765,1000,1,1,,,0
GSM,605,3,1154,11158,0,10.168,36.766,1000,1,1,,,0
UMTS,605,3,2154,133249,0,10.173,36.766,1000,1,1,,,0
UMTS,605,3,2154,133244,0,10.173,36.766,1000,1,1,,,0
GSM,605,3,1119,15579,0,10.171,36.767,2140,1,1,,,0
LTE,605,3,4100,3917068,0,10.174,36.768,1664,1,1,,,0
UMTS,605,2,1020,262167,0,10.173,36.768,1000,1,1,,,0
LTE,605,1,10017,27906,0,10.173,36.768,1000,1,1,,,0
UMTS,605,2,1020,902056,0,10.172,36.768,1000,1,1,,,0
LTE,605,1,10019,198661,0,10.172,36.769,1000,1,1,,,0
UMTS,605,1,10001,20226,0,10.172,36.769,1000,1,1,,,0
GSM,605,2,401,56812,0,10.171,36.769,1000,1,1,,,0
UMTS,605,1,10001,68796,0,10.171,36.769,1000,1,1,,,0
GSM,605,1,10018,516,0,10.169,36.769,3351,1,1,,,0
LTE,605,2,1020,11617548,0,10.171,36.769,1000,1,1,,,0
UMTS,605,1,10011,7279127,0,10.17,36.77,1000,1,1,,,0
UMTS,605,2,137,262167,0,10.17,36.771,1000,1,1,,,0
UMTS,605,3,2154,133359,0,10.18,36.771,1000,1,1,,,0
GSM,605,3,1154,12068,0,10.18,36.771,1000,1,1,,,0
UMTS,605,3,2164,818693,0,10.18,36.771,1000,1,1,,,0
UMTS,605,3,2154,163244,0,10.17,36.772,1000,1,1,,,0
GSM,605,3,1154,17171,0,10.17,36.772,1000,1,1,,,0
GSM,605,1,10001,792,0,10.17,36.772,1000,1,1,,,0
UMTS,605,3,2164,818724,0,10.17,36.772,1000,1,1,,,0
UMTS,605,3,2154,133335,0,10.178,36.772,1000,1,1,,,0
UMTS,605,3,2154,133340,0,10.178,36.772,1000,1,1,,,0
LTE,605,3,4100,3884299,0,10.171,36.772,1000,1,1,,,0
GSM,605,1,10005,1062,0,10.191,36.76,1000,1,1,,,0
UMTS,605,3,2154,169585,0,10.192,36.76,1000,1,1,,,0
UMTS,605,2,137,269948,0,10.191,36.76,1234,1,1,,,0
UMTS,605,2,137,264003,0,10.186,36.761,1000,1,1,,,0
UMTS,605,1,10005,67642,0,10.185,36.761,1000,1,1,,,0
UMTS,605,3,2154,162695,0,10.186,36.761,1000,1,1,,,0
UMTS,605,1,10005,68006,0,10.186,36.761,1000,1,1,,,0
UMTS,605,2,137,262171,0,10.186,36.761,1000,1,1,,,0
GSM,605,2,401,51653,0,10.191,36.761,1000,1,1,,,0
GSM,605,1,10005,1066,0,10.187,36.761,1000,1,1,,,0
GSM,605,3,1154,12289,0,10.188,36.761,1000,1,1,,,0
UMTS,605,1,10005,66605,0,10.187,36.762,1000,1,1,,,0
GSM,605,1,10005,1063,0,10.187,36.762,1000,1,1,,,0
UMTS,605,1,10001,72889,0,10.192,36.762,2916,1,1,,,0
UMTS,605,1,10005,66595,0,10.183,36.762,1522,1,1,,,0
GSM,605,2,401,50024,0,10.186,36.762,1000,1,1,,,0
UMTS,605,2,137,317981,0,10.186,36.762,1000,1,1,,,0
UMTS,605,3,2154,162696,0,10.188,36.762,1000,1,1,,,0
UMTS,605,1,10018,68006,0,10.188,36.762,1000,1,1,,,0
UMTS,605,1,10005,66603,0,10.189,36.762,1000,1,1,,,0
UMTS,605,1,10001,66371,0,10.189,36.762,1000,1,1,,,0
LTE,605,2,137,11669260,0,10.186,36.763,1000,1,1,,,0
LTE,605,2,137,11520523,0,10.186,36.763,1000,1,1,,,0
LTE,605,2,137,11567373,0,10.186,36.763,1000,1,1,,,0
UMTS,605,2,137,264000,0,10.186,36.763,1000,1,1,,,0
GSM,605,1,10001,831,0,10.186,36.763,1000,1,1,,,0
UMTS,605,2,137,262165,0,10.186,36.764,1000,1,1,,,0
GSM,605,1,10001,832,0,10.186,36.764,1000,1,1,,,0
UMTS,605,2,137,317982,0,10.186,36.765,1000,1,1,,,0
GSM,605,3,1154,12932,0,10.186,36.765,1000,1,1,,,0
UMTS,605,2,137,267976,0,10.186,36.765,1000,1,1,,,0
UMTS,605,2,137,264826,0,10.186,36.765,1000,1,1,,,0
GSM,605,2,401,51656,0,10.192,36.765,1000,1,1,,,0
UMTS,605,3,2164,818714,0,10.187,36.766,1000,1,1,,,0
GSM,605,3,1154,11039,0,10.191,36.767,1000,1,1,,,0
GSM,605,2,401,57802,0,10.181,36.768,1000,1,1,,,0
GSM,605,3,1154,12938,0,10.184,36.768,1000,1,1,,,0
UMTS,605,1,10001,70278,0,10.184,36.768,1000,1,1,,,0
UMTS,605,1,10001,66375,0,10.184,36.768,1000,1,1,,,0
UMTS,605,1,10001,66369,0,10.184,36.768,1000,1,1,,,0
LTE,605,3,4154,3093260,0,10.184,36.768,1000,1,1,,,0
GSM,605,3,1154,12201,0,10.184,36.768,1000,1,1,,,0
UMTS,605,1,10005,66368,0,10.184,36.768,1000,1,1,,,0
UMTS,605,2,137,313801,0,10.192,36.768,1000,1,1,,,0
UMTS,605,2,137,269951,0,10.184,36.768,1000,1,1,,,0
LTE,605,3,4164,3074305,0,10.189,36.768,1000,1,1,,,0
LTE,605,3,4164,3102465,0,10.19,36.769,1483,1,1,,,0
UMTS,605,2,137,317983,0,10.183,36.769,1000,1,1,,,0
GSM,605,3,1154,11567,0,10.192,36.769,1000,1,1,,,0
UMTS,605,1,10001,66826,0,10.182,36.769,1000,1,1,,,0
GSM,605,3,1154,12931,0,10.182,36.769,1000,1,1,,,0
LTE,605,3,4154,3093259,0,10.182,36.769,1000,1,1,,,0
GSM,605,1,10001,1745,0,10.182,36.769,1000,1,1,,,0
UMTS,605,2,137,267977,0,10.182,36.769,1000,1,1,,,0
UMTS,605,2,137,267980,0,10.182,36.769,1000,1,1,,,0
UMTS,605,1,10001,66372,0,10.184,36.769,1000,1,1,,,0
UMTS,605,1,10001,65904,0,10.191,36.769,1000,1,1,,,0
GSM,605,3,1154,12061,0,10.191,36.769,1000,1,1,,,0
GSM,605,3,1154,12067,0,10.191,36.769,1000,1,1,,,0
GSM,605,3,1154,11561,0,10.191,36.769,1000,1,1,,,0
UMTS,605,2,137,11532546,0,10.191,36.769,1000,1,1,,,0
UMTS,605,1,10005,65873,0,10.191,36.769,1000,1,1,,,0
UMTS,605,1,10001,67106,0,10.191,36.769,1000,1,1,,,0
UMTS,605,3,2164,788729,0,10.191,36.769,1000,1,1,,,0
UMTS,605,3,2164,788563,0,10.191,36.769,1000,1,1,,,0
GSM,605,3,1154,12937,0,10.182,36.77,1000,1,1,,,0
UMTS,605,3,2154,132578,0,10.191,36.77,1000,1,1,,,0
LTE,605,3,4164,3102475,0,10.192,36.77,1000,1,1,,,0
GSM,605,3,1154,12063,0,10.187,36.77,1000,1,1,,,0
UMTS,605,1,10001,7865118,0,10.185,36.77,1000,1,1,,,0
UMTS,605,2,10001,21252,0,10.189,36.77,1000,1,1,,,0
GSM,605,3,1154,12069,0,10.186,36.77,1000,1,1,,,0
UMTS,605,2,137,314832,0,10.182,36.77,1000,1,1,,,0
UMTS,605,3,2164,822413,0,10.182,36.771,1000,1,1,,,0
UMTS,605,2,137,267983,0,10.182,36.771,1000,1,1,,,0
UMTS,605,2,137,264832,0,10.182,36.771,1000,1,1,,,0
UMTS,605,2,137,264829,0,10.182,36.771,1000,1,1,,,0
UMTS,605,2,137,264825,0,10.182,36.771,1000,1,1,,,0
GSM,605,2,401,50021,0,10.184,36.771,1000,1,1,,,0
UMTS,605,3,2154,132574,0,10.185,36.771,1000,1,1,,,0
UMTS,605,1,10005,65901,0,10.189,36.771,1000,1,1,,,0
UMTS,605,3,2154,132573,0,10.189,36.771,1000,1,1,,,0
UMTS,605,3,2154,162573,0,10.189,36.771,1000,1,1,,,0
GSM,605,1,10001,836,0,10.181,36.771,1000,1,1,,,0
UMTS,605,1,10001,66370,0,10.185,36.771,1000,1,1,,,0
UMTS,605,1,10001,65898,0,10.186,36.771,1000,1,1,,,0
UMTS,605,2,10001,21262,0,10.188,36.772,1000,1,1,,,0
LTE,605,3,4154,3093249,0,10.181,36.772,1000,1,1,,,0
LTE,605,1,10001,44546,0,10.181,36.772,1000,1,1,,,0
UMTS,605,2,210,265109,0,10.184,36.772,1000,1,1,,,0
UMTS,605,2,137,264892,0,10.189,36.772,1000,1,1,,,0
GSM,605,2,137,1656,0,10.199,36.76,1000,1,1,,,0
UMTS,605,3,2154,133183,0,10.199,36.76,1000,1,1,,,0
UMTS,605,1,10005,77106,0,10.2,36.76,1000,1,1,,,0
GSM,605,3,1154,11412,0,10.201,36.76,1000,1,1,,,0
UMTS,605,2,137,263995,0,10.199,36.76,1000,1,1,,,0
GSM,605,2,401,56723,0,10.198,36.76,1000,1,1,,,0
GSM,605,3,1154,12711,0,10.2,36.76,1000,1,1,,,0
UMTS,605,2,10005,8453,0,10.199,36.761,1000,1,1,,,0
GSM,605,1,10005,1064,0,10.198,36.761,1000,1,1,,,0
UMTS,605,2,137,263802,0,10.193,36.761,1000,1,1,,,0
UMTS,605,1,10005,68996,0,10.197,36.761,1000,1,1,,,0
UMTS,605,3,2154,132696,0,10.197,36.761,1000,1,1,,,0
GSM,605,2,401,51652,0,10.199,36.761,1000,1,1,,,0
UMTS,605,1,10005,65885,0,10.199,36.761,1000,1,1,,,0
LTE,605,2,137,11567361,0,10.199,36.761,1000,1,1,,,0
LTE,605,3,4154,3096844,0,10.199,36.761,1000,1,1,,,0
LTE,605,1,10018,65538,0,10.2,36.761,1000,1,1,,,0
UMTS,605,3,2164,824949,0,10.2,36.761,1000,1,1,,,0
UMTS,605,1,10018,65879,0,10.2,36.761,1000,1,1,,,0
GSM,605,3,1154,12717,0,10.198,36.761,1000,1,1,,,0
UMTS,605,1,10005,65878,0,10.199,36.761,1000,1,1,,,0
LTE,605,3,4164,3102476,0,10.197,36.761,2104,1,1,,,0
UMTS,605,2,137,263998,0,10.195,36.762,1000,1,1,,,0
LTE,605,2,137,11523341,0,10.198,36.762,1000,1,1,,,0
LTE,605,3,4164,3109900,0,10.198,36.762,2052,1,1,,,0
LTE,605,1,10005,27140,0,10.198,36.762,1000,1,1,,,0
GSM,605,2,137,54957,0,10.198,36.762,1000,1,1,,,0
GSM,605,3,2164,11412,0,10.203,36.762,1000,1,1,,,0
GSM,605,2,137,51658,0,10.198,36.762,1000,1,1,,,0
GSM,605,3,1154,12287,0,10.197,36.762,1000,1,1,,,0
GSM,605,3,1154,11038,0,10.197,36.762,1000,1,1,,,0
UMTS,605,3,2154,169588,0,10.197,36.762,1000,1,1,,,0
UMTS,605,1,10005,67960,0,10.197,36.762,1000,1,1,,,0
UMTS,605,3,2164,794948,0,10.197,36.762,1000,1,1,,,0
GSM,605,3,1154,12452,0,10.199,36.762,1000,1,1,,,0
UMTS,605,1,10005,65879,0,10.199,36.762,1000,1,1,,,0
UMTS,605,2,137,268867,0,10.197,36.762,1000,1,1,,,0
UMTS,605,3,2154,163204,0,10.198,36.762,1000,1,1,,,0
GSM,605,2,137,263,0,10.198,36.762,1000,1,1,,,0
GSM,605,2,401,51655,0,10.198,36.763,1000,1,1,,,0
GSM,605,3,1154,12280,0,10.196,36.763,1000,1,1,,,0
UMTS,605,2,137,313802,0,10.201,36.763,1000,1,1,,,0
UMTS,605,3,2154,132764,0,10.197,36.763,1442,1,1,,,0
UMTS,605,3,2164,788123,0,10.203,36.763,1000,1,1,,,0
LTE,605,3,4154,3118338,0,10.198,36.764,1000,1,1,,,0
UMTS,605,3,2154,162769,0,10.196,36.764,1000,1,1,,,0
UMTS,605,1,10005,65846,0,10.196,36.764,1000,1,1,,,0
UMTS,605,1,10005,67218,0,10.197,36.764,1000,1,1,,,0
UMTS,605,3,2154,169583,0,10.197,36.764,1000,1,1,,,0
UMTS,605,1,10005,75775,0,10.197,36.764,1000,1,1,,,0
GSM,605,3,1118,11509,0,10.197,36.764,1000,1,1,,,0
GSM,605,3,1154,12979,0,10.197,36.764,1000,1,1,,,0
UMTS,605,2,137,268077,0,10.197,36.764,1000,1,1,,,0
LTE,605,3,4154,3096845,0,10.197,36.764,1000,1,1,,,0
GSM,605,2,401,56721,0,10.203,36.764,1000,1,1,,,0
LTE,605,3,4164,3109899,0,10.197,36.764,1838,1,1,,,0
GSM,605,1,10005,10053,0,10.197,36.764,2786,1,1,,,0
UMTS,605,2,137,263800,0,10.196,36.764,1000,1,1,,,0
GSM,605,1,10005,10056,0,10.196,36.765,2012,1,1,,,0
UMTS,605,3,2164,788383,0,10.2,36.765,1059,1,1,,,0
UMTS,605,3,2154,162765,0,10.197,36.765,1000,1,1,,,0
GSM,605,3,1154,12459,0,10.197,36.765,1000,1,1,,,0
UMTS,605,3,2154,162770,0,10.195,36.765,1000,1,1,,,0
GSM,605,3,1154,11032,0,10.196,36.765,1000,1,1,,,0
UMTS,605,1,10005,70356,0,10.196,36.765,1000,1,1,,,0
UMTS,605,3,2164,818703,0,10.196,36.765,1000,1,1,,,0
UMTS,605,1,10005,65871,0,10.197,36.765,1000,1,1,,,0
UMTS,605,3,2154,139588,0,10.197,36.765,1000,1,1,,,0
UMTS,605,3,2154,132769,0,10.199,36.765,1000,1,1,,,0
UMTS,605,1,10005,65880,0,10.201,36.765,1000,1,1,,,0
LTE,605,3,4164,3109909,0,10.197,36.766,1000,1,1,,,0
UMTS,605,2,137,264889,0,10.194,36.766,1312,1,1,,,0
LTE,605,3,4164,3106571,0,10.201,36.766,1000,1,1,,,0
UMTS,605,3,2164,818643,0,10.201,36.766,1000,1,1,,,0
LTE,605,3,4164,3075587,0,10.201,36.766,1000,1,1,,,0
LTE,605,1,10005,8453,0,10.196,36.766,1000,1,1,,,0
UMTS,605,2,137,263796,0,10.195,36.766,1000,1,1,,,0
UMTS,605,2,137,265976,0,10.196,36.766,1000,1,1,,,0
GSM,605,3,1154,12458,0,10.197,36.766,1000,1,1,,,0
UMTS,605,2,10005,8454,0,10.195,36.766,1000,1,1,,,0
LTE,605,3,4154,3102466,0,10.196,36.766,1000,1,1,,,0
UMTS,605,2,137,263801,0,10.193,36.766,1000,1,1,,,0
UMTS,605,3,2154,132770,0,10.195,36.766,1000,1,1,,,0
GSM,605,2,401,53834,0,10.196,36.766,1000,1,1,,,0
GSM,605,3,1154,12451,0,10.196,36.766,1000,1,1,,,0
UMTS,605,1,10005,65868,0,10.196,36.766,1000,1,1,,,0
UMTS,605,3,2154,162764,0,10.196,36.766,1000,1,1,,,0
UMTS,605,2,137,265981,0,10.196,36.766,1000,1,1,,,0
GSM,605,2,401,53835,0,10.197,36.766,1000,1,1,,,0
UMTS,605,3,2154,139583,0,10.197,36.766,1000,1,1,,,0
GSM,605,3,1154,11411,0,10.199,36.766,1000,1,1,,,0
UMTS,605,3,2154,133124,0,10.203,36.766,1000,1,1,,,0
LTE,605,3,4164,3082509,0,10.196,36.767,1000,1,1,,,0
UMTS,605,3,2154,132765,0,10.195,36.767,1000,1,1,,,0
UMTS,605,2,137,262275,0,10.203,36.767,3820,1,1,,,0
GSM,605,1,10005,334,0,10.196,36.767,1000,1,1,,,0
LTE,605,3,4164,3082513,0,10.196,36.768,1000,1,1,,,0
GSM,605,3,1154,12453,0,10.194,36.768,1000,1,1,,,0
GSM,605,2,401,53836,0,10.196,36.768,1000,1,1,,,0
UMTS,605,2,137,265977,0,10.196,36.768,1000,1,1,,,0
UMTS,605,2,137,265980,0,10.196,36.768,1000,1,1,,,0
GSM,605,2,417,50255,0,10.197,36.768,1000,1,1,,,0
UMTS,605,1,10005,65870,0,10.197,36.768,1000,1,1,,,0
UMTS,605,1,10005,67221,0,10.197,36.768,1000,1,1,,,0
UMTS,605,3,2154,133130,0,10.2,36.768,1000,1,1,,,0
UMTS,605,3,2154,163125,0,10.2,36.768,1000,1,1,,,0
UMTS,605,3,2154,133125,0,10.2,36.768,1000,1,1,,,0
UMTS,605,1,10005,67686,0,10.201,36.768,1000,1,1,,,0
UMTS,605,1,10005,67406,0,10.201,36.768,1000,1,1,,,0
GSM,605,2,137,1654,0,10.196,36.768,1000,1,1,,,0
GSM,605,2,137,1651,0,10.196,36.768,1000,1,1,,,0
GSM,605,1,10005,333,0,10.197,36.768,1000,1,1,,,0
LTE,605,1,10005,43013,0,10.198,36.769,1000,1,1,,,0
UMTS,605,2,137,263798,0,10.196,36.769,1000,1,1,,,0
GSM,605,3,1154,12973,0,10.195,36.769,1000,1,1,,,0
GSM,605,2,401,50404,0,10.199,36.769,2672,1,1,,,0
LTE,605,3,4164,3082507,0,10.196,36.769,1000,1,1,,,0
LTE,605,3,4154,3102465,0,10.196,36.769,1000,1,1,,,0
UMTS,605,1,10005,65872,0,10.195,36.769,1000,1,1,,,0
UMTS,605,3,2154,162768,0,10.196,36.769,1000,1,1,,,0
UMTS,605,3,2154,162763,0,10.196,36.769,1000,1,1,,,0
UMTS,605,2,137,265975,0,10.196,36.769,1000,1,1,,,0
UMTS,605,2,137,316281,0,10.196,36.769,1000,1,1,,,0
GSM,605,3,1245,24283,0,10.204,36.769,2226,1,1,,,0
GSM,605,2,401,53831,0,10.197,36.769,1000,1,1,,,0
LTE,605,3,4164,3082517,0,10.196,36.77,1000,1,1,,,0
UMTS,605,3,2154,132763,0,10.197,36.77,1000,1,1,,,0
UMTS,605,2,137,263795,0,10.196,36.77,1000,1,1,,,0
UMTS,605,1,10005,65869,0,10.194,36.77,1000,1,1,,,0
GSM,605,3,1154,11031,0,10.197,36.77,1000,1,1,,,0
GSM,605,2,401,53833,0,10.197,36.77,1000,1,1,,,0
GSM,605,3,1154,12457,0,10.198,36.77,1000,1,1,,,0
LTE,605,1,10005,8454,0,10.196,36.77,1000,1,1,,,0
GSM,605,2,401,53832,0,10.197,36.771,2446,1,1,,,0
GSM,605,3,1154,11033,0,10.197,36.771,1000,1,1,,,0
UMTS,605,2,137,317101,0,10.197,36.771,1000,1,1,,,0
UMTS,605,3,2164,818568,0,10.197,36.771,1000,1,1,,,0
GSM,605,2,401,51654,0,10.197,36.771,1000,1,1,,,0
LTE,605,3,4164,3102489,0,10.195,36.771,1000,1,1,,,0
UMTS,605,3,2154,133208,0,10.195,36.771,1000,1,1,,,0
GSM,605,2,137,3823,0,10.197,36.771,1000,1,1,,,0
UMTS,605,3,2154,133203,0,10.197,36.771,1498,1,1,,,0
GSM,605,2,401,51651,0,10.197,36.772,1000,1,1,,,0
GSM,605,2,401,51657,0,10.197,36.772,1000,1,1,,,0
GSM,605,2,137,3826,0,10.197,36.772,1000,1,1,,,0
UMTS,605,2,137,265978,0,10.197,36.772,1000,1,1,,,0
UMTS,605,2,137,265970,0,10.197,36.772,1000,1,1,,,0
UMTS,605,1,10005,67645,0,10.197,36.772,1000,1,1,,,0
UMTS,605,1,10001,66381,0,10.201,36.772,1000,1,1,,,0
GSM,605,1,10005,10106,0,10.212,36.76,1000,1,1,,,0
GSM,605,2,411,53855,0,10.208,36.761,1000,1,1,,,0
GSM,605,3,1154,12712,0,10.209,36.761,1000,1,1,,,0
UMTS,605,1,10005,75855,0,10.208,36.761,1285,1,1,,,0
UMTS,605,3,2154,163265,0,10.215,36.762,2186,1,1,,,0
GSM,605,3,1154,12047,0,10.216,36.762,1000,1,1,,,0
GSM,605,1,10005,10126,0,10.212,36.762,1000,1,1,,,0
UMTS,605,1,10005,75635,0,10.211,36.762,1000,1,1,,,0
UMTS,605,3,2154,139055,0,10.212,36.762,1000,1,1,,,0
GSM,605,3,1154,11077,0,10.216,36.763,1000,1,1,,,0
UMTS,605,1,10005,76250,0,10.215,36.764,1136,1,1,,,0
GSM,605,2,401,50266,0,10.204,36.764,1000,1,1,,,0
GSM,605,2,401,50263,0,10.204,36.764,1000,1,1,,,0
UMTS,605,1,10005,75665,0,10.208,36.764,1000,1,1,,,0
UMTS,605,1,10005,75659,0,10.208,36.764,1000,1,1,,,0
GSM,605,1,10005,10123,0,10.208,36.764,1000,1,1,,,0
UMTS,605,1,10005,75662,0,10.208,36.764,1000,1,1,,,0
UMTS,605,3,2154,162568,0,10.208,36.764,1000,1,1,,,0
UMTS,605,3,2154,162570,0,10.208,36.764,1000,1,1,,,0
UMTS,605,1,10005,75629,0,10.21,36.764,1000,1,1,,,0
GSM,605,1,10005,10093,0,10.212,36.764,1000,1,1,,,0
UMTS,605,2,137,1295453,0,10.211,36.764,1000,1,1,,,0
UMTS,605,3,2215,39498593,0,10.215,36.764,3384,1,1,,,0
UMTS,605,3,2154,139835,0,10.21,36.764,1000,1,1,,,0
UMTS,605,1,10005,65877,0,10.204,36.765,1000,1,1,,,0
UMTS,605,2,137,313803,0,10.206,36.765,1000,1,1,,,0
UMTS,605,3,2154,163264,0,10.214,36.765,1000,1,1,,,0
LTE,605,2,137,11565579,0,10.205,36.766,3720,1,1,,,0
UMTS,605,2,137,262407,0,10.208,36.766,1000,1,1,,,0
UMTS,605,3,2154,133264,0,10.21,36.766,1000,1,1,,,0
UMTS,605,3,2154,133269,0,10.21,36.767,1000,1,1,,,0
GSM,605,3,1245,24287,0,10.208,36.767,3091,1,1,,,0
UMTS,605,3,2245,39498324,0,10.206,36.767,2501,1,1,,,0
LTE,605,2,137,11526669,0,10.212,36.768,1000,1,1,,,0
UMTS,605,1,10005,77776,0,10.21,36.768,2508,1,1,,,0
UMTS,605,2,137,262410,0,10.209,36.768,1000,1,1,,,0
LTE,605,2,137,11526667,0,10.215,36.768,1000,1,1,,,0
LTE,605,3,4154,3074315,0,10.207,36.769,1000,1,1,,,0
UMTS,605,3,2154,132665,0,10.215,36.769,1000,1,1,,,0
GSM,605,3,1119,17901,0,10.206,36.769,3699,1,1,,,0
UMTS,605,2,137,262408,0,10.215,36.769,1000,1,1,,,0
LTE,605,2,137,11526659,0,10.212,36.77,3739,1,1,,,0
UMTS,605,1,10005,67220,0,10.215,36.77,1000,1,1,,,0
UMTS,605,3,2154,133270,0,10.206,36.771,1000,1,1,,,0
UMTS,605,3,2154,133265,0,10.206,36.771,1000,1,1,,,0
UMTS,605,1,10005,75852,0,10.213,36.771,1000,1,1,,,0
UMTS,605,3,2154,133123,0,10.205,36.771,1000,1,1,,,0
UMTS,605,2,137,263106,0,10.216,36.772,1052,1,1,,,0
LTE,605,1,10005,273667,0,10.21,36.772,1000,1,1,,,0
UMTS,605,1,10005,77727,0,10.227,36.76,1000,1,1,,,0
UMTS,605,2,137,267135,0,10.226,36.761,1000,1,1,,,0
UMTS,605,2,137,267141,0,10.226,36.761,1000,1,1,,,0
UMTS,605,1,10001,67372,0,10.226,36.762,1000,1,1,,,0
UMTS,605,2,137,267138,0,10.225,36.762,1000,1,1,,,0
UMTS,605,3,2154,132890,0,10.225,36.762,1000,1,1,,,0
UMTS,605,1,10005,75627,0,10.226,36.762,1000,1,1,,,0
GSM,605,2,411,53854,0,10.226,36.762,1000,1,1,,,0
GSM,605,2,401,50261,0,10.226,36.762,1000,1,1,,,0
GSM,605,3,1118,11328,0,10.228,36.762,1000,1,1,,,0
LTE,605,3,4154,3086337,0,10.224,36.763,1000,1,1,,,0
UMTS,605,2,137,265999,0,10.226,36.764,1000,1,1,,,0
GSM,605,3,1154,12817,0,10.223,36.764,1000,1,1,,,0
LTE,605,1,10005,258308,0,10.226,36.764,1000,1,1,,,0
UMTS,605,3,2154,132888,0,10.228,36.764,1000,1,1,,,0
LTE,605,2,137,11526657,0,10.222,36.764,1000,1,1,,,0
LTE,605,2,137,11647755,0,10.218,36.764,1000,1,1,,,0
GSM,605,3,1154,11071,0,10.217,36.764,1000,1,1,,,0
UMTS,605,1,10005,119568,0,10.226,36.764,1000,1,1,,,0
UMTS,605,1,22204,149447,0,10.224,36.764,4137,1,1,,,0
LTE,605,2,137,11618572,0,10.221,36.765,1184,1,1,,,0
LTE,605,2,137,11618581,0,10.225,36.765,1000,1,1,,,0
UMTS,605,3,2154,169834,0,10.221,36.765,2053,1,1,,,0
GSM,605,3,1154,11468,0,10.224,36.765,1000,1,1,,,0
LTE,605,2,137,11618571,0,10.224,36.765,1000,1,1,,,0
UMTS,605,2,137,266000,0,10.221,36.765,1000,1,1,,,0
GSM,605,3,1154,11073,0,10.223,36.765,1000,1,1,,,0
LTE,605,3,4164,3086337,0,10.223,36.765,1000,1,1,,,0
LTE,605,1,10005,273669,0,10.225,36.765,1000,1,1,,,0
UMTS,605,2,220,316563,0,10.228,36.765,1000,1,1,,,0
GSM,605,3,1154,12813,0,10.219,36.765,1884,1,1,,,0
GSM,605,1,10005,10423,0,10.222,36.765,2385,1,1,,,0
UMTS,605,2,137,265995,0,10.223,36.765,1000,1,1,,,0
UMTS,605,1,10005,76228,0,10.221,36.766,1000,1,1,,,0
GSM,605,3,1154,12811,0,10.223,36.766,1000,1,1,,,0
GSM,605,3,1154,12461,0,10.222,36.766,1000,1,1,,,0
GSM,605,3,1118,11548,0,10.223,36.766,1000,1,1,,,0
GSM,605,3,1154,11462,0,10.224,36.766,1000,1,1,,,0
UMTS,605,1,10006,75848,0,10.222,36.766,1000,1,1,,,0
GSM,605,3,1154,11463,0,10.222,36.766,1000,1,1,,,0
GSM,605,3,1154,12771,0,10.222,36.766,1000,1,1,,,0
GSM,605,3,1154,11467,0,10.222,36.766,1000,1,1,,,0
GSM,605,3,1118,11542,0,10.222,36.766,1000,1,1,,,0
GSM,605,3,1154,12467,0,10.222,36.766,1000,1,1,,,0
LTE,605,2,137,11618563,0,10.222,36.766,1000,1,1,,,0
UMTS,605,3,2164,795199,0,10.222,36.766,1000,1,1,,,0
UMTS,605,3,2164,788623,0,10.222,36.766,1000,1,1,,,0
GSM,605,3,1118,12442,0,10.223,36.766,1000,1,1,,,0
GSM,605,3,1154,65535,0,10.223,36.766,1000,1,1,,,0
GSM,605,3,1118,65535,0,10.223,36.766,1000,1,1,,,0
LTE,605,3,4154,3101953,0,10.223,36.766,1000,1,1,,,0
GSM,605,3,1118,11324,0,10.223,36.766,1000,1,1,,,0
GSM,605,3,1118,11321,0,10.223,36.766,1000,1,1,,,0
UMTS,605,1,10005,87556,0,10.223,36.766,1000,1,1,,,0
GSM,605,3,1154,12041,0,10.223,36.766,1000,1,1,,,0
UMTS,605,2,137,266002,0,10.223,36.766,1000,1,1,,,0
UMTS,605,1,10005,77733,0,10.223,36.766,1000,1,1,,,0
UMTS,605,1,10005,76232,0,10.228,36.766,1000,1,1,,,0
GSM,605,3,1154,12822,0,10.222,36.766,1000,1,1,,,0
UMTS,605,3,2164,825194,0,10.223,36.766,1000,1,1,,,0
GSM,605,3,1118,11323,0,10.223,36.766,1000,1,1,,,0
LTE,605,2,137,11618573,0,10.221,36.766,1000,1,1,,,0
LTE,605,2,137,11526679,0,10.218,36.767,2231,1,1,,,0
GSM,605,3,1118,11327,0,10.226,36.767,1000,1,1,,,0
GSM,605,1,10017,2402,0,10.225,36.767,15567,1,1,,,0
UMTS,605,2,137,265998,0,10.225,36.767,1000,1,1,,,0
UMTS,605,2,137,317143,0,10.217,36.767,1000,1,1,,,0
GSM,605,3,1154,11461,0,10.221,36.767,1000,1,1,,,0
GSM,605,3,1118,11329,0,10.222,36.767,1000,1,1,,,0
UMTS,605,1,10005,75851,0,10.222,36.767,2149,1,1,,,0
UMTS,605,3,2164,795194,0,10.22,36.767,1000,1,1,,,0
GSM,605,2,401,50513,0,10.223,36.768,2311,1,1,,,0
UMTS,605,2,137,312411,0,10.22,36.768,1000,1,1,,,0
UMTS,605,2,137,262406,0,10.217,36.768,1000,1,1,,,0
UMTS,605,2,137,316003,0,10.219,36.768,1000,1,1,,,0
GSM,605,3,1154,11721,0,10.222,36.768,1000,1,1,,,0
LTE,605,3,4154,3101955,0,10.222,36.768,2582,1,1,,,0
UMTS,605,1,10005,75848,0,10.219,36.769,1533,1,1,,,0
GSM,605,3,1154,11469,0,10.218,36.769,1000,1,1,,,0
GSM,605,3,104,12822,0,10.221,36.769,1000,1,1,,,0
UMTS,605,3,2154,169833,0,10.221,36.769,1000,1,1,,,0
UMTS,605,3,2154,656412,0,10.226,36.769,1000,1,1,,,0
UMTS,605,3,2154,139060,0,10.228,36.769,1000,1,1,,,0
GSM,605,3,1154,12828,0,10.22,36.769,1000,1,1,,,0
LTE,605,1,10005,273670,0,10.222,36.77,1000,1,1,,,0
UMTS,605,3,2154,139838,0,10.222,36.77,1000,1,1,,,0
UMTS,605,1,10005,68516,0,10.225,36.77,1000,1,1,,,0
UMTS,605,1,10005,77696,0,10.225,36.77,1000,1,1,,,0
UMTS,605,1,10005,77196,0,10.222,36.77,1000,1,1,,,0
UMTS,605,1,10005,75850,0,10.219,36.771,1000,1,1,,,0
UMTS,605,2,137,263109,0,10.222,36.771,1000,1,1,,,0
UMTS,605,3,2154,139839,0,10.218,36.771,1000,1,1,,,0
LTE,605,2,137,11544588,0,10.223,36.771,1000,1,1,,,0
UMTS,605,3,2154,133049,0,10.223,36.771,1000,1,1,,,0
LTE,605,3,4164,3115276,0,10.216,36.772,1176,1,1,,,0
UMTS,605,1,10005,75596,0,10.223,36.772,1000,1,1,,,0
UMTS,605,3,2154,139056,0,10.228,36.772,1000,1,1,,,0
UMTS,605,3,2154,139061,0,10.228,36.772,1000,1,1,,,0
LTE,605,3,4164,3085836,0,10.236,36.76,1000,1,1,,,0
GSM,605,3,1154,12818,0,10.235,36.76,1000,1,1,,,0
LTE,605,3,4164,3086347,0,10.235,36.76,1000,1,1,,,0
UMTS,605,1,10005,75634,0,10.234,36.76,1000,1,1,,,0
UMTS,605,2,137,265810,0,10.234,36.761,1000,1,1,,,0
UMTS,605,2,137,265807,0,10.234,36.761,1000,1,1,,,0
GSM,605,3,1154,11189,0,10.23,36.761,1000,1,1,,,0
UMTS,605,2,137,264238,0,10.232,36.761,1000,1,1,,,0
UMTS,605,3,2154,132884,0,10.232,36.761,1000,1,1,,,0
UMTS,605,3,2154,135063,0,10.233,36.761,1000,1,1,,,0
UMTS,605,3,2154,135068,0,10.234,36.761,1000,1,1,,,0
GSM,605,1,10005,10712,0,10.234,36.761,1000,1,1,,,0
GSM,605,3,1154,12049,0,10.234,36.761,1000,1,1,,,0
UMTS,605,2,137,262252,0,10.234,36.761,1000,1,1,,,0
GSM,605,2,411,52091,0,10.234,36.761,1000,1,1,,,0
GSM,605,3,1154,12812,0,10.234,36.761,1000,1,1,,,0
UMTS,605,1,10005,76837,0,10.234,36.761,1000,1,1,,,0
LTE,605,2,137,11613719,0,10.233,36.761,1000,1,1,,,0
LTE,605,2,137,11613709,0,10.233,36.761,1000,1,1,,,0
UMTS,605,3,2245,39468329,0,10.234,36.762,5346,1,1,,,0
UMTS,605,3,2154,132889,0,10.23,36.762,1000,1,1,,,0
UMTS,605,3,2154,140750,0,10.234,36.762,1000,1,1,,,0
UMTS,605,2,137,264057,0,10.237,36.762,1000,1,1,,,0
LTE,605,3,4164,3085835,0,10.23,36.762,1000,1,1,,,0
GSM,605,1,10005,10316,0,10.23,36.763,2489,1,1,,,0
UMTS,605,2,137,264235,0,10.233,36.763,1000,1,1,,,0
UMTS,605,3,2154,132903,0,10.232,36.764,1000,1,1,,,0
LTE,605,2,137,11611660,0,10.238,36.765,2121,1,1,,,0
UMTS,605,1,10005,76446,0,10.234,36.765,1000,1,1,,,0
UMTS,605,2,137,312251,0,10.234,36.765,1000,1,1,,,0
UMTS,605,3,2154,139059,0,10.236,36.765,1000,1,1,,,0
LTE,605,2,137,11586819,0,10.239,36.765,2615,1,1,,,0
GSM,605,2,411,53636,0,10.24,36.765,9553,1,1,,,0
UMTS,605,3,2154,132883,0,10.23,36.765,1000,1,1,,,0
UMTS,605,2,137,314241,0,10.232,36.766,1000,1,1,,,0
UMTS,605,1,10005,75778,0,10.236,36.766,1000,1,1,,,0
GSM,605,3,1154,11187,0,10.236,36.766,1000,1,1,,,0
UMTS,605,2,137,262656,0,10.237,36.766,1000,1,1,,,0
GSM,605,1,10005,10242,0,10.232,36.766,1000,1,1,,,0
UMTS,605,1,10005,75854,0,10.23,36.767,1000,1,1,,,0
UMTS,605,3,2154,140458,0,10.236,36.767,1000,1,1,,,0
UMTS,605,2,137,262658,0,10.238,36.767,1000,1,1,,,0
UMTS,605,1,10005,76842,0,10.231,36.768,1000,1,1,,,0
UMTS,605,1,10005,75781,0,10.238,36.768,1000,1,1,,,0
UMTS,605,3,2154,170454,0,10.234,36.768,1000,1,1,,,0
UMTS,605,3,2154,169053,0,10.234,36.768,1000,1,1,,,0
UMTS,605,3,2154,140453,0,10.236,36.768,1000,1,1,,,0
UMTS,605,3,2154,133059,0,10.239,36.768,1000,1,1,,,0
UMTS,605,2,137,264957,0,10.24,36.768,1000,1,1,,,0
LTE,605,2,137,11591949,0,10.24,36.768,1000,1,1,,,0
LTE,605,2,137,11533068,0,10.238,36.768,1000,1,1,,,0
UMTS,605,2,137,264960,0,10.24,36.768,1000,1,1,,,0
GSM,605,2,411,50512,0,10.238,36.768,1000,1,1,,,0
GSM,605,1,10005,11301,0,10.235,36.768,1000,1,1,,,0
GSM,605,2,401,50512,0,10.237,36.769,1000,1,1,,,0
UMTS,605,2,137,262655,0,10.239,36.769,1000,1,1,,,0
UMTS,605,1,10005,76528,0,10.228,36.769,1000,1,1,,,0
LTE,605,3,4154,3118348,0,10.235,36.769,1000,1,1,,,0
GSM,605,2,401,52813,0,10.239,36.769,1000,1,1,,,0
LTE,605,2,137,11533059,0,10.23,36.769,1000,1,1,,,0
LTE,605,3,4154,3101964,0,10.232,36.769,1000,1,1,,,0
UMTS,605,3,2154,169054,0,10.232,36.769,1000,1,1,,,0
LTE,605,3,4164,3118348,0,10.232,36.769,1000,1,1,,,0
LTE,605,3,4154,3085324,0,10.233,36.769,1000,1,1,,,0
UMTS,605,2,137,312663,0,10.234,36.769,1000,1,1,,,0
UMTS,605,3,2154,140454,0,10.236,36.769,1000,1,1,,,0
UMTS,605,3,2154,133054,0,10.237,36.769,1000,1,1,,,0
LTE,605,2,137,11533069,0,10.23,36.769,1289,1,1,,,0
UMTS,605,2,137,262657,0,10.233,36.77,1000,1,1,,,0
UMTS,605,3,2154,139053,0,10.231,36.77,1000,1,1,,,0
UMTS,605,3,2154,139058,0,10.23,36.771,1000,1,1,,,0
LTE,605,3,4154,3101956,0,10.232,36.771,1000,1,1,,,0
LTE,605,3,4154,3118339,0,10.233,36.771,1000,1,1,,,0
LTE,605,3,4154,3101963,0,10.232,36.771,1000,1,1,,,0
UMTS,605,1,10005,75782,0,10.235,36.771,1000,1,1,,,0
GSM,605,1,10005,10054,0,10.23,36.772,1000,1,1,,,0
UMTS,605,3,2164,794416,0,10.23,36.772,1000,1,1,,,0
UMTS,605,3,2164,794421,0,10.23,36.772,1000,1,1,,,0
GSM,605,1,10005,10052,0,10.23,36.772,1000,1,1,,,0
UMTS,605,1,10005,76068,0,10.232,36.772,1000,1,1,,,0
UMTS,605,1,10005,75588,0,10.228,36.772,1000,1,1,,,0
UMTS,605,1,10005,86836,0,10.228,36.772,1340,1,1,,,0
GSM,605,1,10005,10425,0,10.246,36.76,1000,1,1,,,0
UMTS,605,1,10005,75964,0,10.248,36.76,1000,1,1,,,0
UMTS,605,3,2154,140745,0,10.25,36.76,1135,1,1,,,0
LTE,605,2,137,11630849,0,10.249,36.76,1000,1,1,,,0
LTE,605,2,137,11584781,0,10.249,36.76,1000,1,1,,,0
GSM,605,3,1118,12127,0,10.25,36.76,1000,1,1,,,0
UMTS,605,2,137,265726,0,10.243,36.761,1000,1,1,,,0
UMTS,605,1,10005,75958,0,10.247,36.761,1000,1,1,,,0
GSM,605,3,1118,12647,0,10.25,36.761,1000,1,1,,,0
GSM,605,3,1118,12121,0,10.25,36.761,1000,1,1,,,0
GSM,605,3,1154,12469,0,10.25,36.761,1000,1,1,,,0
UMTS,605,3,2154,132583,0,10.25,36.761,1000,1,1,,,0
UMTS,605,2,137,314063,0,10.25,36.761,1000,1,1,,,0
UMTS,605,3,2164,787948,0,10.25,36.761,1000,1,1,,,0
GSM,605,3,1118,12128,0,10.25,36.762,1000,1,1,,,0
UMTS,605,3,2154,162583,0,10.25,36.762,1000,1,1,,,0
UMTS,605,1,10005,75961,0,10.242,36.762,1000,1,1,,,0
UMTS,605,2,137,315731,0,10.248,36.762,1000,1,1,,,0
GSM,605,3,108,12121,0,10.251,36.762,1000,1,1,,,0
UMTS,605,3,2154,12127,0,10.251,36.762,1000,1,1,,,0
LTE,605,2,137,11573515,0,10.241,36.763,1000,1,1,,,0
LTE,605,2,137,11611650,0,10.246,36.763,1000,1,1,,,0
LTE,605,2,137,11630859,0,10.25,36.763,4418,1,1,,,0
UMTS,605,2,137,265729,0,10.246,36.763,1000,1,1,,,0
UMTS,605,1,10005,77766,0,10.25,36.764,1000,1,1,,,0
UMTS,605,2,137,11591948,0,10.245,36.765,1000,1,1,,,0
UMTS,605,2,137,264956,0,10.251,36.766,1000,1,1,,,0
LTE,605,2,137,11591938,0,10.245,36.766,1000,1,1,,,0
LTE,605,2,137,11591948,0,10.249,36.766,2022,1,1,,,0
UMTS,605,2,137,265731,0,10.243,36.766,1000,1,1,,,0
GSM,605,2,401,53581,0,10.247,36.767,1000,1,1,,,0
GSM,605,2,401,52812,0,10.248,36.767,1000,1,1,,,0
UMTS,605,2,137,264757,0,10.251,36.767,1028,1,1,,,0
UMTS,605,1,10005,76246,0,10.252,36.767,1000,1,1,,,0
UMTS,605,2,137,265725,0,10.243,36.767,1000,1,1,,,0
LTE,605,2,137,11611649,0,10.246,36.768,1080,1,1,,,0
UMTS,605,1,10005,75777,0,10.242,36.768,1000,1,1,,,0
UMTS,605,2,137,262662,0,10.241,36.768,1000,1,1,,,0
UMTS,605,3,2154,170745,0,10.243,36.768,1000,1,1,,,0
GSM,605,3,1118,11579,0,10.243,36.768,1000,1,1,,,0
UMTS,605,1,10005,75963,0,10.244,36.768,1000,1,1,,,0
UMTS,605,2,137,265728,0,10.242,36.768,1000,1,1,,,0
LTE,605,2,137,11611659,0,10.247,36.768,2425,1,1,,,0
UMTS,605,2,137,264959,0,10.243,36.769,1000,1,1,,,0
UMTS,605,3,2154,170743,0,10.252,36.769,1000,1,1,,,0
GSM,605,3,1118,11573,0,10.245,36.769,1000,1,1,,,0
LTE,605,2,137,11591937,0,10.245,36.77,1000,1,1,,,0
GSM,605,2,411,53581,0,10.242,36.77,1000,1,1,,,0
UMTS,605,1,10005,76969,0,10.243,36.771,1000,1,1,,,0
UMTS,605,3,2154,133215,0,10.244,36.771,1000,1,1,,,0
UMTS,605,3,2154,133220,0,10.251,36.771,1000,1,1,,,0
GSM,605,3,1108,11109,0,10.25,36.771,3658,1,1,,,0
GSM,605,2,401,50511,0,10.244,36.771,2228,1,1,,,0
UMTS,605,2,137,264958,0,10.244,36.771,1000,1,1,,,0
UMTS,605,1,10005,75780,0,10.243,36.772,1000,1,1,,,0
UMTS,605,1,10005,87256,0,10.243,36.772,1000,1,1,,,0
UMTS,605,3,2154,163215,0,10.251,36.772,1000,1,1,,,0
UMTS,605,1,10005,86996,0,10.257,36.762,1000,1,1,,,0
GSM,605,2,411,50626,0,10.258,36.762,1000,1,1,,,0
GSM,605,3,1108,12654,0,10.258,36.762,1000,1,1,,,0
UMTS,605,1,10005,76367,0,10.264,36.762,1000,1,1,,,0
GSM,605,2,411,51914,0,10.252,36.763,1000,1,1,,,0
UMTS,605,1,10005,76329,0,10.253,36.763,1000,1,1,,,0
GSM,605,1,10005,10793,0,10.252,36.763,1185,1,1,,,0
UMTS,605,1,10005,76332,0,10.255,36.763,1000,1,1,,,0
UMTS,605,1,10005,141488,0,10.254,36.764,1000,1,1,,,0
LTE,605,2,137,11586839,0,10.253,36.764,1000,1,1,,,0
UMTS,605,1,10005,76971,0,10.256,36.764,1000,1,1,,,0
UMTS,605,1,10005,76968,0,10.256,36.764,1000,1,1,,,0
GSM,605,2,137,1911,0,10.254,36.764,1000,1,1,,,0
GSM,605,1,10005,10413,0,10.254,36.765,1000,1,1,,,0
UMTS,605,2,1000,75210,0,10.256,36.765,1000,1,1,,,0
LTE,605,1,10005,277250,0,10.258,36.765,1000,1,1,,,0
UMTS,605,2,137,312773,0,10.263,36.765,1000,1,1,,,0
GSM,605,2,411,55223,0,10.256,36.766,1000,1,1,,,0
LTE,605,1,10005,266499,0,10.258,36.766,1000,1,1,,,0
GSM,605,2,411,52613,0,10.257,36.766,1000,1,1,,,0
GSM,605,3,108,11023,0,10.258,36.766,1000,1,1,,,0
UMTS,605,2,137,314962,0,10.258,36.766,1000,1,1,,,0
UMTS,605,1,10005,87326,0,10.256,36.767,1000,1,1,,,0
LTE,605,2,137,11586829,0,10.253,36.767,1018,1,1,,,0
LTE,605,3,4154,3118859,0,10.264,36.767,1000,1,1,,,0
UMTS,605,2,137,264760,0,10.258,36.768,1353,1,1,,,0
UMTS,605,1,10005,76201,0,10.264,36.768,1000,1,1,,,0
UMTS,605,3,2154,135015,0,10.261,36.768,1000,1,1,,,0
UMTS,605,3,2164,832483,0,10.259,36.768,1000,1,1,,,0
GSM,605,2,411,50623,0,10.264,36.768,1000,1,1,,,0
GSM,605,1,10005,10791,0,10.264,36.769,1000,1,1,,,0
GSM,605,3,1108,12659,0,10.255,36.769,2472,1,1,,,0
UMTS,605,3,2154,135020,0,10.261,36.769,1000,1,1,,,0
GSM,605,3,108,12009,0,10.262,36.769,1000,1,1,,,0
GSM,605,2,137,626,0,10.264,36.77,1000,1,1,,,0
UMTS,605,1,10005,76196,0,10.253,36.77,1000,1,1,,,0
GSM,605,2,137,50638,0,10.258,36.77,3070,1,1,,,0
UMTS,605,3,2154,165015,0,10.253,36.771,1000,1,1,,,0
UMTS,605,1,10005,77086,0,10.256,36.772,1346,1,1,,,0
LTE,605,2,137,11591947,0,10.253,36.772,1823,1,1,,,0
UMTS,605,1,10005,77770,0,10.261,36.772,1000,1,1,,,0
LTE,605,2,137,11659798,0,10.275,36.76,1000,1,1,,,0
UMTS,605,2,137,317611,0,10.276,36.76,1000,1,1,,,0
GSM,605,3,1108,11627,0,10.276,36.76,1000,1,1,,,0
LTE,605,3,4154,3119116,0,10.272,36.761,1000,1,1,,,0
UMTS,605,3,2154,132875,0,10.274,36.761,1000,1,1,,,0
UMTS,605,3,2154,141123,0,10.274,36.761,1000,1,1,,,0
GSM,605,1,10021,10465,0,10.274,36.761,1000,1,1,,,0
UMTS,605,3,2154,163075,0,10.274,36.761,1000,1,1,,,0
UMTS,605,3,2154,163079,0,10.274,36.761,1000,1,1,,,0
GSM,605,1,10021,10462,0,10.274,36.761,1000,1,1,,,0
UMTS,605,1,10005,76004,0,10.274,36.761,1000,1,1,,,0
GSM,605,2,411,55702,0,10.274,36.761,1000,1,1,,,0
GSM,605,1,10021,10963,0,10.274,36.761,1000,1,1,,,0
UMTS,605,1,10005,76502,0,10.274,36.761,1000,1,1,,,0
UMTS,605,2,137,314323,0,10.276,36.761,1000,1,1,,,0
UMTS,605,2,137,264320,0,10.275,36.761,1000,1,1,,,0
GSM,605,1,10021,10684,0,10.274,36.762,1000,1,1,,,0
UMTS,605,1,10005,77886,0,10.275,36.762,1000,1,1,,,0
UMTS,605,2,137,267608,0,10.276,36.762,1000,1,1,,,0
UMTS,605,1,10021,141485,0,10.267,36.762,1000,1,1,,,0
LTE,605,3,4154,3119117,0,10.269,36.762,1000,1,1,,,0
GSM,605,3,1108,11528,0,10.272,36.762,1000,1,1,,,0
UMTS,605,1,10021,143112,0,10.274,36.762,1000,1,1,,,0
UMTS,605,1,10021,141487,0,10.274,36.762,1000,1,1,,,0
UMTS,605,1,10005,77891,0,10.274,36.762,1000,1,1,,,0
UMTS,605,3,2154,170354,0,10.274,36.762,1000,1,1,,,0
GSM,605,2,411,55701,0,10.274,36.762,1000,1,1,,,0
UMTS,605,1,10005,76216,0,10.274,36.762,1000,1,1,,,0
GSM,605,2,401,52173,0,10.274,36.762,1000,1,1,,,0
UMTS,605,1,10005,75999,0,10.276,36.762,1000,1,1,,,0
UMTS,605,2,137,267606,0,10.273,36.762,1000,1,1,,,0
UMTS,605,3,2164,788235,0,10.275,36.763,1000,1,1,,,0
LTE,605,3,4164,3083010,0,10.275,36.763,1000,1,1,,,0
UMTS,605,3,2164,796245,0,10.275,36.763,1000,1,1,,,0
GSM,605,1,10021,10463,0,10.273,36.763,1000,1,1,,,0
UMTS,605,2,137,267612,0,10.274,36.763,1000,1,1,,,0
LTE,605,1,10005,266501,0,10.274,36.763,1000,1,1,,,0
LTE,605,2,137,11575565,0,10.275,36.763,1000,1,1,,,0
UMTS,605,3,2154,133000,0,10.266,36.764,1000,1,1,,,0
UMTS,605,1,10005,77888,0,10.274,36.764,1000,1,1,,,0
UMTS,605,1,10005,76217,0,10.274,36.764,1000,1,1,,,0
LTE,605,1,10005,266498,0,10.274,36.765,1000,1,1,,,0
GSM,605,3,1108,11233,0,10.267,36.765,1000,1,1,,,0
UMTS,605,1,10005,75947,0,10.273,36.765,1000,1,1,,,0
LTE,605,1,10005,266500,0,10.273,36.765,1000,1,1,,,0
UMTS,605,1,10021,141483,0,10.274,36.765,1000,1,1,,,0
LTE,605,1,10005,273409,0,10.274,36.765,1000,1,1,,,0
GSM,605,1,10005,10663,0,10.266,36.765,1000,1,1,,,0
GSM,605,2,411,54141,0,10.267,36.765,2394,1,1,,,0
LTE,605,2,137,11535884,0,10.271,36.765,3244,1,1,,,0
GSM,605,1,10005,10832,0,10.27,36.766,1000,1,1,,,0
UMTS,605,2,137,262770,0,10.267,36.766,1014,1,1,,,0
GSM,605,3,1108,11527,0,10.273,36.766,1000,1,1,,,0
UMTS,605,3,2154,162995,0,10.274,36.766,1000,1,1,,,0
GSM,605,3,1108,11599,0,10.276,36.766,1000,1,1,,,0
GSM,605,3,108,12003,0,10.27,36.766,1000,1,1,,,0
GSM,605,3,1108,11593,0,10.276,36.766,1000,1,1,,,0
UMTS,605,2,137,267609,0,10.272,36.766,1000,1,1,,,0
GSM,605,3,108,12402,0,10.27,36.766,1000,1,1,,,0
GSM,605,3,108,12002,0,10.27,36.766,1000,1,1,,,0
UMTS,605,1,10005,76374,0,10.273,36.766,1000,1,1,,,0
UMTS,605,1,10005,75953,0,10.273,36.766,1000,1,1,,,0
GSM,605,1,10005,10385,0,10.273,36.766,1000,1,1,,,0
GSM,605,1,10021,10414,0,10.273,36.766,1000,1,1,,,0
GSM,605,3,1108,12801,0,10.273,36.766,1000,1,1,,,0
GSM,605,3,1108,11232,0,10.273,36.766,1000,1,1,,,0
GSM,605,3,1108,12653,0,10.273,36.766,1000,1,1,,,0
GSM,605,3,1108,12408,0,10.273,36.766,1000,1,1,,,0
UMTS,605,2,137,262202,0,10.273,36.766,1000,1,1,,,0
GSM,605,3,1108,11597,0,10.273,36.766,1000,1,1,,,0
GSM,605,2,401,55461,0,10.273,36.766,1000,1,1,,,0
UMTS,605,2,137,262203,0,10.273,36.766,1000,1,1,,,0
UMTS,605,2,137,267853,0,10.273,36.766,1000,1,1,,,0
GSM,605,2,401,50052,0,10.273,36.766,1000,1,1,,,0
UMTS,605,2,137,262196,0,10.273,36.766,1000,1,1,,,0
UMTS,605,3,2154,132855,0,10.269,36.767,1000,1,1,,,0
UMTS,605,2,137,262773,0,10.266,36.767,1000,1,1,,,0
UMTS,605,2,137,312203,0,10.27,36.767,1000,1,1,,,0
LTE,605,3,4154,3085068,0,10.272,36.767,1000,1,1,,,0
LTE,605,1,10005,272898,0,10.27,36.767,1000,1,1,,,0
UMTS,605,3,2154,132860,0,10.269,36.768,1000,1,1,,,0
LTE,605,3,4154,3085069,0,10.27,36.768,1000,1,1,,,0
GSM,605,3,1108,12652,0,10.265,36.768,1000,1,1,,,0
GSM,605,3,1108,12791,0,10.265,36.768,1000,1,1,,,0
UMTS,605,1,10001,75855,0,10.269,36.768,1000,1,1,,,0
UMTS,605,1,10005,76204,0,10.27,36.768,1000,1,1,,,0
GSM,605,3,1108,12339,0,10.27,36.768,1000,1,1,,,0
GSM,605,3,1108,12002,0,10.27,36.768,1000,1,1,,,0
LTE,605,2,137,11535875,0,10.267,36.768,1000,1,1,,,0
UMTS,605,2,137,262766,0,10.274,36.768,1000,1,1,,,0
LTE,605,2,137,11535885,0,10.269,36.768,1000,1,1,,,0
UMTS,605,2,137,262769,0,10.276,36.768,1000,1,1,,,0
GSM,605,1,10005,10665,0,10.269,36.768,1000,1,1,,,0
LTE,605,1,10005,272901,0,10.272,36.768,1000,1,1,,,0
GSM,605,2,1108,12797,0,10.267,36.768,1000,1,1,,,0
GSM,605,3,108,12248,0,10.271,36.768,2577,1,1,,,0
UMTS,605,2,137,262767,0,10.267,36.768,1000,1,1,,,0
UMTS,605,1,10005,76806,0,10.276,36.768,1000,1,1,,,0
UMTS,605,1,4164,3085067,0,10.273,36.768,1000,1,1,,,0
GSM,605,3,108,12033,0,10.267,36.768,608,1,1,,,0
UMTS,605,1,10005,76198,0,10.27,36.768,1000,1,1,,,0
UMTS,605,1,4164,3085069,0,10.273,36.769,1000,1,1,,,0
UMTS,605,1,10005,119749,0,10.269,36.769,1000,1,1,,,0
UMTS,605,3,2154,165014,0,10.272,36.769,1000,1,1,,,0
GSM,605,1,10005,10662,0,10.274,36.769,1000,1,1,,,0
GSM,605,3,1494,12009,0,10.268,36.769,1000,1,1,,,0
GSM,605,3,1493,29221,0,10.268,36.77,1000,1,1,,,0
GSM,605,2,137,623,0,10.265,36.77,1000,1,1,,,0
GSM,605,3,1494,11233,0,10.268,36.77,1000,1,1,,,0
GSM,605,3,1494,11239,0,10.268,36.77,500,1,1,,,0
GSM,605,3,108,12242,0,10.271,36.77,2947,1,1,,,0
UMTS,605,1,10005,75957,0,10.265,36.771,1000,1,1,,,0
UMTS,605,2,137,317373,0,10.266,36.771,1000,1,1,,,0
GSM,605,3,1118,11577,0,10.266,36.771,1000,1,1,,,0
UMTS,605,1,10005,76970,0,10.266,36.771,1000,1,1,,,0
UMTS,605,3,2164,790380,0,10.266,36.771,1000,1,1,,,0
UMTS,605,1,10005,76967,0,10.267,36.771,1000,1,1,,,0
UMTS,605,1,10005,76226,0,10.273,36.771,1000,1,1,,,0
GSM,605,2,401,50621,0,10.273,36.771,1000,1,1,,,0
UMTS,605,3,2164,790378,0,10.273,36.771,1000,1,1,,,0
UMTS,605,3,2154,135014,0,10.276,36.771,1000,1,1,,,0
GSM,605,1,10005,10666,0,10.266,36.771,1000,1,1,,,0
UMTS,605,3,2164,818493,0,10.275,36.771,1262,1,1,,,0
UMTS,605,1,10005,76330,0,10.267,36.771,1000,1,1,,,0
GSM,605,2,411,52611,0,10.268,36.771,1589,1,1,,,0
GSM,605,1,10005,10382,0,10.274,36.771,1000,1,1,,,0
UMTS,605,2,137,262197,0,10.274,36.771,1000,1,1,,,0
LTE,605,3,4154,3085067,0,10.274,36.771,1000,1,1,,,0
UMTS,605,1,10005,75988,0,10.267,36.772,1000,1,1,,,0
GSM,605,2,137,5225,0,10.266,36.772,1644,1,1,,,0
UMTS,605,1,10005,75918,0,10.265,36.772,1000,1,1,,,0
UMTS,605,1,10005,87476,0,10.269,36.772,1000,1,1,,,0
UMTS,605,3,2154,135013,0,10.273,36.772,1000,1,1,,,0
UMTS,605,3,2154,132853,0,10.276,36.772,1000,1,1,,,0
LTE,605,3,4154,3104524,0,10.276,36.772,1000,1,1,,,0
LTE,605,2,137,11665932,0,10.287,36.761,1000,1,1,,,0
LTE,605,2,137,11665942,0,10.287,36.761,1000,1,1,,,0
UMTS,605,2,137,264317,0,10.277,36.761,1000,1,1,,,0
UMTS,605,2,137,267605,0,10.277,36.761,1000,1,1,,,0
LTE,605,2,137,11659788,0,10.278,36.761,1090,1,1,,,0
UMTS,605,1,10021,141540,0,10.281,36.762,1000,1,1,,,0
UMTS,605,3,2154,163080,0,10.283,36.762,1000,1,1,,,0
UMTS,605,1,10013,141752,0,10.284,36.762,1000,1,1,,,0
UMTS,605,2,220,263330,0,10.286,36.763,1392,1,1,,,0
UMTS,605,2,137,267850,0,10.284,36.764,1000,1,1,,,0
LTE,605,2,137,11665933,0,10.28,36.764,1000,1,1,,,0
LTE,605,2,137,11659777,0,10.277,36.764,1000,1,1,,,0
UMTS,605,2,137,264318,0,10.279,36.764,1217,1,1,,,0
UMTS,605,2,137,264315,0,10.28,36.764,1000,1,1,,,0
UMTS,605,3,2154,132873,0,10.278,36.765,1000,1,1,,,0
UMTS,605,1,10005,76002,0,10.278,36.765,1000,1,1,,,0
UMTS,605,1,10005,77576,0,10.278,36.765,1000,1,1,,,0
LTE,605,2,137,11659787,0,10.278,36.766,1000,1,1,,,0
UMTS,605,1,10005,77697,0,10.278,36.766,1062,1,1,,,0
LTE,605,2,137,11575553,0,10.281,36.767,1000,1,1,,,0
UMTS,605,3,2154,140883,0,10.277,36.768,1000,1,1,,,0
UMTS,605,3,2154,132854,0,10.281,36.768,1000,1,1,,,0
UMTS,605,3,2154,133073,0,10.283,36.768,1000,1,1,,,0
LTE,605,2,137,11575563,0,10.282,36.768,1000,1,1,,,0
LTE,605,2,137,11521292,0,10.277,36.768,1000,1,1,,,0
GSM,605,2,411,55703,0,10.283,36.769,1000,1,1,,,0
UMTS,605,3,2154,162774,0,10.283,36.769,1000,1,1,,,0
UMTS,605,2,137,1299332,0,10.284,36.77,1000,1,1,,,0
UMTS,605,3,2154,133065,0,10.278,36.771,1000,1,1,,,0
UMTS,605,2,137,312202,0,10.281,36.771,1000,1,1,,,0
LTE,605,2,137,11521281,0,10.279,36.771,1000,1,1,,,0
UMTS,605,3,2154,132774,0,10.284,36.772,1000,1,1,,,0
UMTS,605,2,137,266286,0,10.285,36.772,1000,1,1,,,0
GSM,605,2,411,54411,0,10.294,36.772,2504,1,1,,,0
UMTS,605,3,2154,132845,0,10.304,36.761,1000,1,1,,,0
LTE,605,2,220,11531021,0,10.307,36.763,4002,1,1,,,0
GSM,605,1,10004,465,0,10.323,36.77,5897,1,1,,,0
UMTS,605,1,10013,141559,0,10.32,36.771,1000,1,1,,,0
GSM,605,1,10002,1282,0,10.329,36.762,6722,1,1,,,0
GSM,605,1,10011,1732,0,10.121,36.778,2246,1,1,,,0
UMTS,605,3,2156,226939,0,10.126,36.779,3685,1,1,,,0
GSM,605,3,1156,17228,0,10.12,36.782,1318,1,1,,,0
UMTS,605,2,1020,858096,0,10.12,36.783,1000,1,1,,,0
GSM,605,3,1156,18327,0,10.12,36.783,1729,1,1,,,0
LTE,605,2,1020,11604491,0,10.121,36.784,1000,1,1,,,0
UMTS,605,1,10011,7275628,0,10.12,36.784,1000,1,1,,,0
GSM,605,3,1156,17222,0,10.122,36.784,1000,1,1,,,0
GSM,605,3,1119,16029,0,10.122,36.784,1000,1,1,,,0
GSM,605,3,1224,12849,0,10.143,36.781,3548,1,1,,,0
UMTS,605,1,10011,7276693,0,10.135,36.783,2024,1,1,,,0
GSM,605,3,1224,12187,0,10.146,36.778,8351,1,1,,,0
GSM,605,1,10011,2216,0,10.15,36.78,3615,1,1,,,0
LTE,605,1,10011,25102,0,10.148,36.781,3197,1,1,,,0
UMTS,605,3,2164,823930,0,10.149,36.782,4203,1,1,,,0
UMTS,605,1,10017,7275136,0,10.152,36.783,1000,1,1,,,0
LTE,605,1,10011,10753,0,10.167,36.776,1000,1,1,,,0
UMTS,605,2,137,313933,0,10.167,36.777,1000,1,1,,,0
UMTS,605,2,1020,263927,0,10.167,36.777,1000,1,1,,,0
GSM,605,2,401,50026,0,10.168,36.777,1416,1,1,,,0
UMTS,605,3,2100,656397,0,10.166,36.779,1000,1,1,,,0
GSM,605,3,125,17187,0,10.167,36.779,1000,1,1,,,0
UMTS,605,3,2154,162104,0,10.167,36.779,1000,1,1,,,0
UMTS,605,1,10001,7279127,0,10.167,36.779,1000,1,1,,,0
UMTS,605,3,2164,792419,0,10.166,36.779,1000,1,1,,,0
GSM,605,3,125,17182,0,10.166,36.78,1000,1,1,,,0
LTE,605,3,4100,3864588,0,10.165,36.781,2838,1,1,,,0
GSM,605,3,109,17473,0,10.164,36.782,1000,1,1,,,0
UMTS,605,3,2157,662701,0,10.164,36.782,1000,1,1,,,0
UMTS,605,3,2100,527834,0,10.164,36.782,1000,1,1,,,0
UMTS,605,3,2154,132104,0,10.166,36.782,1000,1,1,,,0
GSM,605,3,1119,15573,0,10.163,36.782,3369,1,1,,,0
LTE,605,1,10001,33797,0,10.16,36.783,1000,1,1,,,0
LTE,605,1,10011,23556,0,10.161,36.783,1000,1,1,,,0
UMTS,605,3,2164,819879,0,10.176,36.772,1000,1,1,,,0
LTE,605,3,4100,3865356,0,10.169,36.772,1000,1,1,,,0
LTE,605,3,4100,3881996,0,10.17,36.772,1000,1,1,,,0
UMTS,605,3,2164,788699,0,10.18,36.773,1000,1,1,,,0
LTE,605,3,4100,3859211,0,10.172,36.773,2937,1,1,,,0
LTE,605,1,10001,44550,0,10.169,36.773,1000,1,1,,,0
UMTS,605,3,2154,164514,0,10.173,36.773,1000,1,1,,,0
GSM,605,3,125,17171,0,10.169,36.773,1000,1,1,,,0
UMTS,605,2,137,263927,0,10.169,36.773,1000,1,1,,,0
UMTS,605,1,10001,66331,0,10.17,36.773,1000,1,1,,,0
UMTS,605,3,2154,132108,0,10.171,36.773,1000,1,1,,,0
UMTS,605,3,2154,134519,0,10.175,36.773,1000,1,1,,,0
UMTS,605,3,2154,163335,0,10.177,36.773,1000,1,1,,,0
UMTS,605,3,2154,133354,0,10.178,36.773,1000,1,1,,,0
UMTS,605,3,2164,788694,0,10.18,36.773,1000,1,1,,,0
UMTS,605,3,2164,788695,0,10.18,36.773,1000,1,1,,,0
UMTS,605,3,2164,818694,0,10.18,36.773,1000,1,1,,,0
GSM,605,2,401,51782,0,10.179,36.775,1000,1,1,,,0
GSM,605,1,10001,44549,0,10.18,36.775,1000,1,1,,,0
GSM,605,3,125,17172,0,10.169,36.775,1000,1,1,,,0
GSM,605,2,401,50023,0,10.169,36.775,1000,1,1,,,0
UMTS,605,3,2154,132103,0,10.169,36.775,1000,1,1,,,0
GSM,605,3,1125,17177,0,10.17,36.775,1000,1,1,,,0
UMTS,605,1,10001,67279,0,10.177,36.775,1000,1,1,,,0
UMTS,605,3,2154,134514,0,10.177,36.775,1000,1,1,,,0
UMTS,605,3,2154,133333,0,10.178,36.775,1000,1,1,,,0
UMTS,605,3,2154,133338,0,10.178,36.775,1000,1,1,,,0
GSM,605,3,1154,12958,0,10.18,36.775,1000,1,1,,,0
UMTS,605,3,2245,39498693,0,10.18,36.775,1000,1,1,,,0
UMTS,605,1,22204,149932,0,10.18,36.775,1000,1,1,,,0
UMTS,605,1,22204,150946,0,10.18,36.775,1000,1,1,,,0
UMTS,605,1,22204,150943,0,10.18,36.775,1000,1,1,,,0
UMTS,605,1,22204,149466,0,10.18,36.775,1000,1,1,,,0
UMTS,605,1,22204,149463,0,10.18,36.775,1000,1,1,,,0
UMTS,605,1,22204,149448,0,10.18,36.775,1000,1,1,,,0
UMTS,605,3,2245,39468324,0,10.18,36.775,1000,1,1,,,0
GSM,605,3,1245,24849,0,10.18,36.775,1000,1,1,,,0
LTE,605,3,4154,3865867,0,10.169,36.776,1000,1,1,,,0
UMTS,605,3,2154,162103,0,10.169,36.776,1000,1,1,,,0
UMTS,605,3,2164,818698,0,10.178,36.776,1000,1,1,,,0
UMTS,605,2,137,1246970,0,10.173,36.777,1000,1,1,,,0
UMTS,605,3,2164,788693,0,10.178,36.777,1000,1,1,,,0
UMTS,605,1,10001,67277,0,10.178,36.777,1000,1,1,,,0
GSM,605,2,401,51786,0,10.168,36.777,1000,1,1,,,0
UMTS,605,1,10001,66328,0,10.169,36.777,1000,1,1,,,0
UMTS,605,3,2100,656396,0,10.169,36.777,1000,1,1,,,0
UMTS,605,3,2100,656391,0,10.17,36.777,1000,1,1,,,0
UMTS,605,2,137,852380,0,10.177,36.777,1000,1,1,,,0
GSM,605,3,1125,10212,0,10.177,36.778,1000,1,1,,,0
GSM,605,2,401,52682,0,10.177,36.778,1000,1,1,,,0
UMTS,605,1,10001,67283,0,10.176,36.779,1000,1,1,,,0
UMTS,605,1,10001,67280,0,10.177,36.779,1000,1,1,,,0
UMTS,605,3,2154,163354,0,10.177,36.779,1000,1,1,,,0
GSM,605,2,401,55833,0,10.177,36.779,1000,1,1,,,0
UMTS,605,2,137,262172,0,10.169,36.78,2815,1,1,,,0
UMTS,605,3,2164,822419,0,10.179,36.78,1000,1,1,,,0
UMTS,605,3,2154,134518,0,10.175,36.78,1000,1,1,,,0
UMTS,605,3,2154,134513,0,10.175,36.78,1000,1,1,,,0
UMTS,605,2,1020,852380,0,10.175,36.78,1000,1,1,,,0
UMTS,605,2,137,263929,0,10.18,36.78,1000,1,1,,,0
UMTS,605,1,10001,7865114,0,10.178,36.78,1000,1,1,,,0
UMTS,605,1,10001,7867455,0,10.178,36.781,1000,1,1,,,0
UMTS,605,3,2164,819873,0,10.175,36.781,1000,1,1,,,0
UMTS,605,1,10001,7867452,0,10.176,36.781,1000,1,1,,,0
UMTS,605,3,2164,799783,0,10.175,36.781,1000,1,1,,,0
UMTS,605,1,10001,68671,0,10.177,36.781,1000,1,1,,,0
UMTS,605,1,10001,68674,0,10.176,36.781,1000,1,1,,,0
UMTS,605,1,10001,69216,0,10.18,36.782,1000,1,1,,,0
GSM,605,3,1154,10218,0,10.18,36.782,1000,1,1,,,0
UMTS,605,3,2154,527829,0,10.175,36.782,1000,1,1,,,0
UMTS,605,1,10001,7867451,0,10.178,36.782,1000,1,1,,,0
GSM,605,1,10001,794,0,10.18,36.783,1000,1,1,,,0
UMTS,605,1,10001,7867454,0,10.179,36.783,1000,1,1,,,0
GSM,605,1,10001,2253,0,10.173,36.783,1000,1,1,,,0
UMTS,605,3,2157,137060,0,10.173,36.783,1000,1,1,,,0
UMTS,605,3,2157,557081,0,10.173,36.783,1000,1,1,,,0
UMTS,605,3,2157,656412,0,10.174,36.783,1000,1,1,,,0
UMTS,605,3,2154,137060,0,10.174,36.783,1000,1,1,,,0
UMTS,605,3,2164,792420,0,10.174,36.783,1000,1,1,,,0
UMTS,605,3,2164,822415,0,10.174,36.783,1000,1,1,,,0
UMTS,605,3,2164,792415,0,10.174,36.783,1000,1,1,,,0
UMTS,605,1,10001,66332,0,10.175,36.783,1000,1,1,,,0
UMTS,605,1,10001,66329,0,10.175,36.783,1000,1,1,,,0
UMTS,605,2,136,197023,0,10.177,36.783,1000,1,1,,,0
UMTS,605,3,2164,792414,0,10.177,36.783,1000,1,1,,,0
GSM,605,2,418,50412,0,10.178,36.783,1000,1,1,,,0
UMTS,605,2,136,197020,0,10.178,36.783,1000,1,1,,,0
UMTS,605,2,136,247026,0,10.178,36.783,1000,1,1,,,0
UMTS,605,2,137,197020,0,10.178,36.783,1000,1,1,,,0
UMTS,605,1,10001,68673,0,10.179,36.784,1000,1,1,,,0
UMTS,605,3,2157,557834,0,10.173,36.784,1000,1,1,,,0
GSM,605,1,10001,2252,0,10.177,36.784,1000,1,1,,,0
UMTS,605,2,137,266279,0,10.179,36.784,1000,1,1,,,0
UMTS,605,3,2154,137058,0,10.18,36.784,1000,1,1,,,0
UMTS,605,3,2164,822420,0,10.174,36.784,1000,1,1,,,0
UMTS,605,1,10001,68670,0,10.178,36.784,1000,1,1,,,0
UMTS,605,2,1020,853400,0,10.169,36.784,1000,1,1,,,0
UMTS,605,1,10001,7867457,0,10.178,36.784,1000,1,1,,,0
GSM,605,3,1154,12957,0,10.17,36.784,1935,1,1,,,0
UMTS,605,1,10001,66366,0,10.183,36.772,1000,1,1,,,0
UMTS,605,1,10001,65901,0,10.184,36.772,1000,1,1,,,0
UMTS,605,3,2154,163334,0,10.181,36.773,1000,1,1,,,0
UMTS,605,3,2154,140723,0,10.187,36.773,1000,1,1,,,0
GSM,605,2,401,52681,0,10.18,36.773,1000,1,1,,,0
LTE,605,3,4164,3105803,0,10.187,36.773,1000,1,1,,,0
UMTS,605,3,2164,800565,0,10.187,36.773,1000,1,1,,,0
UMTS,605,3,2154,132575,0,10.186,36.773,1000,1,1,,,0
UMTS,605,1,10005,66602,0,10.181,36.773,1000,1,1,,,0
GSM,605,1,10001,362,0,10.185,36.773,1000,1,1,,,0
GSM,605,2,401,55832,0,10.185,36.773,1000,1,1,,,0
UMTS,605,2,137,314892,0,10.186,36.773,1000,1,1,,,0
UMTS,605,1,10001,65896,0,10.188,36.773,1000,1,1,,,0
UMTS,605,2,134,68974,0,10.187,36.774,1000,1,1,,,0
UMTS,605,2,137,264886,0,10.186,36.774,1000,1,1,,,0
UMTS,605,3,2245,39498323,0,10.182,36.774,1000,1,1,,,0
UMTS,605,3,2245,39468325,0,10.184,36.774,1000,1,1,,,0
UMTS,605,3,2154,162575,0,10.184,36.774,1000,1,1,,,0
LTE,605,2,137,11590146,0,10.188,36.774,1000,1,1,,,0
LTE,605,2,137,11565569,0,10.184,36.775,1000,1,1,,,0
UMTS,605,3,2154,133334,0,10.181,36.775,1000,1,1,,,0
UMTS,605,3,2154,133339,0,10.181,36.775,1000,1,1,,,0
UMTS,605,3,2154,132580,0,10.186,36.775,1000,1,1,,,0
UMTS,605,3,2154,133364,0,10.184,36.775,1000,1,1,,,0
GSM,605,3,1154,12207,0,10.184,36.775,1000,1,1,,,0
UMTS,605,2,137,263925,0,10.181,36.775,1000,1,1,,,0
LTE,605,3,4164,3074329,0,10.185,36.776,738,1,1,,,0
UMTS,605,3,2154,133369,0,10.182,36.776,1000,1,1,,,0
GSM,605,3,1125,12953,0,10.184,36.776,1000,1,1,,,0
UMTS,605,1,10001,67276,0,10.184,36.776,1000,1,1,,,0
UMTS,605,1,10001,65902,0,10.185,36.776,1000,1,1,,,0
UMTS,605,1,10001,65899,0,10.186,36.776,1000,1,1,,,0
UMTS,605,2,137,264885,0,10.188,36.776,1000,1,1,,,0
UMTS,605,2,137,264888,0,10.188,36.776,1000,1,1,,,0
UMTS,605,3,2154,133363,0,10.188,36.776,1000,1,1,,,0
GSM,605,3,1154,12202,0,10.188,36.776,1000,1,1,,,0
LTE,605,2,137,11590145,0,10.189,36.776,1000,1,1,,,0
GSM,605,3,1154,12951,0,10.189,36.776,1000,1,1,,,0
UMTS,605,1,10001,70549,0,10.189,36.776,1000,1,1,,,0
GSM,605,3,1154,12208,0,10.189,36.776,1000,1,1,,,0
UMTS,605,1,2164,67278,0,10.184,36.776,1000,1,1,,,0
UMTS,605,2,137,264887,0,10.183,36.776,1000,1,1,,,0
UMTS,605,3,2154,163368,0,10.188,36.777,1000,1,1,,,0
UMTS,605,2,137,264890,0,10.184,36.777,1000,1,1,,,0
UMTS,605,1,10001,67284,0,10.188,36.777,1000,1,1,,,0
GSM,605,2,401,57003,0,10.188,36.777,1000,1,1,,,0
GSM,605,3,1154,12209,0,10.182,36.777,1000,1,1,,,0
UMTS,605,2,1020,852383,0,10.182,36.777,1000,1,1,,,0
GSM,605,2,401,51781,0,10.187,36.777,1000,1,1,,,0
UMTS,605,2,137,262549,0,10.189,36.777,1000,1,1,,,0
UMTS,605,3,2157,133365,0,10.182,36.777,1000,1,1,,,0
UMTS,605,3,2157,133364,0,10.182,36.777,1000,1,1,,,0
UMTS,605,3,2154,163364,0,10.184,36.777,1000,1,1,,,0
GSM,605,1,10001,7101,0,10.186,36.777,1000,1,1,,,0
GSM,605,2,401,50523,0,10.188,36.777,1000,1,1,,,0
GSM,605,2,401,50405,0,10.188,36.777,1000,1,1,,,0
UMTS,605,2,137,312552,0,10.188,36.777,1000,1,1,,,0
GSM,605,2,409,56702,0,10.188,36.777,1000,1,1,,,0
UMTS,605,2,137,262552,0,10.188,36.777,1000,1,1,,,0
GSM,605,2,137,7009,0,10.188,36.777,1000,1,1,,,0
UMTS,605,2,137,269146,0,10.188,36.777,1000,1,1,,,0
UMTS,605,3,2154,170724,0,10.191,36.777,1000,1,1,,,0
UMTS,605,2,137,269150,0,10.188,36.777,1263,1,1,,,0
UMTS,605,3,2164,822414,0,10.18,36.778,1000,1,1,,,0
GSM,605,3,1154,10212,0,10.181,36.778,1000,1,1,,,0
UMTS,605,3,2154,167054,0,10.182,36.778,1000,1,1,,,0
UMTS,605,1,10001,67278,0,10.189,36.778,1000,1,1,,,0
UMTS,605,2,137,319153,0,10.191,36.779,1000,1,1,,,0
UMTS,605,3,2157,137059,0,10.182,36.779,1000,1,1,,,0
UMTS,605,1,10001,66330,0,10.182,36.779,1000,1,1,,,0
UMTS,605,3,2154,557710,0,10.182,36.779,1000,1,1,,,0
UMTS,605,1,10001,65897,0,10.189,36.779,1000,1,1,,,0
UMTS,605,1,10003,67519,0,10.189,36.779,1000,1,1,,,0
UMTS,605,3,2154,133368,0,10.189,36.779,1000,1,1,,,0
GSM,605,3,1154,11568,0,10.189,36.779,1000,1,1,,,0
UMTS,605,1,10001,66379,0,10.191,36.779,1000,1,1,,,0
UMTS,605,1,10005,76075,0,10.191,36.779,1000,1,1,,,0
UMTS,605,2,137,263928,0,10.182,36.779,1000,1,1,,,0
UMTS,605,3,2154,137059,0,10.181,36.78,1000,1,1,,,0
GSM,605,1,10001,3132,0,10.18,36.78,1000,1,1,,,0
UMTS,605,3,2157,137054,0,10.181,36.78,1000,1,1,,,0
LTE,605,2,134,11665665,0,10.181,36.78,1000,1,1,,,0
UMTS,605,3,2154,527715,0,10.182,36.78,1000,1,1,,,0
UMTS,605,1,10001,70816,0,10.182,36.78,1000,1,1,,,0
UMTS,605,1,10001,67791,0,10.182,36.78,1000,1,1,,,0
UMTS,605,2,137,262546,0,10.192,36.78,1000,1,1,,,0
UMTS,605,3,2154,137054,0,10.181,36.78,1000,1,1,,,0
GSM,605,3,1154,16997,0,10.181,36.78,1000,1,1,,,0
UMTS,605,1,10001,66326,0,10.181,36.78,1000,1,1,,,0
UMTS,605,1,10001,67788,0,10.182,36.78,1000,1,1,,,0
GSM,605,3,1154,10219,0,10.182,36.78,1000,1,1,,,0
GSM,605,3,1154,16991,0,10.182,36.781,1000,1,1,,,0
GSM,605,2,401,52742,0,10.186,36.781,1311,1,1,,,0
UMTS,605,3,2154,527710,0,10.181,36.782,1000,1,1,,,0
UMTS,605,1,10001,66327,0,10.182,36.782,1000,1,1,,,0
UMTS,605,3,2154,167053,0,10.181,36.782,1000,1,1,,,0
UMTS,605,1,10001,66382,0,10.19,36.782,1000,1,1,,,0
GSM,605,1,10005,0,0,10.184,36.783,2627,1,1,,,0
LTE,605,3,4195,3904278,0,10.181,36.783,1000,1,1,,,0
UMTS,605,3,2154,163363,0,10.183,36.783,1000,1,1,,,0
GSM,605,1,10001,843,0,10.191,36.783,1000,1,1,,,0
UMTS,605,2,137,269151,0,10.192,36.783,1000,1,1,,,0
UMTS,605,3,2157,527715,0,10.181,36.783,1000,1,1,,,0
LTE,605,2,134,11526146,0,10.181,36.784,1000,1,1,,,0
UMTS,605,1,10001,67789,0,10.184,36.784,1000,1,1,,,0
GSM,605,3,1154,10213,0,10.182,36.784,1000,1,1,,,0
UMTS,605,3,2164,818563,0,10.193,36.772,1037,1,1,,,0
UMTS,605,3,2154,162665,0,10.197,36.772,1000,1,1,,,0
LTE,605,1,4164,3096833,0,10.198,36.773,1000,1,1,,,0
LTE,605,1,4164,3109899,0,10.198,36.773,1000,1,1,,,0
LTE,605,3,4164,3096843,0,10.198,36.773,1000,1,1,,,0
LTE,605,3,4164,3093773,0,10.198,36.773,1000,1,1,,,0
UMTS,605,1,10005,67224,0,10.2,36.773,1000,1,1,,,0
LTE,605,1,10005,8452,0,10.198,36.773,1000,1,1,,,0
UMTS,605,3,2164,824947,0,10.198,36.773,1000,1,1,,,0
UMTS,605,2,137,269147,0,10.197,36.774,1000,1,1,,,0
LTE,605,3,4164,3096853,0,10.198,36.774,1000,1,1,,,0
LTE,605,1,10005,43011,0,10.198,36.774,1000,1,1,,,0
GSM,605,1,10005,1682,0,10.199,36.774,1000,1,1,,,0
GSM,605,3,1154,12977,0,10.203,36.774,1264,1,1,,,0
UMTS,605,2,137,265967,0,10.198,36.775,1000,1,1,,,0
UMTS,605,1,10005,66597,0,10.193,36.775,1000,1,1,,,0
GSM,605,3,1125,12717,0,10.197,36.775,1000,1,1,,,0
UMTS,605,2,1000,269147,0,10.197,36.775,1000,1,1,,,0
UMTS,605,3,2154,163123,0,10.201,36.775,1000,1,1,,,0
UMTS,605,1,2164,818568,0,10.198,36.775,1000,1,1,,,0
GSM,605,3,1154,11037,0,10.195,36.775,1000,1,1,,,0
UMTS,605,2,137,262168,0,10.192,36.775,1093,1,1,,,0
GSM,605,2,137,53829,0,10.197,36.775,1006,1,1,,,0
UMTS,605,2,137,269153,0,10.197,36.776,1000,1,1,,,0
UMTS,605,2,137,262551,0,10.197,36.776,1000,1,1,,,0
UMTS,605,1,10005,71048,0,10.203,36.776,1000,1,1,,,0
GSM,605,3,1154,11133,0,10.203,36.776,1000,1,1,,,0
UMTS,605,1,10005,70716,0,10.199,36.776,1000,1,1,,,0
LTE,605,3,4164,3124493,0,10.197,36.777,1000,1,1,,,0
GSM,605,2,137,51657,0,10.196,36.777,1447,1,1,,,0
UMTS,605,3,2154,163203,0,10.196,36.777,1000,1,1,,,0
LTE,605,2,137,11530243,0,10.199,36.777,1000,1,1,,,0
GSM,605,1,10005,1683,0,10.199,36.777,1000,1,1,,,0
GSM,605,3,1154,11417,0,10.201,36.777,1600,1,1,,,0
LTE,605,1,10005,43014,0,10.197,36.777,1000,1,1,,,0
LTE,605,3,4154,3102475,0,10.198,36.777,1000,1,1,,,0
GSM,605,3,1154,11139,0,10.199,36.777,1000,1,1,,,0
GSM,605,3,1154,12971,0,10.203,36.777,1000,1,1,,,0
UMTS,605,1,10005,75594,0,10.203,36.777,1000,1,1,,,0
GSM,605,2,417,50404,0,10.197,36.777,1000,1,1,,,0
UMTS,605,3,2164,818623,0,10.199,36.777,1000,1,1,,,0
UMTS,605,1,10001,66377,0,10.199,36.778,1000,1,1,,,0
LTE,605,3,4164,3124503,0,10.197,36.778,1000,1,1,,,0
UMTS,605,1,10001,66384,0,10.193,36.778,1000,1,1,,,0
LTE,605,3,4164,3092747,0,10.197,36.778,2525,1,1,,,0
GSM,605,2,401,53823,0,10.198,36.778,3403,1,1,,,0
GSM,605,2,137,401,0,10.197,36.778,1000,1,1,,,0
UMTS,605,1,10001,67406,0,10.198,36.778,1000,1,1,,,0
UMTS,605,3,2164,788703,0,10.197,36.779,1000,1,1,,,0
GSM,605,1,10001,842,0,10.195,36.779,1000,1,1,,,0
UMTS,605,3,2154,140729,0,10.195,36.779,1000,1,1,,,0
UMTS,605,2,1000,262545,0,10.197,36.779,1000,1,1,,,0
UMTS,605,1,10001,70288,0,10.201,36.779,1000,1,1,,,0
GSM,605,2,401,401,0,10.197,36.779,1000,1,1,,,0
GSM,605,3,1154,11057,0,10.197,36.78,1000,1,1,,,0
UMTS,605,3,2164,788708,0,10.197,36.78,1000,1,1,,,0
GSM,605,1,10001,845,0,10.2,36.78,1000,1,1,,,0
UMTS,605,1,10001,65726,0,10.194,36.78,1000,1,1,,,0
GSM,605,2,401,50962,0,10.197,36.78,1000,1,1,,,0
UMTS,605,2,137,68971,0,10.201,36.78,1000,1,1,,,0
UMTS,605,3,2154,526960,0,10.203,36.78,1000,1,1,,,0
UMTS,605,1,10001,67222,0,10.197,36.78,1000,1,1,,,0
UMTS,605,2,137,269145,0,10.199,36.78,1000,1,1,,,0
UMTS,605,2,137,269149,0,10.203,36.78,1000,1,1,,,0
UMTS,605,3,2157,818563,0,10.199,36.78,1000,1,1,,,0
LTE,605,3,4164,3091979,0,10.197,36.78,1167,1,1,,,0
UMTS,605,2,137,262545,0,10.197,36.78,1000,1,1,,,0
GSM,605,3,1118,11649,0,10.202,36.781,1000,1,1,,,0
GSM,605,3,1125,11051,0,10.197,36.781,1000,1,1,,,0
UMTS,605,3,2154,133343,0,10.197,36.781,1000,1,1,,,0
UMTS,605,3,2154,163343,0,10.197,36.781,1000,1,1,,,0
LTE,605,3,4164,3091989,0,10.197,36.781,1000,1,1,,,0
GSM,605,1,10001,365,0,10.198,36.781,1154,1,1,,,0
GSM,605,2,137,404,0,10.196,36.781,1000,1,1,,,0
LTE,605,2,137,11530242,0,10.193,36.782,1000,1,1,,,0
LTE,605,2,137,11530241,0,10.193,36.782,1000,1,1,,,0
UMTS,605,1,10001,66804,0,10.197,36.782,1000,1,1,,,0
UMTS,605,2,134,118974,0,10.197,36.782,1000,1,1,,,0
UMTS,605,2,137,118974,0,10.197,36.782,1000,1,1,,,0
UMTS,605,3,2157,140729,0,10.197,36.782,1000,1,1,,,0
UMTS,605,2,134,269145,0,10.197,36.782,1000,1,1,,,0
UMTS,605,3,2157,526960,0,10.193,36.782,6710,1,1,,,0
UMTS,605,2,134,68971,0,10.193,36.782,1048,1,1,,,0
GSM,605,2,401,50401,0,10.197,36.782,1000,1,1,,,0
UMTS,605,3,2154,140724,0,10.197,36.782,1000,1,1,,,0
LTE,605,2,137,11699211,0,10.198,36.782,1000,1,1,,,0
UMTS,605,3,2154,133045,0,10.201,36.782,1355,1,1,,,0
GSM,605,3,1154,11052,0,10.196,36.782,1000,1,1,,,0
UMTS,605,1,10001,66378,0,10.193,36.782,1000,1,1,,,0
UMTS,605,2,137,263107,0,10.198,36.782,1000,1,1,,,0
GSM,605,3,1125,15591,0,10.195,36.783,1000,1,1,,,0
GSM,605,3,1118,12440,0,10.196,36.783,1000,1,1,,,0
GSM,605,2,137,403,0,10.197,36.783,1000,1,1,,,0
UMTS,605,3,2154,163345,0,10.199,36.783,1025,1,1,,,0
GSM,605,1,10001,846,0,10.193,36.783,1000,1,1,,,0
UMTS,605,3,2164,788709,0,10.193,36.783,1000,1,1,,,0
UMTS,605,3,2164,818704,0,10.193,36.783,1000,1,1,,,0
UMTS,605,3,2164,788704,0,10.193,36.783,1000,1,1,,,0
GSM,605,2,137,523,0,10.196,36.783,1000,1,1,,,0
GSM,605,2,137,50407,0,10.196,36.783,1000,1,1,,,0
GSM,605,2,401,50402,0,10.196,36.783,1000,1,1,,,0
GSM,605,2,401,54513,0,10.196,36.783,1000,1,1,,,0
GSM,605,3,1154,11053,0,10.196,36.783,1000,1,1,,,0
UMTS,605,3,2154,133348,0,10.196,36.783,1000,1,1,,,0
UMTS,605,3,2154,133350,0,10.196,36.783,1000,1,1,,,0
UMTS,605,3,2154,526949,0,10.196,36.783,1000,1,1,,,0
UMTS,605,2,1000,68968,0,10.196,36.783,1000,1,1,,,0
UMTS,605,2,137,315981,0,10.196,36.783,1000,1,1,,,0
GSM,605,3,1125,11057,0,10.197,36.783,1000,1,1,,,0
UMTS,605,3,2154,556589,0,10.197,36.783,1000,1,1,,,0
UMTS,605,3,2100,686377,0,10.204,36.783,7434,1,1,,,0
UMTS,605,2,134,68968,0,10.192,36.783,1139,1,1,,,0
UMTS,605,1,10005,67217,0,10.193,36.783,1000,1,1,,,0
UMTS,605,2,10020,17157,0,10.196,36.783,1000,1,1,,,0
LTE,605,3,4164,3105804,0,10.196,36.783,1000,1,1,,,0
UMTS,605,1,2164,796084,0,10.196,36.783,1000,1,1,,,0
LTE,605,1,10005,257286,0,10.196,36.784,1000,1,1,,,0
LTE,605,3,4164,3105818,0,10.196,36.784,1000,1,1,,,0
GSM,605,2,137,50969,0,10.196,36.784,1000,1,1,,,0
UMTS,605,3,2154,163044,0,10.212,36.773,1000,1,1,,,0
UMTS,605,1,10005,72246,0,10.204,36.773,1000,1,1,,,0
GSM,605,2,401,50264,0,10.214,36.773,1000,1,1,,,0
UMTS,605,2,137,315973,0,10.206,36.773,1000,1,1,,,0
UMTS,605,3,2164,796995,0,10.213,36.774,4844,1,1,,,0
UMTS,605,2,137,312551,0,10.21,36.774,1385,1,1,,,0
UMTS,605,1,10005,67222,0,10.204,36.774,2951,1,1,,,0
UMTS,605,1,10005,75847,0,10.215,36.775,1000,1,1,,,0
LTE,605,3,4164,3101966,0,10.21,36.775,1000,1,1,,,0
GSM,605,3,1154,12829,0,10.215,36.775,1000,1,1,,,0
GSM,605,3,1154,12827,0,10.215,36.775,1000,1,1,,,0
GSM,605,1,10005,1681,0,10.21,36.775,1781,1,1,,,0
UMTS,605,3,2154,139834,0,10.208,36.776,1714,1,1,,,0
LTE,605,1,10005,262147,0,10.214,36.776,1000,1,1,,,0
UMTS,605,2,137,313113,0,10.215,36.776,1000,1,1,,,0
UMTS,605,3,2164,788410,0,10.215,36.776,1000,1,1,,,0
UMTS,605,3,2154,163045,0,10.212,36.777,1000,1,1,,,0
UMTS,605,3,2157,527795,0,10.21,36.777,5256,1,1,,,0
GSM,605,3,1154,11137,0,10.208,36.777,1000,1,1,,,0
GSM,605,3,1154,11051,0,10.204,36.777,5631,1,1,,,0
UMTS,605,2,137,265965,0,10.206,36.777,1000,1,1,,,0
UMTS,605,2,137,263110,0,10.208,36.777,1000,1,1,,,0
UMTS,605,3,2154,133263,0,10.208,36.777,1000,1,1,,,0
UMTS,605,3,2154,163263,0,10.208,36.777,1000,1,1,,,0
GSM,605,3,1154,11131,0,10.21,36.777,1000,1,1,,,0
LTE,605,3,4164,3109889,0,10.206,36.778,1000,1,1,,,0
UMTS,605,2,137,262660,0,10.214,36.779,3844,1,1,,,0
UMTS,605,3,2154,61642,0,10.204,36.779,1000,1,1,,,0
UMTS,605,2,137,265968,0,10.204,36.779,1000,1,1,,,0
UMTS,605,1,10001,70716,0,10.204,36.779,1000,1,1,,,0
LTE,605,2,134,11526402,0,10.204,36.779,1000,1,1,,,0
GSM,605,2,401,53821,0,10.206,36.779,1458,1,1,,,0
GSM,605,3,1154,12823,0,10.205,36.779,1000,1,1,,,0
GSM,605,3,1118,12449,0,10.211,36.78,1937,1,1,,,0
UMTS,605,2,137,262405,0,10.215,36.78,3015,1,1,,,0
GSM,605,2,401,50963,0,10.209,36.782,2438,1,1,,,0
GSM,605,1,10005,10992,0,10.207,36.783,2361,1,1,,,0
LTE,605,3,4164,3115265,0,10.225,36.773,1000,1,1,,,0
GSM,605,2,401,51723,0,10.225,36.773,1000,1,1,,,0
LTE,605,3,4164,3101956,0,10.223,36.773,1000,1,1,,,0
LTE,605,2,137,11564045,0,10.225,36.773,1030,1,1,,,0
UMTS,605,1,10005,75591,0,10.217,36.773,2016,1,1,,,0
UMTS,605,3,2154,139833,0,10.22,36.773,1000,1,1,,,0
GSM,605,3,1154,12821,0,10.221,36.773,1000,1,1,,,0
GSM,605,3,1125,12829,0,10.219,36.773,1000,1,1,,,0
UMTS,605,2,137,263108,0,10.222,36.773,1000,1,1,,,0
UMTS,605,3,2154,133044,0,10.222,36.773,1000,1,1,,,0
UMTS,605,1,10005,75592,0,10.22,36.774,1000,1,1,,,0
UMTS,605,1,10005,76840,0,10.224,36.774,1320,1,1,,,0
LTE,605,2,137,11544587,0,10.22,36.774,1000,1,1,,,0
LTE,605,3,4154,3101965,0,10.219,36.774,1000,1,1,,,0
UMTS,605,2,137,263870,0,10.227,36.774,1000,1,1,,,0
GSM,605,2,401,51726,0,10.223,36.774,1218,1,1,,,0
UMTS,605,3,2154,133048,0,10.219,36.774,1000,1,1,,,0
UMTS,605,2,137,263867,0,10.228,36.774,1000,1,1,,,0
LTE,605,3,4154,3085315,0,10.221,36.775,1000,1,1,,,0
UMTS,605,1,10005,75589,0,10.218,36.775,1000,1,1,,,0
UMTS,605,3,2154,133043,0,10.218,36.775,1000,1,1,,,0
UMTS,605,2,137,314961,0,10.221,36.775,1000,1,1,,,0
LTE,605,2,137,11544577,0,10.222,36.776,1000,1,1,,,0
UMTS,605,2,137,263105,0,10.225,36.776,1000,1,1,,,0
UMTS,605,1,10005,77779,0,10.221,36.778,3053,1,1,,,0
GSM,605,2,401,50961,0,10.224,36.779,2490,1,1,,,0
UMTS,605,1,10005,87646,0,10.226,36.78,1000,1,1,,,0
UMTS,605,2,137,262665,0,10.228,36.78,1000,1,1,,,0
UMTS,605,1,10005,77056,0,10.228,36.78,1000,1,1,,,0
UMTS,605,1,10005,77046,0,10.226,36.78,3472,1,1,,,0
GSM,605,1,10005,10094,0,10.221,36.78,5922,1,1,,,0
UMTS,605,1,10005,76531,0,10.231,36.772,1000,1,1,,,0
LTE,605,2,137,11564044,0,10.233,36.773,1000,1,1,,,0
GSM,605,1,10005,11011,0,10.24,36.773,2915,1,1,,,0
UMTS,605,2,137,11564035,0,10.229,36.775,1000,1,1,,,0
UMTS,605,1,10005,76071,0,10.234,36.775,1000,1,1,,,0
UMTS,605,2,137,263868,0,10.231,36.775,1000,1,1,,,0
UMTS,605,2,137,263865,0,10.229,36.776,1000,1,1,,,0
UMTS,605,3,2154,132864,0,10.229,36.776,1000,1,1,,,0
UMTS,605,2,137,313871,0,10.233,36.776,1000,1,1,,,0
UMTS,605,1,10005,86396,0,10.239,36.776,1000,1,1,,,0
GSM,605,2,401,51724,0,10.229,36.777,1000,1,1,,,0
UMTS,605,2,137,262667,0,10.23,36.777,1000,1,1,,,0
UMTS,605,1,10005,86376,0,10.237,36.777,1000,1,1,,,0
GSM,605,2,401,50522,0,10.234,36.778,1000,1,1,,,0
UMTS,605,3,2154,132870,0,10.232,36.779,1000,1,1,,,0
UMTS,605,3,2154,162864,0,10.233,36.779,1000,1,1,,,0
LTE,605,2,137,11533324,0,10.232,36.779,1000,1,1,,,0
UMTS,605,2,137,262669,0,10.233,36.78,1000,1,1,,,0
GSM,605,2,401,50521,0,10.233,36.78,1000,1,1,,,0
UMTS,605,2,137,312672,0,10.233,36.78,1000,1,1,,,0
UMTS,605,2,137,262666,0,10.233,36.78,1000,1,1,,,0
UMTS,605,2,137,312671,0,10.233,36.78,1000,1,1,,,0
UMTS,605,3,2154,132863,0,10.233,36.78,1000,1,1,,,0
UMTS,605,3,2154,132865,0,10.233,36.78,1000,1,1,,,0
UMTS,605,3,2154,132868,0,10.233,36.78,1000,1,1,,,0
UMTS,605,3,2154,132869,0,10.233,36.78,1000,1,1,,,0
GSM,605,1,10005,10532,0,10.233,36.78,1000,1,1,,,0
GSM,605,3,1118,12441,0,10.233,36.78,1000,1,1,,,0
UMTS,605,3,2154,162863,0,10.233,36.78,1000,1,1,,,0
UMTS,605,2,137,262671,0,10.233,36.78,1000,1,1,,,0
UMTS,605,2,137,262668,0,10.232,36.78,1000,1,1,,,0
GSM,605,1,10020,2701,0,10.237,36.78,1986,1,1,,,0
GSM,605,2,401,52811,0,10.245,36.774,6546,1,1,,,0
GSM,605,2,410,54075,0,10.243,36.78,6298,1,1,,,0
UMTS,605,1,10005,76530,0,10.248,36.78,1730,1,1,,,0
UMTS,605,1,10005,76206,0,10.256,36.773,1000,1,1,,,0
UMTS,605,1,10005,77767,0,10.263,36.773,1000,1,1,,,0
UMTS,605,3,2154,163213,0,10.263,36.773,1000,1,1,,,0
UMTS,605,1,10005,76426,0,10.263,36.774,1000,1,1,,,0
GSM,605,3,1108,12657,0,10.262,36.775,1882,1,1,,,0
LTE,605,1,10005,262148,0,10.253,36.78,2390,1,1,,,0
UMTS,605,2,137,262200,0,10.271,36.772,1000,1,1,,,0
UMTS,605,2,137,267370,0,10.268,36.772,1000,1,1,,,0
LTE,605,2,137,11535883,0,10.273,36.773,1000,1,1,,,0
UMTS,605,2,137,262195,0,10.276,36.773,1000,1,1,,,0
UMTS,605,2,137,267367,0,10.268,36.773,1000,1,1,,,0
LTE,605,2,137,11535873,0,10.273,36.773,1000,1,1,,,0
UMTS,605,3,2164,788218,0,10.274,36.773,1000,1,1,,,0
UMTS,605,3,2164,788620,0,10.269,36.773,1000,1,1,,,0
GSM,605,3,108,11021,0,10.27,36.773,1000,1,1,,,0
UMTS,605,3,2154,135019,0,10.273,36.773,1000,1,1,,,0
LTE,605,2,137,11521293,0,10.274,36.774,1000,1,1,,,0
LTE,605,3,4164,3104525,0,10.271,36.774,1000,1,1,,,0
UMTS,605,1,10005,76370,0,10.274,36.774,2012,1,1,,,0
GSM,605,3,1108,12797,0,10.269,36.774,1767,1,1,,,0
UMTS,605,1,10005,76199,0,10.274,36.774,1000,1,1,,,0
UMTS,605,1,4164,3094285,0,10.274,36.774,1000,1,1,,,0
GSM,605,1,10005,11431,0,10.266,36.774,1000,1,1,,,0
GSM,605,2,137,5222,0,10.267,36.774,1377,1,1,,,0
UMTS,605,2,137,264307,0,10.273,36.775,1000,1,1,,,0
LTE,605,3,4154,3101966,0,10.27,36.775,1000,1,1,,,0
GSM,605,1,10005,10455,0,10.272,36.775,1000,1,1,,,0
UMTS,605,3,2154,135018,0,10.269,36.775,1000,1,1,,,0
UMTS,605,1,10005,76202,0,10.272,36.775,1000,1,1,,,0
UMTS,605,3,2154,133255,0,10.272,36.775,1000,1,1,,,0
GSM,605,2,411,50622,0,10.272,36.775,1000,1,1,,,0
UMTS,605,2,137,262771,0,10.272,36.775,1000,1,1,,,0
UMTS,605,3,2154,162883,0,10.272,36.775,1000,1,1,,,0
UMTS,605,3,2154,268435455,0,10.272,36.775,1000,1,1,,,0
GSM,605,3,108,12001,0,10.273,36.775,1000,1,1,,,0
GSM,605,2,411,50053,0,10.273,36.775,1000,1,1,,,0
LTE,605,2,137,11653645,0,10.269,36.775,1000,1,1,,,0
LTE,605,2,137,11575309,0,10.273,36.775,2586,1,1,,,0
UMTS,605,2,137,262201,0,10.268,36.775,1000,1,1,,,0
GSM,605,2,137,621,0,10.272,36.775,1000,1,1,,,0
LTE,605,2,137,11535893,0,10.273,36.775,1000,1,1,,,0
UMTS,605,2,137,1295811,0,10.274,36.775,1000,1,1,,,0
GSM,605,2,411,52166,0,10.269,36.776,2084,1,1,,,0
GSM,605,3,1108,11103,0,10.267,36.776,1000,1,1,,,0
GSM,605,3,1108,12007,0,10.267,36.776,1000,1,1,,,0
UMTS,605,1,10005,76372,0,10.267,36.776,1000,1,1,,,0
GSM,605,3,1108,12793,0,10.267,36.776,1000,1,1,,,0
LTE,605,2,137,11575299,0,10.27,36.776,1000,1,1,,,0
UMTS,605,3,2154,133260,0,10.272,36.776,1000,1,1,,,0
GSM,605,2,401,52166,0,10.274,36.776,1000,1,1,,,0
UMTS,605,1,10005,75921,0,10.274,36.776,1000,1,1,,,0
UMTS,605,3,2154,132858,0,10.274,36.776,1000,1,1,,,0
GSM,605,3,1108,12790,0,10.274,36.776,1000,1,1,,,0
GSM,605,3,1108,12799,0,10.268,36.776,1000,1,1,,,0
GSM,605,2,411,55222,0,10.272,36.776,1000,1,1,,,0
GSM,605,2,137,2166,0,10.274,36.776,1000,1,1,,,0
GSM,605,3,1494,11109,0,10.271,36.777,1796,1,1,,,0
UMTS,605,3,2164,818213,0,10.274,36.777,1000,1,1,,,0
GSM,605,3,1108,11108,0,10.274,36.777,1000,1,1,,,0
LTE,605,2,137,11653635,0,10.274,36.777,1000,1,1,,,0
LTE,605,2,137,11586827,0,10.271,36.777,1942,1,1,,,0
GSM,605,3,108,12793,0,10.274,36.777,1000,1,1,,,0
UMTS,605,1,10005,75991,0,10.271,36.778,1000,1,1,,,0
GSM,605,3,1494,11103,0,10.272,36.778,1000,1,1,,,0
UMTS,605,2,137,312771,0,10.271,36.779,1000,1,1,,,0
GSM,605,3,1494,11101,0,10.274,36.779,1000,1,1,,,0
UMTS,605,3,2154,162714,0,10.272,36.779,1000,1,1,,,0
UMTS,605,2,137,262765,0,10.272,36.779,9358,1,1,,,0
UMTS,605,3,2154,162993,0,10.269,36.78,1000,1,1,,,0
UMTS,605,3,2154,163255,0,10.273,36.78,1000,1,1,,,0
UMTS,605,3,2154,133253,0,10.274,36.78,1000,1,1,,,0
UMTS,605,3,2164,818613,0,10.275,36.78,1000,1,1,,,0
LTE,605,1,10005,267525,0,10.274,36.781,1000,1,1,,,0
GSM,605,2,137,624,0,10.274,36.781,1000,1,1,,,0
GSM,605,3,1494,12659,0,10.273,36.781,1000,1,1,,,0
LTE,605,2,137,11653644,0,10.275,36.782,1000,1,1,,,0
UMTS,605,3,2154,165013,0,10.269,36.782,1000,1,1,,,0
GSM,605,3,108,12031,0,10.274,36.782,1000,1,1,,,0
UMTS,605,3,2154,133258,0,10.274,36.782,1000,1,1,,,0
UMTS,605,2,137,317372,0,10.274,36.782,1000,1,1,,,0
GSM,605,2,411,52163,0,10.272,36.782,1000,1,1,,,0
UMTS,605,2,137,267366,0,10.275,36.782,1000,1,1,,,0
GSM,605,2,401,55222,0,10.275,36.782,7873,1,1,,,0
UMTS,605,2,137,262768,0,10.264,36.783,14562,1,1,,,0
LTE,605,2,137,11653654,0,10.274,36.783,1000,1,1,,,0
UMTS,605,3,2154,132993,0,10.273,36.783,1000,1,1,,,0
GSM,605,1,65301,10452,0,10.274,36.783,1000,1,1,,,0
LTE,605,3,4164,3104523,0,10.274,36.783,1000,1,1,,,0
LTE,605,3,4164,3090189,0,10.274,36.783,1000,1,1,,,0
UMTS,605,3,2164,788355,0,10.274,36.783,1000,1,1,,,0
LTE,605,3,4164,3085067,0,10.271,36.783,1449,1,1,,,0
GSM,605,2,401,50632,0,10.272,36.784,2700,1,1,,,0
LTE,605,2,137,11625986,0,10.285,36.772,1000,1,1,,,0
UMTS,605,2,137,11625996,0,10.286,36.772,1000,1,1,,,0
UMTS,605,2,137,266292,0,10.286,36.772,1000,1,1,,,0
UMTS,605,2,137,266289,0,10.284,36.772,1000,1,1,,,0
LTE,605,2,137,11625996,0,10.284,36.773,2113,1,1,,,0
UMTS,605,2,137,316292,0,10.285,36.773,1000,1,1,,,0
GSM,605,3,1108,12407,0,10.285,36.773,1000,1,1,,,0
UMTS,605,1,10005,76369,0,10.285,36.773,1000,1,1,,,0
LTE,605,1,10005,277253,0,10.285,36.773,1000,1,1,,,0
LTE,605,3,4154,3094285,0,10.278,36.773,1000,1,1,,,0
UMTS,605,3,2154,132779,0,10.284,36.773,1000,1,1,,,0
UMTS,605,3,2154,132778,0,10.285,36.773,1000,1,1,,,0
GSM,605,2,411,54143,0,10.285,36.773,1000,1,1,,,0
GSM,605,2,411,54142,0,10.285,36.773,1000,1,1,,,0
UMTS,605,1,10005,76373,0,10.285,36.773,1000,1,1,,,0
UMTS,605,3,2154,132773,0,10.287,36.773,1000,1,1,,,0
LTE,605,2,137,11521291,0,10.282,36.773,1140,1,1,,,0
UMTS,605,2,137,262198,0,10.278,36.774,1000,1,1,,,0
UMTS,605,1,10005,76756,0,10.284,36.774,1000,1,1,,,0
LTE,605,3,4154,3083020,0,10.281,36.774,1000,1,1,,,0
UMTS,605,2,137,316291,0,10.286,36.774,1000,1,1,,,0
LTE,605,3,4165,3083021,0,10.283,36.774,1000,1,1,,,0
LTE,605,3,4165,3083024,0,10.283,36.774,1000,1,1,,,0
UMTS,605,2,137,266285,0,10.287,36.775,1000,1,1,,,0
LTE,605,2,137,11625997,0,10.277,36.775,8925,1,1,,,0
LTE,605,3,4154,3094283,0,10.28,36.775,1000,1,1,,,0
LTE,605,3,4154,3094284,0,10.28,36.775,1000,1,1,,,0
LTE,605,3,4164,3083019,0,10.285,36.775,1000,1,1,,,0
LTE,605,2,137,11626005,0,10.286,36.775,1000,1,1,,,0
LTE,605,2,137,11625995,0,10.287,36.775,3041,1,1,,,0
LTE,605,1,10005,272900,0,10.286,36.776,1000,1,1,,,0
UMTS,605,2,137,264306,0,10.283,36.776,1000,1,1,,,0
LTE,605,2,137,11575308,0,10.285,36.776,557,1,1,,,0
UMTS,605,2,137,266288,0,10.287,36.776,1000,1,1,,,0
UMTS,605,2,137,264309,0,10.284,36.776,1000,1,1,,,0
LTE,605,2,137,11575318,0,10.284,36.776,1000,1,1,,,0
UMTS,605,2,137,266290,0,10.285,36.777,1000,1,1,,,0
LTE,605,2,137,11626006,0,10.283,36.777,1648,1,1,,,0
UMTS,605,1,10005,76126,0,10.282,36.777,1000,1,1,,,0
UMTS,605,2,137,266287,0,10.285,36.777,1000,1,1,,,0
UMTS,605,3,2154,133259,0,10.285,36.777,1000,1,1,,,0
LTE,605,2,137,11625987,0,10.284,36.778,1204,1,1,,,0
UMTS,605,1,10004,75931,0,10.281,36.778,2186,1,1,,,0
LTE,605,1,10005,277251,0,10.285,36.779,1000,1,1,,,0
LTE,605,2,137,11575307,0,10.278,36.779,1000,1,1,,,0
GSM,605,2,411,55561,0,10.287,36.78,1000,1,1,,,0
UMTS,605,2,137,267705,0,10.287,36.78,1000,1,1,,,0
UMTS,605,2,137,267369,0,10.276,36.78,1000,1,1,,,0
UMTS,605,1,10005,76490,0,10.284,36.78,1000,1,1,,,0
LTE,605,1,10005,272897,0,10.285,36.78,1000,1,1,,,0
GSM,605,1,10005,10951,0,10.285,36.78,1000,1,1,,,0
GSM,605,3,1108,12788,0,10.285,36.78,1000,1,1,,,0
UMTS,605,1,10005,87526,0,10.284,36.78,1000,1,1,,,0
UMTS,605,1,10005,76487,0,10.285,36.78,1000,1,1,,,0
UMTS,605,1,10004,87306,0,10.285,36.78,7245,1,1,,,0
LTE,605,2,137,11662337,0,10.286,36.78,1000,1,1,,,0
LTE,605,2,137,11684118,0,10.286,36.781,1000,1,1,,,0
UMTS,605,2,137,267708,0,10.286,36.781,1000,1,1,,,0
LTE,605,2,137,11626007,0,10.284,36.781,2271,1,1,,,0
UMTS,605,3,2154,133138,0,10.284,36.782,1000,1,1,,,0
UMTS,605,3,2154,163133,0,10.285,36.782,1000,1,1,,,0
UMTS,605,3,2154,133133,0,10.285,36.782,1000,1,1,,,0
UMTS,605,3,2164,788498,0,10.283,36.782,1000,1,1,,,0
LTE,605,2,137,11662347,0,10.286,36.782,1493,1,1,,,0
UMTS,605,2,137,262776,0,10.285,36.782,6425,1,1,,,0
LTE,605,2,137,11684108,0,10.285,36.783,1000,1,1,,,0
UMTS,605,1,10005,75922,0,10.278,36.783,1000,1,1,,,0
GSM,605,3,1108,12409,0,10.278,36.783,1000,1,1,,,0
UMTS,605,3,2154,163134,0,10.284,36.783,1000,1,1,,,0
LTE,605,2,137,11662348,0,10.282,36.784,1000,1,1,,,0
LTE,605,1,10005,272902,0,10.288,36.773,1000,1,1,,,0
LTE,605,1,10005,277249,0,10.288,36.773,1000,1,1,,,0
LTE,605,2,137,11665931,0,10.289,36.775,1000,1,1,,,0
UMTS,605,2,220,268658,0,10.291,36.775,1000,1,1,,,0
UMTS,605,2,220,317851,0,10.29,36.775,1000,1,1,,,0
LTE,605,2,137,11575298,0,10.291,36.775,1000,1,1,,,0
UMTS,605,2,137,267848,0,10.291,36.775,1000,1,1,,,0
UMTS,605,2,137,267845,0,10.291,36.776,1000,1,1,,,0
LTE,605,2,137,11625985,0,10.29,36.776,1000,1,1,,,0
UMTS,605,3,2154,162525,0,10.291,36.776,1000,1,1,,,0
UMTS,605,3,2154,132775,0,10.289,36.777,1000,1,1,,,0
UMTS,605,2,137,1300751,0,10.289,36.777,1000,1,1,,,0
UMTS,605,2,137,1299331,0,10.289,36.777,1000,1,1,,,0
UMTS,605,3,2164,789864,0,10.309,36.774,4993,1,1,,,0
LTE,605,1,10011,28930,0,10.122,36.784,1000,1,1,,,0
GSM,605,2,418,54841,0,10.12,36.784,1000,1,1,,,0
UMTS,605,2,250,197980,0,10.12,36.784,1000,1,1,,,0
GSM,605,3,1156,16118,0,10.122,36.784,1000,1,1,,,0
GSM,605,3,1156,16048,0,10.122,36.784,1000,1,1,,,0
UMTS,605,2,250,201150,0,10.122,36.784,1000,1,1,,,0
UMTS,605,2,1020,858092,0,10.122,36.784,1000,1,1,,,0
UMTS,605,2,1020,858933,0,10.122,36.784,1000,1,1,,,0
UMTS,605,3,2156,227450,0,10.122,36.784,1000,1,1,,,0
GSM,605,2,418,51373,0,10.121,36.784,1000,1,1,,,0
UMTS,605,3,2156,686233,0,10.122,36.785,1000,1,1,,,0
UMTS,605,1,10011,7281923,0,10.128,36.785,1692,1,1,,,0
GSM,605,1,10011,7424,0,10.12,36.785,1000,1,1,,,0
UMTS,605,3,2209,358011,0,10.121,36.785,1000,1,1,,,0
UMTS,605,3,2156,227455,0,10.122,36.785,1000,1,1,,,0
UMTS,605,2,1020,858094,0,10.12,36.785,1000,1,1,,,0
GSM,605,1,10011,995,0,10.12,36.785,1000,1,1,,,0
UMTS,605,3,2156,197450,0,10.123,36.785,1000,1,1,,,0
LTE,605,1,10011,28933,0,10.122,36.785,1000,1,1,,,0
UMTS,605,1,10011,7281920,0,10.12,36.786,1000,1,1,,,0
UMTS,605,2,250,197983,0,10.12,36.786,1000,1,1,,,0
GSM,605,3,1156,16112,0,10.12,36.786,1000,1,1,,,0
UMTS,605,2,1020,903346,0,10.12,36.786,1000,1,1,,,0
UMTS,605,3,2209,227450,0,10.122,36.786,1000,1,1,,,0
GSM,605,2,418,56122,0,10.122,36.786,1000,1,1,,,0
GSM,605,2,418,54842,0,10.122,36.786,1000,1,1,,,0
GSM,605,2,418,56125,0,10.122,36.786,1000,1,1,,,0
UMTS,605,2,1020,908097,0,10.122,36.786,1000,1,1,,,0
UMTS,605,1,10011,65715,0,10.122,36.786,1000,1,1,,,0
GSM,605,3,1156,17221,0,10.123,36.786,1000,1,1,,,0
UMTS,605,3,2100,227455,0,10.123,36.786,1000,1,1,,,0
GSM,605,3,1209,18151,0,10.125,36.786,1000,1,1,,,0
GSM,605,3,1209,16981,0,10.125,36.786,1000,1,1,,,0
GSM,605,3,1209,16693,0,10.125,36.786,1000,1,1,,,0
UMTS,605,3,2100,227460,0,10.125,36.786,1000,1,1,,,0
GSM,605,3,1156,16049,0,10.121,36.786,1000,1,1,,,0
UMTS,605,3,2156,197455,0,10.122,36.786,1000,1,1,,,0
GSM,605,3,1119,15982,0,10.124,36.786,1000,1,1,,,0
GSM,605,2,418,56126,0,10.121,36.786,1000,1,1,,,0
GSM,605,3,1119,16023,0,10.123,36.786,1000,1,1,,,0
UMTS,605,3,2100,686233,0,10.124,36.786,1000,1,1,,,0
UMTS,605,2,136,201150,0,10.121,36.786,1000,1,1,,,0
UMTS,605,1,10011,7281917,0,10.122,36.786,1000,1,1,,,0
LTE,605,2,1020,11636226,0,10.124,36.786,1000,1,1,,,0
UMTS,605,3,2156,227481,0,10.124,36.786,1000,1,1,,,0
LTE,605,2,1020,11698189,0,10.125,36.786,1000,1,1,,,0
GSM,605,2,418,56123,0,10.121,36.786,1000,1,1,,,0
LTE,605,2,1020,11636236,0,10.125,36.787,1000,1,1,,,0
LTE,605,1,10011,28932,0,10.126,36.787,1000,1,1,,,0
UMTS,605,2,136,201153,0,10.122,36.787,1000,1,1,,,0
UMTS,605,3,2100,197450,0,10.124,36.787,1000,1,1,,,0
UMTS,605,2,136,197980,0,10.121,36.787,1000,1,1,,,0
UMTS,605,3,2156,686238,0,10.126,36.787,1000,1,1,,,0
UMTS,605,2,1020,858097,0,10.12,36.787,1000,1,1,,,0
UMTS,605,2,136,197983,0,10.122,36.787,1000,1,1,,,0
UMTS,605,3,2100,656233,0,10.125,36.787,1000,1,1,,,0
UMTS,605,2,250,201153,0,10.126,36.787,1000,1,1,,,0
UMTS,605,3,2209,686237,0,10.127,36.787,1000,1,1,,,0
UMTS,605,3,2156,686237,0,10.129,36.787,1000,1,1,,,0
LTE,605,1,10011,28942,0,10.121,36.787,1000,1,1,,,0
GSM,605,2,418,56124,0,10.128,36.787,2009,1,1,,,0
GSM,605,3,109,16023,0,10.128,36.788,1000,1,1,,,0
UMTS,605,3,2156,197480,0,10.131,36.788,1000,1,1,,,0
UMTS,605,3,2100,656232,0,10.131,36.788,1000,1,1,,,0
UMTS,605,3,2100,686237,0,10.131,36.788,1000,1,1,,,0
UMTS,605,2,1020,858091,0,10.125,36.788,1000,1,1,,,0
UMTS,605,3,2100,197455,0,10.126,36.788,1000,1,1,,,0
UMTS,605,3,2100,656238,0,10.126,36.788,1000,1,1,,,0
UMTS,605,2,250,200616,0,10.129,36.788,1000,1,1,,,0
UMTS,605,3,2100,656237,0,10.129,36.788,1000,1,1,,,0
UMTS,605,3,2156,656232,0,10.129,36.788,1000,1,1,,,0
UMTS,605,2,1020,908095,0,10.13,36.788,1000,1,1,,,0
GSM,605,2,418,56121,0,10.13,36.788,1000,1,1,,,0
GSM,605,2,418,51372,0,10.13,36.788,1000,1,1,,,0
UMTS,605,3,2100,656247,0,10.131,36.788,1000,1,1,,,0
UMTS,605,3,2100,686232,0,10.131,36.788,1000,1,1,,,0
UMTS,605,3,2100,686242,0,10.131,36.788,1000,1,1,,,0
UMTS,605,1,10011,7277253,0,10.131,36.789,1000,1,1,,,0
LTE,605,1,10011,56334,0,10.131,36.789,1000,1,1,,,0
LTE,605,1,10022,52996,0,10.131,36.789,1000,1,1,,,0
LTE,605,1,10011,52485,0,10.131,36.789,1000,1,1,,,0
LTE,605,1,10015,23302,0,10.131,36.789,1000,1,1,,,0
LTE,605,1,10011,37125,0,10.131,36.789,1000,1,1,,,0
LTE,605,1,10015,326149,0,10.131,36.789,1000,1,1,,,0
LTE,605,1,10015,326405,0,10.131,36.789,1000,1,1,,,0
UMTS,605,3,2100,686253,0,10.131,36.789,1000,1,1,,,0
UMTS,605,3,2100,686238,0,10.125,36.789,1000,1,1,,,0
GSM,605,3,1156,17678,0,10.12,36.79,1000,1,1,,,0
GSM,605,2,418,56963,0,10.126,36.79,1000,1,1,,,0
GSM,605,1,10015,12634,0,10.12,36.79,1000,1,1,,,0
UMTS,605,3,2100,656236,0,10.131,36.79,1000,1,1,,,0
LTE,605,2,1020,11555073,0,10.12,36.791,1000,1,1,,,0
UMTS,605,3,2100,686282,0,10.123,36.791,1000,1,1,,,0
UMTS,605,3,2156,227990,0,10.13,36.791,1000,1,1,,,0
UMTS,605,3,2156,197449,0,10.12,36.791,1000,1,1,,,0
LTE,605,3,4119,3881995,0,10.13,36.791,1000,1,1,,,0
GSM,605,1,10011,992,0,10.123,36.791,1000,1,1,,,0
UMTS,605,3,2154,161918,0,10.123,36.792,1000,1,1,,,0
UMTS,605,2,136,201152,0,10.126,36.792,1000,1,1,,,0
UMTS,605,2,1020,858932,0,10.126,36.792,1000,1,1,,,0
GSM,605,3,1119,16028,0,10.121,36.792,1000,1,1,,,0
UMTS,605,2,1020,853342,0,10.12,36.793,1000,1,1,,,0
UMTS,605,3,2100,656282,0,10.127,36.793,1000,1,1,,,0
UMTS,605,3,2100,686287,0,10.128,36.793,1000,1,1,,,0
UMTS,605,2,136,198793,0,10.128,36.793,1000,1,1,,,0
GSM,605,2,418,52185,0,10.125,36.793,1000,1,1,,,0
LTE,605,2,1020,11636225,0,10.126,36.793,1000,1,1,,,0
UMTS,605,1,10011,7287459,0,10.127,36.793,1000,1,1,,,0
UMTS,605,2,136,197596,0,10.129,36.793,1000,1,1,,,0
UMTS,605,2,136,198790,0,10.129,36.793,1000,1,1,,,0
UMTS,605,2,1020,858929,0,10.129,36.793,1000,1,1,,,0
UMTS,605,2,1020,858935,0,10.13,36.793,1000,1,1,,,0
UMTS,605,2,1020,853339,0,10.12,36.793,1000,1,1,,,0
GSM,605,1,10017,6974,0,10.121,36.793,3171,1,1,,,0
GSM,605,1,10011,13021,0,10.122,36.793,1000,1,1,,,0
UMTS,605,1,10011,7288136,0,10.122,36.793,1000,1,1,,,0
UMTS,605,2,1020,908935,0,10.129,36.793,1000,1,1,,,0
GSM,605,1,10011,425,0,10.131,36.793,1000,1,1,,,0
GSM,605,1,10011,993,0,10.122,36.793,1000,1,1,,,0
UMTS,605,3,2100,656283,0,10.121,36.793,1000,1,1,,,0
GSM,605,1,10011,991,0,10.123,36.794,1000,1,1,,,0
UMTS,605,3,2100,685968,0,10.129,36.794,1000,1,1,,,0
GSM,605,1,10011,1111,0,10.12,36.794,1000,1,1,,,0
GSM,605,2,10011,7421,0,10.12,36.794,1000,1,1,,,0
GSM,605,2,10011,991,0,10.12,36.794,1000,1,1,,,0
GSM,605,2,10011,12585,0,10.12,36.794,1000,1,1,,,0
GSM,605,2,10011,13022,0,10.12,36.794,1000,1,1,,,0
GSM,605,2,10011,995,0,10.12,36.794,1000,1,1,,,0
GSM,605,2,10011,13021,0,10.12,36.794,1000,1,1,,,0
GSM,605,2,10011,992,0,10.12,36.794,1000,1,1,,,0
GSM,605,2,10011,7431,0,10.12,36.794,1000,1,1,,,0
GSM,605,2,10011,993,0,10.12,36.794,1000,1,1,,,0
GSM,605,2,10011,1111,0,10.12,36.794,1000,1,1,,,0
UMTS,605,2,1020,854154,0,10.12,36.794,1000,1,1,,,0
UMTS,605,2,1020,854151,0,10.12,36.794,1000,1,1,,,0
UMTS,605,3,2156,656288,0,10.12,36.794,1000,1,1,,,0
UMTS,605,1,10011,7275490,0,10.12,36.794,1000,1,1,,,0
UMTS,605,1,10011,7276314,0,10.122,36.794,1000,1,1,,,0
UMTS,605,3,2100,686283,0,10.123,36.794,1000,1,1,,,0
GSM,605,3,1119,15993,0,10.123,36.794,1000,1,1,,,0
GSM,605,3,1119,15999,0,10.123,36.794,1000,1,1,,,0
UMTS,605,1,10011,7281927,0,10.123,36.794,1000,1,1,,,0
UMTS,605,1,10011,7275487,0,10.123,36.794,1000,1,1,,,0
UMTS,605,1,10011,7275493,0,10.123,36.794,1000,1,1,,,0
GSM,605,2,418,52186,0,10.123,36.794,1000,1,1,,,0
GSM,605,1,10011,7431,0,10.125,36.794,1000,1,1,,,0
UMTS,605,2,1020,908937,0,10.127,36.794,1000,1,1,,,0
UMTS,605,3,2100,655968,0,10.13,36.794,1000,1,1,,,0
LTE,605,2,1020,11546882,0,10.131,36.794,1000,1,1,,,0
UMTS,605,2,1020,854121,0,10.131,36.794,1000,1,1,,,0
GSM,605,1,10011,13022,0,10.123,36.794,1000,1,1,,,0
UMTS,605,1,10011,7281926,0,10.124,36.794,1000,1,1,,,0
GSM,605,3,1119,15998,0,10.125,36.794,1000,1,1,,,0
UMTS,605,1,10011,7281933,0,10.126,36.794,1000,1,1,,,0
GSM,605,1,10011,422,0,10.128,36.794,1000,1,1,,,0
UMTS,605,1,10011,7281836,0,10.13,36.794,1000,1,1,,,0
GSM,605,1,10011,423,0,10.128,36.794,1000,1,1,,,0
GSM,605,1,10011,12582,0,10.123,36.795,1000,1,1,,,0
UMTS,605,1,10018,141950,0,10.125,36.795,1351,1,1,,,0
LTE,605,3,4156,3928322,0,10.123,36.795,1000,1,1,,,0
UMTS,605,2,250,198793,0,10.125,36.795,1000,1,1,,,0
UMTS,605,3,2100,656281,0,10.125,36.795,1000,1,1,,,0
UMTS,605,2,1020,854152,0,10.127,36.795,1000,1,1,,,0
UMTS,605,2,1020,853114,0,10.127,36.795,1000,1,1,,,0
UMTS,605,2,1020,856515,0,10.127,36.795,1000,1,1,,,0
GSM,605,2,10011,712,0,10.131,36.795,1000,1,1,,,0
GSM,605,2,10011,423,0,10.131,36.795,1000,1,1,,,0
GSM,605,2,10011,422,0,10.131,36.795,1000,1,1,,,0
UMTS,605,3,2100,655963,0,10.129,36.795,1000,1,1,,,0
GSM,605,1,10011,1812,0,10.124,36.796,1000,1,1,,,0
GSM,605,1,10011,1992,0,10.121,36.796,1000,1,1,,,0
GSM,605,2,412,52975,0,10.139,36.785,2975,1,1,,,0
UMTS,605,3,2100,662707,0,10.14,36.788,1000,1,1,,,0
UMTS,605,3,2100,656242,0,10.133,36.789,1000,1,1,,,0
UMTS,605,2,250,200402,0,10.133,36.79,1000,1,1,,,0
UMTS,605,1,10011,7274802,0,10.133,36.79,1000,1,1,,,0
UMTS,605,3,2156,686232,0,10.133,36.79,1000,1,1,,,0
UMTS,605,3,2100,686231,0,10.134,36.79,1000,1,1,,,0
UMTS,605,2,1020,858089,0,10.134,36.79,1000,1,1,,,0
UMTS,605,3,2164,818720,0,10.134,36.79,1000,1,1,,,0
LTE,605,1,10011,17670,0,10.136,36.79,1000,1,1,,,0
GSM,605,2,418,51433,0,10.138,36.79,2485,1,1,,,0
LTE,605,1,10011,7686,0,10.136,36.791,1000,1,1,,,0
UMTS,605,3,2119,227501,0,10.136,36.791,1000,1,1,,,0
LTE,605,2,1020,11698188,0,10.136,36.791,1000,1,1,,,0
UMTS,605,3,2100,656258,0,10.136,36.791,1000,1,1,,,0
GSM,605,3,1119,16027,0,10.136,36.791,1000,1,1,,,0
GSM,605,3,1119,16632,0,10.136,36.791,1000,1,1,,,0
UMTS,605,1,10011,7276856,0,10.136,36.791,1000,1,1,,,0
UMTS,605,1,10011,7274799,0,10.136,36.791,1000,1,1,,,0
LTE,605,2,137,11588611,0,10.136,36.791,1000,1,1,,,0
UMTS,605,3,2164,686236,0,10.136,36.791,1000,1,1,,,0
UMTS,605,2,136,197107,0,10.138,36.791,1000,1,1,,,0
UMTS,605,3,2164,818715,0,10.138,36.791,1000,1,1,,,0
UMTS,605,3,2100,818715,0,10.138,36.791,1000,1,1,,,0
UMTS,605,3,2100,686236,0,10.132,36.791,1000,1,1,,,0
GSM,605,2,418,52152,0,10.136,36.791,1000,1,1,,,0
LTE,605,2,1020,11622412,0,10.137,36.791,1000,1,1,,,0
LTE,605,1,10011,10756,0,10.142,36.791,2260,1,1,,,0
UMTS,605,2,134,66983,0,10.135,36.792,3936,1,1,,,0
UMTS,605,1,10011,7276396,0,10.133,36.792,1000,1,1,,,0
UMTS,605,3,2100,686252,0,10.143,36.792,1000,1,1,,,0
GSM,605,3,1119,15792,0,10.135,36.793,1000,1,1,,,0
UMTS,605,3,2119,197501,0,10.14,36.793,1000,1,1,,,0
UMTS,605,3,2119,197500,0,10.142,36.793,1000,1,1,,,0
UMTS,605,3,2100,656253,0,10.138,36.793,1000,1,1,,,0
UMTS,605,2,136,198474,0,10.141,36.793,1000,1,1,,,0
UMTS,605,3,2100,656257,0,10.141,36.793,1000,1,1,,,0
UMTS,605,3,2100,656252,0,10.142,36.793,1000,1,1,,,0
LTE,605,2,1020,11532547,0,10.144,36.793,1000,1,1,,,0
LTE,605,2,137,11565571,0,10.144,36.793,1000,1,1,,,0
UMTS,605,3,2100,793925,0,10.144,36.793,1000,1,1,,,0
LTE,605,2,1020,11522050,0,10.139,36.793,1000,1,1,,,0
GSM,605,3,119,16633,0,10.136,36.793,1000,1,1,,,0
UMTS,605,3,2156,197430,0,10.135,36.793,2508,1,1,,,0
UMTS,605,1,10011,7275187,0,10.14,36.793,1415,1,1,,,0
UMTS,605,1,10011,7274917,0,10.137,36.794,1000,1,1,,,0
GSM,605,1,10011,712,0,10.133,36.794,1000,1,1,,,0
GSM,605,2,10011,425,0,10.133,36.794,1000,1,1,,,0
GSM,605,2,10011,424,0,10.133,36.794,1000,1,1,,,0
UMTS,605,3,2100,656278,0,10.133,36.794,1000,1,1,,,0
GSM,605,3,119,15792,0,10.134,36.794,1000,1,1,,,0
UMTS,605,3,2100,655967,0,10.136,36.794,1000,1,1,,,0
UMTS,605,1,10011,67565,0,10.14,36.794,1000,1,1,,,0
UMTS,605,2,1020,903836,0,10.14,36.794,1000,1,1,,,0
UMTS,605,2,210,262977,0,10.14,36.794,1000,1,1,,,0
UMTS,605,2,1020,855973,0,10.138,36.794,1000,1,1,,,0
GSM,605,1,10011,424,0,10.139,36.794,1000,1,1,,,0
UMTS,605,2,1020,856512,0,10.136,36.795,1000,1,1,,,0
UMTS,605,2,1020,854124,0,10.134,36.795,1000,1,1,,,0
UMTS,605,1,10011,7274804,0,10.141,36.795,1000,1,1,,,0
UMTS,605,3,2100,685967,0,10.135,36.795,1000,1,1,,,0
UMTS,605,1,10011,7279717,0,10.143,36.795,1000,1,1,,,0
UMTS,605,3,2100,655962,0,10.134,36.795,1000,1,1,,,0
GSM,605,3,1119,15798,0,10.134,36.795,1000,1,1,,,0
UMTS,605,2,1020,854122,0,10.136,36.795,1000,1,1,,,0
UMTS,605,3,2100,656243,0,10.136,36.795,1000,1,1,,,0
GSM,605,1,10011,306,0,10.137,36.795,1000,1,1,,,0
GSM,605,2,10011,306,0,10.137,36.795,1000,1,1,,,0
GSM,605,1,10011,716,0,10.137,36.795,1000,1,1,,,0
GSM,605,2,10011,426,0,10.138,36.795,1000,1,1,,,0
GSM,605,1,10011,421,0,10.14,36.795,1000,1,1,,,0
GSM,605,2,10011,421,0,10.14,36.795,1000,1,1,,,0
GSM,605,1,10011,426,0,10.134,36.795,1000,1,1,,,0
UMTS,605,2,1020,854153,0,10.137,36.795,1000,1,1,,,0
GSM,605,3,1119,16152,0,10.143,36.795,1000,1,1,,,0
UMTS,605,1,10011,7279396,0,10.143,36.795,1000,1,1,,,0
UMTS,605,1,10011,7279536,0,10.144,36.795,1000,1,1,,,0
UMTS,605,1,10011,7281401,0,10.144,36.795,1000,1,1,,,0
GSM,605,3,1119,16158,0,10.144,36.795,1000,1,1,,,0
UMTS,605,1,10011,7274920,0,10.142,36.795,1361,1,1,,,0
GSM,605,3,1119,16157,0,10.144,36.795,1000,1,1,,,0
UMTS,605,3,2100,686278,0,10.139,36.796,1000,1,1,,,0
UMTS,605,2,137,266275,0,10.15,36.788,5350,1,1,,,0
LTE,605,2,1020,11556621,0,10.156,36.791,1505,1,1,,,0
GSM,605,2,418,51436,0,10.15,36.792,1473,1,1,,,0
GSM,605,3,1125,17183,0,10.155,36.792,1000,1,1,,,0
UMTS,605,2,136,201149,0,10.151,36.792,3279,1,1,,,0
GSM,605,1,10001,173,0,10.152,36.793,1000,1,1,,,0
UMTS,605,3,2100,656261,0,10.154,36.793,1000,1,1,,,0
UMTS,605,3,2119,200591,0,10.155,36.793,1000,1,1,,,0
UMTS,605,3,2164,692706,0,10.155,36.793,1000,1,1,,,0
UMTS,605,3,2164,686252,0,10.145,36.793,1000,1,1,,,0
UMTS,605,3,2100,662705,0,10.145,36.793,1000,1,1,,,0
UMTS,605,3,2100,656267,0,10.145,36.793,1000,1,1,,,0
LTE,605,3,4100,3877388,0,10.147,36.793,1000,1,1,,,0
LTE,605,1,10011,7682,0,10.153,36.793,1000,1,1,,,0
UMTS,605,3,2100,692701,0,10.155,36.793,1000,1,1,,,0
UMTS,605,3,2100,662701,0,10.155,36.793,1000,1,1,,,0
LTE,605,1,10001,4358,0,10.152,36.793,1000,1,1,,,0
GSM,605,3,103,16702,0,10.156,36.793,1000,1,1,,,0
UMTS,605,3,2100,692706,0,10.154,36.793,1000,1,1,,,0
GSM,605,3,1119,16159,0,10.155,36.793,1000,1,1,,,0
LTE,605,1,10011,7685,0,10.145,36.793,1000,1,1,,,0
UMTS,605,3,2119,197130,0,10.15,36.793,1000,1,1,,,0
GSM,605,1,10001,2022,0,10.155,36.793,1000,1,1,,,0
UMTS,605,2,1020,852464,0,10.149,36.793,1000,1,1,,,0
UMTS,605,3,2100,662706,0,10.155,36.794,1000,1,1,,,0
UMTS,605,3,2100,479901,0,10.145,36.794,1000,1,1,,,0
UMTS,605,2,136,197104,0,10.147,36.794,1000,1,1,,,0
UMTS,605,2,136,199473,0,10.147,36.794,1000,1,1,,,0
UMTS,605,3,2119,203950,0,10.148,36.794,1000,1,1,,,0
GSM,605,3,119,16632,0,10.148,36.794,1000,1,1,,,0
GSM,605,2,418,52862,0,10.148,36.794,1000,1,1,,,0
GSM,605,2,418,54222,0,10.148,36.794,1000,1,1,,,0
GSM,605,2,418,58571,0,10.148,36.794,1000,1,1,,,0
UMTS,605,3,2100,659343,0,10.148,36.794,1000,1,1,,,0
UMTS,605,3,2100,689343,0,10.148,36.794,1000,1,1,,,0
UMTS,605,1,10011,7274803,0,10.148,36.794,1000,1,1,,,0
UMTS,605,1,10011,7275191,0,10.148,36.794,1000,1,1,,,0
GSM,605,2,418,50493,0,10.149,36.794,1000,1,1,,,0
UMTS,605,1,10011,69676,0,10.149,36.794,1000,1,1,,,0
UMTS,605,3,2100,656231,0,10.149,36.794,1000,1,1,,,0
UMTS,605,3,2100,656266,0,10.149,36.794,1000,1,1,,,0
UMTS,605,3,2100,659348,0,10.149,36.794,1000,1,1,,,0
LTE,605,1,10011,17667,0,10.149,36.794,1000,1,1,,,0
GSM,605,2,401,51783,0,10.151,36.794,1000,1,1,,,0
UMTS,605,3,2154,662701,0,10.152,36.794,1000,1,1,,,0
LTE,605,1,10011,17666,0,10.152,36.794,1000,1,1,,,0
GSM,605,3,1119,16702,0,10.152,36.794,1000,1,1,,,0
UMTS,605,1,10001,7274801,0,10.153,36.794,1000,1,1,,,0
UMTS,605,3,2100,685882,0,10.153,36.794,1000,1,1,,,0
UMTS,605,3,2164,817464,0,10.153,36.794,1000,1,1,,,0
GSM,605,3,119,15628,0,10.15,36.794,1000,1,1,,,0
GSM,605,1,10001,1323,0,10.151,36.794,1000,1,1,,,0
UMTS,605,3,2157,557831,0,10.151,36.794,1000,1,1,,,0
UMTS,605,1,10011,7275194,0,10.146,36.794,1000,1,1,,,0
GSM,605,2,418,51862,0,10.151,36.794,1000,1,1,,,0
UMTS,605,3,2100,656262,0,10.145,36.795,1000,1,1,,,0
UMTS,605,3,2100,686261,0,10.147,36.795,1000,1,1,,,0
UMTS,605,2,1020,906196,0,10.148,36.795,1000,1,1,,,0
LTE,605,2,1020,11532557,0,10.156,36.795,1000,1,1,,,0
UMTS,605,3,2100,692702,0,10.148,36.795,1000,1,1,,,0
UMTS,605,3,2100,662702,0,10.147,36.795,1000,1,1,,,0
UMTS,605,2,134,68708,0,10.15,36.795,5346,1,1,,,0
UMTS,605,2,1020,856196,0,10.145,36.795,1000,1,1,,,0
UMTS,605,2,137,262173,0,10.145,36.795,1000,1,1,,,0
UMTS,605,2,1020,854125,0,10.145,36.795,1000,1,1,,,0
GSM,605,2,418,53812,0,10.145,36.795,1000,1,1,,,0
UMTS,605,2,136,200833,0,10.147,36.795,1000,1,1,,,0
GSM,605,1,10011,302,0,10.147,36.795,1000,1,1,,,0
GSM,605,1,10001,1741,0,10.147,36.795,1000,1,1,,,0
UMTS,605,1,10001,70366,0,10.147,36.795,1000,1,1,,,0
GSM,605,3,1119,16639,0,10.147,36.795,1000,1,1,,,0
GSM,605,2,418,52852,0,10.147,36.795,1000,1,1,,,0
GSM,605,1,10011,693,0,10.148,36.795,1000,1,1,,,0
GSM,605,1,10017,6934,0,10.148,36.795,1000,1,1,,,0
GSM,605,2,418,52865,0,10.148,36.795,1000,1,1,,,0
GSM,605,2,418,55212,0,10.148,36.795,1000,1,1,,,0
GSM,605,2,10001,796,0,10.148,36.795,1000,1,1,,,0
GSM,605,2,10017,6934,0,10.148,36.795,1000,1,1,,,0
GSM,605,2,10001,1325,0,10.148,36.795,1000,1,1,,,0
GSM,605,2,10017,255,0,10.148,36.795,1000,1,1,,,0
GSM,605,2,418,52863,0,10.148,36.795,1000,1,1,,,0
UMTS,605,2,1020,854836,0,10.148,36.795,1000,1,1,,,0
UMTS,605,1,10011,7278376,0,10.148,36.795,1000,1,1,,,0
UMTS,605,2,1020,854831,0,10.149,36.795,1000,1,1,,,0
UMTS,605,2,1020,907187,0,10.149,36.795,1000,1,1,,,0
UMTS,605,2,1020,904836,0,10.149,36.795,1000,1,1,,,0
UMTS,605,1,10011,7275190,0,10.147,36.795,1000,1,1,,,0
UMTS,605,1,10018,137932,0,10.15,36.795,1000,1,1,,,0
GSM,605,3,1119,18208,0,10.145,36.795,1000,1,1,,,0
GSM,605,3,1119,16151,0,10.146,36.795,1000,1,1,,,0
UMTS,605,1,10011,7276446,0,10.146,36.796,1000,1,1,,,0
GSM,605,1,10011,305,0,10.146,36.796,1000,1,1,,,0
UMTS,605,2,1020,856190,0,10.147,36.796,1000,1,1,,,0
UMTS,605,2,1020,854833,0,10.147,36.796,1000,1,1,,,0
UMTS,605,2,1020,906195,0,10.149,36.796,1000,1,1,,,0
UMTS,605,2,1020,904837,0,10.149,36.796,1000,1,1,,,0
UMTS,605,3,2100,685881,0,10.153,36.796,1000,1,1,,,0
GSM,605,2,401,51435,0,10.163,36.784,1000,1,1,,,0
UMTS,605,3,2100,665302,0,10.168,36.785,3608,1,1,,,0
GSM,605,2,418,51435,0,10.163,36.785,1000,1,1,,,0
UMTS,605,3,2157,659347,0,10.162,36.786,1000,1,1,,,0
UMTS,605,3,2157,655881,0,10.164,36.786,1000,1,1,,,0
UMTS,605,1,10001,67792,0,10.167,36.786,1000,1,1,,,0
UMTS,605,3,2157,557830,0,10.167,36.786,1000,1,1,,,0
UMTS,605,3,2100,659347,0,10.16,36.787,1000,1,1,,,0
UMTS,605,3,2157,662706,0,10.162,36.787,1000,1,1,,,0
UMTS,605,3,2100,527835,0,10.162,36.787,1000,1,1,,,0
UMTS,605,3,2157,527835,0,10.166,36.787,1000,1,1,,,0
UMTS,605,3,2100,689342,0,10.159,36.787,4218,1,1,,,0
LTE,605,3,4100,3917059,0,10.167,36.787,3924,1,1,,,0
LTE,605,1,10001,4355,0,10.164,36.788,1000,1,1,,,0
UMTS,605,2,1020,853401,0,10.165,36.788,1000,1,1,,,0
UMTS,605,2,1020,853403,0,10.168,36.788,1000,1,1,,,0
GSM,605,3,123,16702,0,10.16,36.788,1000,1,1,,,0
LTE,605,1,10011,17669,0,10.16,36.788,1000,1,1,,,0
UMTS,605,3,2157,527830,0,10.162,36.788,1000,1,1,,,0
GSM,605,2,418,51434,0,10.166,36.788,1000,1,1,,,0
GSM,605,3,1125,17182,0,10.166,36.788,1000,1,1,,,0
UMTS,605,2,136,247106,0,10.166,36.788,1000,1,1,,,0
UMTS,605,1,10001,67558,0,10.166,36.788,1000,1,1,,,0
UMTS,605,1,10001,71446,0,10.166,36.788,1000,1,1,,,0
GSM,605,3,1119,15621,0,10.167,36.788,1000,1,1,,,0
GSM,605,3,1125,17188,0,10.167,36.788,1000,1,1,,,0
UMTS,605,1,10001,65709,0,10.167,36.788,1000,1,1,,,0
UMTS,605,3,2157,527831,0,10.167,36.788,1000,1,1,,,0
LTE,605,3,4100,3944716,0,10.162,36.789,2629,1,1,,,0
LTE,605,2,1020,11743499,0,10.166,36.789,1000,1,1,,,0
LTE,605,2,1020,11743500,0,10.166,36.789,1000,1,1,,,0
GSM,605,3,1125,17181,0,10.168,36.789,1000,1,1,,,0
GSM,605,3,1119,10762,0,10.16,36.789,1000,1,1,,,0
UMTS,605,1,10001,65715,0,10.164,36.789,1669,1,1,,,0
GSM,605,1,10001,176,0,10.161,36.789,1000,1,1,,,0
UMTS,605,2,1020,903407,0,10.164,36.789,1000,1,1,,,0
GSM,605,3,1119,10148,0,10.164,36.789,1000,1,1,,,0
UMTS,605,3,2105,69078,0,10.167,36.789,1000,1,1,,,0
UMTS,605,3,2100,659342,0,10.156,36.79,1000,1,1,,,0
UMTS,605,3,2157,659342,0,10.16,36.79,1000,1,1,,,0
UMTS,605,2,136,198041,0,10.16,36.79,1000,1,1,,,0
UMTS,605,3,2100,527830,0,10.16,36.79,1000,1,1,,,0
LTE,605,1,10001,33794,0,10.16,36.79,1000,1,1,,,0
UMTS,605,3,2157,557829,0,10.16,36.79,1000,1,1,,,0
UMTS,605,2,1020,903405,0,10.162,36.79,1000,1,1,,,0
UMTS,605,2,1020,853405,0,10.162,36.79,1000,1,1,,,0
UMTS,605,1,10001,72886,0,10.163,36.79,1000,1,1,,,0
UMTS,605,3,2105,197509,0,10.164,36.79,1000,1,1,,,0
UMTS,605,1,10001,67561,0,10.164,36.79,1000,1,1,,,0
UMTS,605,3,2157,655886,0,10.164,36.79,1000,1,1,,,0
UMTS,605,1,10001,65712,0,10.166,36.79,1000,1,1,,,0
GSM,605,1,10001,171,0,10.167,36.79,1000,1,1,,,0
LTE,605,2,1020,11743501,0,10.165,36.79,1000,1,1,,,0
UMTS,605,3,2143,198010,0,10.165,36.79,1000,1,1,,,0
UMTS,605,3,2157,557835,0,10.159,36.79,1103,1,1,,,0
UMTS,605,3,2100,557836,0,10.161,36.79,1000,1,1,,,0
UMTS,605,2,136,198044,0,10.16,36.791,1000,1,1,,,0
UMTS,605,2,136,248047,0,10.16,36.791,1000,1,1,,,0
GSM,605,3,119,16151,0,10.163,36.791,1000,1,1,,,0
UMTS,605,3,2143,197350,0,10.164,36.791,1000,1,1,,,0
UMTS,605,3,2100,1426078,0,10.164,36.791,1000,1,1,,,0
UMTS,605,2,1020,852460,0,10.164,36.791,1000,1,1,,,0
UMTS,605,2,1020,853404,0,10.157,36.791,1000,1,1,,,0
UMTS,605,3,2157,557836,0,10.16,36.791,1000,1,1,,,0
UMTS,605,3,2119,200590,0,10.161,36.791,1000,1,1,,,0
GSM,605,3,119,15798,0,10.164,36.791,2712,1,1,,,0
LTE,605,1,10001,51718,0,10.158,36.791,1000,1,1,,,0
UMTS,605,3,2100,688452,0,10.161,36.791,1000,1,1,,,0
UMTS,605,3,2100,689347,0,10.161,36.792,1000,1,1,,,0
LTE,605,2,1020,11567628,0,10.161,36.792,1000,1,1,,,0
UMTS,605,1,10001,72892,0,10.156,36.792,1000,1,1,,,0
GSM,605,2,418,50495,0,10.159,36.792,1000,1,1,,,0
UMTS,605,3,2157,557104,0,10.165,36.792,1000,1,1,,,0
LTE,605,2,1020,11522060,0,10.162,36.792,1000,1,1,,,0
UMTS,605,1,10001,67559,0,10.161,36.792,1000,1,1,,,0
UMTS,605,1,10001,67695,0,10.163,36.792,1000,1,1,,,0
UMTS,605,1,10001,67562,0,10.161,36.792,1000,1,1,,,0
UMTS,605,3,2105,68348,0,10.167,36.793,1000,1,1,,,0
UMTS,605,3,2119,203949,0,10.156,36.793,1000,1,1,,,0
UMTS,605,1,10001,69676,0,10.16,36.793,1000,1,1,,,0
UMTS,605,1,10001,66238,0,10.16,36.793,1000,1,1,,,0
UMTS,605,3,2100,1426079,0,10.162,36.793,1000,1,1,,,0
GSM,605,2,418,50492,0,10.163,36.793,1000,1,1,,,0
UMTS,605,3,2100,37879888,0,10.163,36.793,1000,1,1,,,0
UMTS,605,3,2100,1426074,0,10.163,36.793,1000,1,1,,,0
UMTS,605,3,2157,527104,0,10.163,36.793,1000,1,1,,,0
GSM,605,3,1125,17842,0,10.166,36.793,1000,1,1,,,0
UMTS,605,2,136,198931,0,10.167,36.793,1000,1,1,,,0
UMTS,605,2,1020,852463,0,10.167,36.793,1000,1,1,,,0
GSM,605,3,1119,10142,0,10.158,36.793,1000,1,1,,,0
GSM,605,3,119,15627,0,10.163,36.793,1000,1,1,,,0
LTE,605,1,10001,1325,0,10.163,36.793,1151,1,1,,,0
GSM,605,3,103,16708,0,10.16,36.793,1000,1,1,,,0
UMTS,605,3,2143,198030,0,10.163,36.793,1000,1,1,,,0
UMTS,605,3,2100,695302,0,10.16,36.793,1000,1,1,,,0
UMTS,605,3,2100,665307,0,10.163,36.793,1000,1,1,,,0
GSM,605,1,10017,2172,0,10.167,36.793,1196,1,1,,,0
UMTS,605,3,2105,50594049,0,10.168,36.793,1000,1,1,,,0
UMTS,605,3,2119,197509,0,10.161,36.793,1271,1,1,,,0
LTE,605,3,4100,3962636,0,10.163,36.794,1000,1,1,,,0
LTE,605,1,2100,695302,0,10.163,36.794,1000,1,1,,,0
LTE,605,1,2100,665307,0,10.163,36.794,1000,1,1,,,0
UMTS,605,3,2143,50594049,0,10.163,36.794,1000,1,1,,,0
UMTS,605,3,2143,333922,0,10.163,36.794,1000,1,1,,,0
UMTS,605,3,2119,197640,0,10.163,36.794,1000,1,1,,,0
UMTS,605,3,2156,655881,0,10.163,36.794,1000,1,1,,,0
UMTS,605,3,2100,655881,0,10.163,36.794,1000,1,1,,,0
UMTS,605,3,2156,200580,0,10.163,36.794,1000,1,1,,,0
UMTS,605,3,2105,199699,0,10.164,36.794,1000,1,1,,,0
UMTS,605,2,137,266276,0,10.166,36.794,1000,1,1,,,0
UMTS,605,1,10011,7274801,0,10.156,36.794,2092,1,1,,,0
UMTS,605,3,2100,689348,0,10.158,36.794,1000,1,1,,,0
GSM,605,3,1119,10768,0,10.162,36.794,1000,1,1,,,0
LTE,605,3,4119,3939851,0,10.163,36.794,1000,1,1,,,0
GSM,605,2,418,50496,0,10.163,36.794,1000,1,1,,,0
UMTS,605,2,1020,852462,0,10.164,36.794,1000,1,1,,,0
UMTS,605,3,2100,665306,0,10.165,36.794,1000,1,1,,,0
UMTS,605,2,1020,852461,0,10.163,36.795,1000,1,1,,,0
LTE,605,3,4119,3939841,0,10.163,36.795,1000,1,1,,,0
UMTS,605,3,2100,658452,0,10.158,36.795,1000,1,1,,,0
UMTS,605,3,2100,688903,0,10.163,36.795,1000,1,1,,,0
UMTS,605,1,2157,171,0,10.163,36.795,1000,1,1,,,0
UMTS,605,3,2100,658906,0,10.163,36.795,1000,1,1,,,0
UMTS,605,3,2100,659341,0,10.16,36.795,1000,1,1,,,0
UMTS,605,2,136,247107,0,10.163,36.795,1000,1,1,,,0
UMTS,605,3,2100,665308,0,10.163,36.795,1000,1,1,,,0
UMTS,605,2,1020,852459,0,10.163,36.795,1000,1,1,,,0
GSM,605,1,10001,2021,0,10.163,36.795,1000,1,1,,,0
UMTS,605,2,1020,852465,0,10.163,36.795,1000,1,1,,,0
UMTS,605,3,2125,199699,0,10.164,36.795,1000,1,1,,,0
UMTS,605,2,136,202200,0,10.164,36.795,1000,1,1,,,0
UMTS,605,3,2100,16702,0,10.164,36.795,1000,1,1,,,0
GSM,605,3,105,17843,0,10.167,36.795,1000,1,1,,,0
GSM,605,3,125,15079,0,10.167,36.795,1000,1,1,,,0
GSM,605,3,1119,10149,0,10.158,36.795,1000,1,1,,,0
UMTS,605,3,2100,665303,0,10.163,36.795,1000,1,1,,,0
UMTS,605,3,2105,68349,0,10.168,36.795,1000,1,1,,,0
UMTS,605,1,10001,66861,0,10.164,36.795,1000,1,1,,,0
UMTS,605,3,2100,695303,0,10.163,36.796,1000,1,1,,,0
GSM,605,1,10001,1321,0,10.168,36.796,1000,1,1,,,0
UMTS,605,1,10001,66858,0,10.164,36.796,1000,1,1,,,0
LTE,605,1,10001,3134,0,10.178,36.784,1000,1,1,,,0
LTE,605,1,10001,3136,0,10.177,36.784,1000,1,1,,,0
UMTS,605,3,2157,527829,0,10.171,36.784,1000,1,1,,,0
UMTS,605,1,10001,65711,0,10.173,36.784,1000,1,1,,,0
UMTS,605,1,10001,65706,0,10.173,36.784,1000,1,1,,,0
UMTS,605,1,10001,70806,0,10.173,36.784,1000,1,1,,,0
UMTS,605,2,1020,852379,0,10.173,36.784,1000,1,1,,,0
UMTS,605,2,1020,902385,0,10.173,36.784,1000,1,1,,,0
UMTS,605,2,136,197019,0,10.174,36.784,1000,1,1,,,0
UMTS,605,2,136,247025,0,10.174,36.784,1000,1,1,,,0
GSM,605,2,417,54133,0,10.175,36.784,1000,1,1,,,0
UMTS,605,1,10001,67790,0,10.177,36.784,1000,1,1,,,0
UMTS,605,3,2164,792418,0,10.177,36.784,1000,1,1,,,0
GSM,605,2,417,54132,0,10.178,36.784,1000,1,1,,,0
GSM,605,1,10001,2251,0,10.178,36.784,1000,1,1,,,0
UMTS,605,3,2157,137053,0,10.18,36.784,1000,1,1,,,0
UMTS,605,2,137,316282,0,10.18,36.784,1000,1,1,,,0
UMTS,605,3,2154,137053,0,10.178,36.784,1000,1,1,,,0
LTE,605,3,4195,3858971,0,10.174,36.785,1000,1,1,,,0
UMTS,605,3,2195,229406,0,10.173,36.785,1000,1,1,,,0
UMTS,605,1,10001,68672,0,10.172,36.785,1000,1,1,,,0
UMTS,605,2,137,316283,0,10.174,36.785,1000,1,1,,,0
UMTS,605,3,2125,68958,0,10.18,36.785,1000,1,1,,,0
UMTS,605,1,10001,65708,0,10.17,36.786,1000,1,1,,,0
UMTS,605,3,2157,527834,0,10.17,36.786,1000,1,1,,,0
UMTS,605,2,136,198043,0,10.17,36.786,1000,1,1,,,0
GSM,605,3,1154,17172,0,10.17,36.786,1000,1,1,,,0
UMTS,605,2,136,198040,0,10.171,36.786,1000,1,1,,,0
UMTS,605,2,136,197022,0,10.175,36.786,1000,1,1,,,0
UMTS,605,1,10001,67787,0,10.177,36.786,1000,1,1,,,0
GSM,605,3,1125,17841,0,10.174,36.786,1000,1,1,,,0
UMTS,605,3,2195,230030,0,10.18,36.786,1000,1,1,,,0
LTE,605,3,4195,3854348,0,10.18,36.786,1000,1,1,,,0
LTE,605,3,4195,3904258,0,10.18,36.786,1000,1,1,,,0
LTE,605,3,4195,3854358,0,10.18,36.786,1000,1,1,,,0
LTE,605,3,4100,3917057,0,10.17,36.786,1000,1,1,,,0
GSM,605,1,10001,1883,0,10.172,36.786,1000,1,1,,,0
UMTS,605,2,137,266282,0,10.18,36.786,1000,1,1,,,0
UMTS,605,2,137,263616,0,10.18,36.786,1000,1,1,,,0
UMTS,605,3,2154,164513,0,10.172,36.786,1000,1,1,,,0
UMTS,605,1,10001,66431,0,10.18,36.786,1000,1,1,,,0
GSM,605,2,418,51432,0,10.169,36.786,1000,1,1,,,0
GSM,605,1,10001,2152,0,10.17,36.787,1000,1,1,,,0
UMTS,605,3,2137,68329,0,10.172,36.787,1000,1,1,,,0
UMTS,605,2,1020,903406,0,10.172,36.787,1000,1,1,,,0
UMTS,605,3,2157,527099,0,10.173,36.787,1000,1,1,,,0
GSM,605,1,10001,1512,0,10.175,36.787,1000,1,1,,,0
UMTS,605,3,2137,68958,0,10.179,36.787,1000,1,1,,,0
UMTS,605,1,10001,65707,0,10.169,36.787,1000,1,1,,,0
UMTS,605,2,1020,853399,0,10.169,36.787,1000,1,1,,,0
UMTS,605,3,2154,132109,0,10.169,36.787,1000,1,1,,,0
UMTS,605,1,10001,67694,0,10.169,36.787,1000,1,1,,,0
UMTS,605,1,10001,67689,0,10.169,36.787,1000,1,1,,,0
UMTS,605,1,10001,67688,0,10.169,36.787,1000,1,1,,,0
UMTS,605,1,10001,72986,0,10.169,36.787,1000,1,1,,,0
UMTS,605,2,136,198046,0,10.17,36.787,1000,1,1,,,0
GSM,605,1,10001,2151,0,10.171,36.787,1000,1,1,,,0
UMTS,605,3,2157,527080,0,10.173,36.787,1000,1,1,,,0
GSM,605,1,10001,2153,0,10.173,36.787,1000,1,1,,,0
UMTS,605,1,10001,67905,0,10.175,36.787,1000,1,1,,,0
UMTS,605,3,2157,527085,0,10.178,36.787,1000,1,1,,,0
GSM,605,1,10001,172,0,10.178,36.787,1000,1,1,,,0
GSM,605,1,10001,892,0,10.178,36.787,1000,1,1,,,0
UMTS,605,2,1020,853406,0,10.178,36.787,1000,1,1,,,0
UMTS,605,2,137,263619,0,10.18,36.787,1000,1,1,,,0
LTE,605,2,137,11557634,0,10.18,36.787,1000,1,1,,,0
GSM,605,2,417,51486,0,10.18,36.787,1000,1,1,,,0
UMTS,605,3,2137,68328,0,10.176,36.787,1000,1,1,,,0
UMTS,605,3,2137,69078,0,10.168,36.788,1000,1,1,,,0
UMTS,605,3,2157,557086,0,10.174,36.788,1000,1,1,,,0
UMTS,605,3,2157,527081,0,10.172,36.788,1000,1,1,,,0
GSM,605,1,10001,743,0,10.176,36.788,1000,1,1,,,0
UMTS,605,2,134,67019,0,10.177,36.788,1000,1,1,,,0
GSM,605,1,10001,893,0,10.178,36.788,1000,1,1,,,0
UMTS,605,2,134,67022,0,10.179,36.788,1000,1,1,,,0
UMTS,605,2,136,248045,0,10.169,36.788,1000,1,1,,,0
UMTS,605,2,136,198042,0,10.17,36.788,1000,1,1,,,0
GSM,605,2,418,50411,0,10.171,36.788,1000,1,1,,,0
UMTS,605,2,136,67019,0,10.173,36.788,1000,1,1,,,0
UMTS,605,3,2157,527086,0,10.174,36.788,1000,1,1,,,0
GSM,605,1,10001,742,0,10.175,36.788,1000,1,1,,,0
GSM,605,3,1125,15763,0,10.175,36.788,1000,1,1,,,0
UMTS,605,2,1020,854290,0,10.175,36.788,1000,1,1,,,0
UMTS,605,2,1020,854296,0,10.175,36.788,1000,1,1,,,0
GSM,605,3,1125,15073,0,10.175,36.789,1000,1,1,,,0
UMTS,605,2,1020,852466,0,10.175,36.789,1000,1,1,,,0
UMTS,605,1,10001,67422,0,10.175,36.789,1000,1,1,,,0
UMTS,605,2,4157,3858947,0,10.172,36.79,1000,1,1,,,0
UMTS,605,2,136,198039,0,10.17,36.79,1000,1,1,,,0
UMTS,605,2,210,267310,0,10.171,36.79,1000,1,1,,,0
UMTS,605,1,10001,66426,0,10.175,36.79,1000,1,1,,,0
UMTS,605,1,10001,67401,0,10.175,36.79,1000,1,1,,,0
UMTS,605,1,10001,66432,0,10.175,36.79,1000,1,1,,,0
UMTS,605,1,10001,67398,0,10.175,36.79,1000,1,1,,,0
UMTS,605,1,10001,66429,0,10.178,36.79,1000,1,1,,,0
UMTS,605,3,2157,1426079,0,10.18,36.79,1000,1,1,,,0
GSM,605,3,1125,17883,0,10.177,36.79,1000,1,1,,,0
GSM,605,2,417,51476,0,10.179,36.79,1000,1,1,,,0
GSM,605,3,1125,17889,0,10.179,36.79,1000,1,1,,,0
UMTS,605,1,10001,70726,0,10.176,36.79,1000,1,1,,,0
UMTS,605,3,2157,527711,0,10.178,36.79,1000,1,1,,,0
GSM,605,3,1125,15609,0,10.177,36.79,1000,1,1,,,0
GSM,605,1,10001,1863,0,10.174,36.79,1000,1,1,,,0
GSM,605,1,10001,2363,0,10.177,36.79,1000,1,1,,,0
UMTS,605,3,2157,527836,0,10.173,36.79,1000,1,1,,,0
GSM,605,3,1125,15079,0,10.176,36.79,1000,1,1,,,0
GSM,605,1,10001,741,0,10.175,36.79,1000,1,1,,,0
UMTS,605,2,134,66978,0,10.179,36.79,1000,1,1,,,0
UMTS,605,3,2157,526961,0,10.18,36.791,1000,1,1,,,0
LTE,605,1,10001,32517,0,10.179,36.791,1000,1,1,,,0
GSM,605,1,10001,2254,0,10.176,36.791,1000,1,1,,,0
GSM,605,1,10001,1882,0,10.178,36.791,1000,1,1,,,0
UMTS,605,3,2125,68959,0,10.178,36.791,1000,1,1,,,0
UMTS,605,3,2157,527716,0,10.179,36.791,1000,1,1,,,0
UMTS,605,3,2157,526966,0,10.18,36.791,1000,1,1,,,0
UMTS,605,3,2105,98348,0,10.169,36.791,1000,1,1,,,0
UMTS,605,2,136,197103,0,10.169,36.791,1000,1,1,,,0
UMTS,605,2,136,198933,0,10.169,36.791,1000,1,1,,,0
UMTS,605,2,136,248936,0,10.169,36.791,1000,1,1,,,0
GSM,605,3,1125,17848,0,10.169,36.791,1000,1,1,,,0
UMTS,605,2,1020,854293,0,10.17,36.791,1000,1,1,,,0
UMTS,605,3,2157,557084,0,10.173,36.791,1000,1,1,,,0
UMTS,605,2,1020,902465,0,10.174,36.791,1000,1,1,,,0
UMTS,605,3,2157,556660,0,10.177,36.791,1000,1,1,,,0
GSM,605,1,10001,1881,0,10.178,36.791,1000,1,1,,,0
UMTS,605,3,2157,526665,0,10.178,36.791,1000,1,1,,,0
GSM,605,2,417,51445,0,10.178,36.791,1000,1,1,,,0
UMTS,605,2,1020,853402,0,10.178,36.791,1000,1,1,,,0
UMTS,605,2,1020,854402,0,10.178,36.791,1000,1,1,,,0
UMTS,605,1,10001,66435,0,10.178,36.791,1000,1,1,,,0
UMTS,605,1,10001,67420,0,10.178,36.791,1000,1,1,,,0
GSM,605,3,1125,15607,0,10.178,36.791,1000,1,1,,,0
GSM,605,3,1125,61191,0,10.178,36.791,1000,1,1,,,0
GSM,605,2,418,53712,0,10.178,36.791,1000,1,1,,,0
UMTS,605,1,10001,66280,0,10.178,36.791,1000,1,1,,,0
UMTS,605,2,134,66985,0,10.178,36.791,1000,1,1,,,0
UMTS,605,1,10001,68641,0,10.178,36.791,1000,1,1,,,0
GSM,605,2,417,51446,0,10.178,36.791,1000,1,1,,,0
UMTS,605,1,10001,86346,0,10.178,36.791,1000,1,1,,,0
UMTS,605,3,2105,68347,0,10.17,36.791,1000,1,1,,,0
UMTS,605,1,10001,72296,0,10.174,36.791,1000,1,1,,,0
UMTS,605,1,10001,67419,0,10.175,36.791,1000,1,1,,,0
UMTS,605,3,2157,556661,0,10.177,36.791,1000,1,1,,,0
GSM,605,1,10001,1884,0,10.178,36.791,1000,1,1,,,0
UMTS,605,1,10001,67418,0,10.178,36.791,1000,1,1,,,0
UMTS,605,1,10001,67400,0,10.178,36.791,1000,1,1,,,0
UMTS,605,1,10001,65771,0,10.169,36.791,1000,1,1,,,0
GSM,605,3,1125,17847,0,10.176,36.791,1000,1,1,,,0
GSM,605,1,10001,1861,0,10.178,36.792,1000,1,1,,,0
UMTS,605,1,10001,67417,0,10.178,36.792,1000,1,1,,,0
UMTS,605,1,10001,67403,0,10.178,36.792,1000,1,1,,,0
GSM,605,1,10001,791,0,10.172,36.792,1512,1,1,,,0
UMTS,605,2,134,67929,0,10.171,36.792,1000,1,1,,,0
UMTS,605,3,2157,526661,0,10.177,36.792,1000,1,1,,,0
UMTS,605,3,2157,557079,0,10.177,36.792,1000,1,1,,,0
GSM,605,2,417,53954,0,10.178,36.792,1000,1,1,,,0
LTE,605,1,10001,29445,0,10.177,36.792,1000,1,1,,,0
UMTS,605,1,10001,71057,0,10.176,36.792,1000,1,1,,,0
UMTS,605,3,2157,556666,0,10.177,36.792,1000,1,1,,,0
GSM,605,1,10001,896,0,10.177,36.792,1000,1,1,,,0
GSM,605,2,417,50246,0,10.18,36.792,1000,1,1,,,0
GSM,605,1,10001,1155,0,10.177,36.792,1000,1,1,,,0
UMTS,605,1,10001,70496,0,10.178,36.792,1000,1,1,,,0
UMTS,605,1,10001,67397,0,10.178,36.792,1000,1,1,,,0
UMTS,605,3,2125,67909,0,10.177,36.793,1000,1,1,,,0
GSM,605,3,1125,15762,0,10.177,36.793,1000,1,1,,,0
UMTS,605,3,2157,526660,0,10.18,36.793,1000,1,1,,,0
UMTS,605,2,136,197100,0,10.169,36.793,1000,1,1,,,0
UMTS,605,2,136,248937,0,10.169,36.793,1000,1,1,,,0
UMTS,605,3,2154,137055,0,10.169,36.793,1000,1,1,,,0
UMTS,605,2,1020,902466,0,10.169,36.793,1000,1,1,,,0
UMTS,605,2,136,198930,0,10.17,36.793,1000,1,1,,,0
UMTS,605,1,10001,65768,0,10.17,36.793,1000,1,1,,,0
GSM,605,1,10001,233,0,10.17,36.793,1000,1,1,,,0
UMTS,605,2,137,313591,0,10.177,36.793,1000,1,1,,,0
GSM,605,2,417,51444,0,10.177,36.793,1000,1,1,,,0
UMTS,605,3,2157,527130,0,10.177,36.793,1000,1,1,,,0
UMTS,605,1,10001,67421,0,10.178,36.793,1000,1,1,,,0
UMTS,605,1,10005,67417,0,10.18,36.793,1000,1,1,,,0
UMTS,605,3,2157,526666,0,10.176,36.793,1000,1,1,,,0
GSM,605,3,1119,10761,0,10.17,36.793,1000,1,1,,,0
GSM,605,1,10001,3105,0,10.176,36.793,1000,1,1,,,0
GSM,605,3,1105,16659,0,10.179,36.793,1000,1,1,,,0
UMTS,605,3,2157,526664,0,10.179,36.793,1000,1,1,,,0
UMTS,605,2,134,66982,0,10.175,36.794,1000,1,1,,,0
UMTS,605,2,134,66980,0,10.175,36.794,1000,1,1,,,0
LTE,605,1,10001,68638,0,10.177,36.794,1000,1,1,,,0
UMTS,605,3,2157,556971,0,10.178,36.794,4380,1,1,,,0
UMTS,605,2,136,198929,0,10.169,36.794,1000,1,1,,,0
UMTS,605,2,134,121624,0,10.17,36.794,1000,1,1,,,0
UMTS,605,1,10001,71766,0,10.173,36.794,1000,1,1,,,0
UMTS,605,1,10001,69156,0,10.177,36.794,1000,1,1,,,0
UMTS,605,2,137,263588,0,10.177,36.794,1000,1,1,,,0
UMTS,605,2,137,263585,0,10.177,36.794,1000,1,1,,,0
GSM,605,1,10001,1864,0,10.177,36.794,1000,1,1,,,0
UMTS,605,1,10001,67560,0,10.178,36.794,1000,1,1,,,0
UMTS,605,3,2157,556659,0,10.18,36.794,1000,1,1,,,0
UMTS,605,1,10001,67904,0,10.18,36.794,1000,1,1,,,0
LTE,605,1,10001,32514,0,10.173,36.794,1000,1,1,,,0
GSM,605,3,1125,15601,0,10.173,36.794,1000,1,1,,,0
UMTS,605,3,2125,67907,0,10.178,36.794,1000,1,1,,,0
UMTS,605,2,134,66977,0,10.177,36.794,1000,1,1,,,0
UMTS,605,3,2157,556959,0,10.18,36.794,1000,1,1,,,0
UMTS,605,3,2105,68219,0,10.175,36.794,1000,1,1,,,0
GSM,605,3,1125,15768,0,10.176,36.794,1000,1,1,,,0
GSM,605,3,1125,15078,0,10.18,36.794,1000,1,1,,,0
GSM,605,3,1105,16669,0,10.176,36.794,1000,1,1,,,0
UMTS,605,2,4157,3917059,0,10.172,36.794,1677,1,1,,,0
GSM,605,3,1119,10767,0,10.172,36.795,1000,1,1,,,0
GSM,605,1,10001,185,0,10.179,36.795,1000,1,1,,,0
GSM,605,2,417,51441,0,10.179,36.795,1000,1,1,,,0
LTE,605,1,10001,48137,0,10.173,36.795,1000,1,1,,,0
LTE,605,2,1020,11565835,0,10.173,36.795,1000,1,1,,,0
GSM,605,3,1105,16653,0,10.179,36.795,1000,1,1,,,0
LTE,605,1,10001,18950,0,10.173,36.795,1000,1,1,,,0
LTE,605,2,1020,11565837,0,10.173,36.795,1000,1,1,,,0
UMTS,605,2,136,197099,0,10.169,36.795,1000,1,1,,,0
UMTS,605,1,10001,65767,0,10.169,36.795,1000,1,1,,,0
UMTS,605,3,2100,33796,0,10.17,36.795,1000,1,1,,,0
LTE,605,3,4157,3861517,0,10.173,36.795,1000,1,1,,,0
UMTS,605,2,134,71621,0,10.173,36.795,1000,1,1,,,0
UMTS,605,2,134,67330,0,10.174,36.795,1000,1,1,,,0
UMTS,605,1,10001,68639,0,10.174,36.795,1000,1,1,,,0
UMTS,605,2,134,117334,0,10.175,36.795,1000,1,1,,,0
UMTS,605,3,2157,585889,0,10.175,36.795,1000,1,1,,,0
GSM,605,3,1125,61607,0,10.175,36.795,1000,1,1,,,0
UMTS,605,2,1020,853766,0,10.175,36.795,1000,1,1,,,0
UMTS,605,2,134,65932,0,10.177,36.795,1000,1,1,,,0
GSM,605,2,417,50393,0,10.178,36.795,1000,1,1,,,0
UMTS,605,2,137,266095,0,10.18,36.795,1000,1,1,,,0
UMTS,605,1,10001,66694,0,10.18,36.795,1000,1,1,,,0
UMTS,605,3,2157,556975,0,10.18,36.795,1000,1,1,,,0
UMTS,605,1,10001,67557,0,10.18,36.795,1000,1,1,,,0
UMTS,605,3,2157,377499,0,10.18,36.795,1000,1,1,,,0
UMTS,605,2,134,67331,0,10.174,36.795,1000,1,1,,,0
GSM,605,3,1105,16663,0,10.176,36.795,1000,1,1,,,0
UMTS,605,3,2157,556664,0,10.178,36.795,1000,1,1,,,0
UMTS,605,2,134,69489,0,10.179,36.795,1000,1,1,,,0
UMTS,605,2,134,117935,0,10.18,36.795,1000,1,1,,,0
UMTS,605,3,2157,556976,0,10.176,36.795,1000,1,1,,,0
UMTS,605,3,2105,68218,0,10.179,36.796,1000,1,1,,,0
UMTS,605,1,10001,71099,0,10.178,36.796,1000,1,1,,,0
GSM,605,3,1125,61521,0,10.174,36.796,1000,1,1,,,0
GSM,605,1,10001,1275,0,10.169,36.796,1000,1,1,,,0
UMTS,605,2,134,67327,0,10.173,36.796,1000,1,1,,,0
GSM,605,1,10001,182,0,10.18,36.796,1000,1,1,,,0
UMTS,605,3,2157,526659,0,10.179,36.796,1000,1,1,,,0
GSM,605,3,1125,15761,0,10.172,36.796,1000,1,1,,,0
UMTS,605,2,134,121233,0,10.177,36.796,1000,1,1,,,0
UMTS,605,2,134,69492,0,10.177,36.796,1000,1,1,,,0
GSM,605,3,1105,16662,0,10.18,36.796,1000,1,1,,,0
UMTS,605,1,10001,68637,0,10.178,36.796,1000,1,1,,,0
UMTS,605,1,10001,71278,0,10.18,36.784,1000,1,1,,,0
UMTS,605,3,2157,137058,0,10.181,36.784,1000,1,1,,,0
GSM,605,3,1154,10217,0,10.18,36.785,1000,1,1,,,0
UMTS,605,3,2157,557710,0,10.181,36.785,1000,1,1,,,0
UMTS,605,3,2157,527710,0,10.18,36.785,1000,1,1,,,0
LTE,605,3,4157,3854348,0,10.182,36.786,1236,1,1,,,0
GSM,605,2,401,51784,0,10.181,36.786,1000,1,1,,,0
GSM,605,2,401,51472,0,10.181,36.786,1000,1,1,,,0
UMTS,605,1,10001,72640,0,10.182,36.786,1000,1,1,,,0
GSM,605,1,10001,894,0,10.183,36.786,1000,1,1,,,0
UMTS,605,2,1020,904406,0,10.187,36.786,1000,1,1,,,0
UMTS,605,3,2195,230035,0,10.18,36.786,1000,1,1,,,0
LTE,605,3,4195,3904268,0,10.18,36.786,1000,1,1,,,0
UMTS,605,1,10001,67793,0,10.191,36.786,1000,1,1,,,0
GSM,605,1,10001,1862,0,10.18,36.786,1000,1,1,,,0
GSM,605,2,417,51473,0,10.18,36.786,1000,1,1,,,0
UMTS,605,1,2164,66428,0,10.181,36.786,1000,1,1,,,0
LTE,605,1,10001,895,0,10.18,36.787,1000,1,1,,,0
UMTS,605,1,10001,69466,0,10.18,36.787,1000,1,1,,,0
UMTS,605,3,2157,556960,0,10.184,36.787,1000,1,1,,,0
GSM,605,2,401,52743,0,10.186,36.787,1000,1,1,,,0
GSM,605,2,417,54131,0,10.181,36.787,1000,1,1,,,0
UMTS,605,2,137,263618,0,10.181,36.787,1000,1,1,,,0
UMTS,605,2,137,313622,0,10.181,36.787,1000,1,1,,,0
GSM,605,3,1125,17887,0,10.181,36.787,1000,1,1,,,0
GSM,605,3,1125,17882,0,10.181,36.787,1000,1,1,,,0
GSM,605,1,10001,1744,0,10.181,36.787,1000,1,1,,,0
UMTS,605,3,2157,133345,0,10.189,36.787,1000,1,1,,,0
GSM,605,2,134,402,0,10.192,36.787,1000,1,1,,,0
UMTS,605,2,137,262386,0,10.192,36.787,1000,1,1,,,0
UMTS,605,1,10004,67346,0,10.192,36.787,1000,1,1,,,0
LTE,605,3,4195,3854338,0,10.18,36.787,1000,1,1,,,0
UMTS,605,1,10001,66434,0,10.182,36.787,1000,1,1,,,0
GSM,605,1,10001,366,0,10.18,36.787,4022,1,1,,,0
GSM,605,2,417,51475,0,10.181,36.787,1000,1,1,,,0
UMTS,605,3,2137,68957,0,10.181,36.788,1000,1,1,,,0
UMTS,605,1,10001,73026,0,10.183,36.788,1000,1,1,,,0
GSM,605,2,417,50253,0,10.189,36.788,1000,1,1,,,0
UMTS,605,1,10001,66428,0,10.18,36.788,1000,1,1,,,0
LTE,605,3,4195,3904267,0,10.18,36.788,1000,1,1,,,0
LTE,605,3,4157,3854091,0,10.192,36.788,2300,1,1,,,0
UMTS,605,1,10001,66427,0,10.183,36.788,1000,1,1,,,0
GSM,605,2,417,51471,0,10.182,36.788,1000,1,1,,,0
GSM,605,2,417,51472,0,10.182,36.788,1000,1,1,,,0
LTE,605,3,4157,3854338,0,10.183,36.788,1000,1,1,,,0
GSM,605,2,417,51483,0,10.183,36.788,1000,1,1,,,0
GSM,605,3,1125,15608,0,10.186,36.788,1000,1,1,,,0
UMTS,605,3,2157,133348,0,10.191,36.788,1000,1,1,,,0
UMTS,605,3,2157,1426065,0,10.181,36.788,1000,1,1,,,0
UMTS,605,2,137,263615,0,10.181,36.788,1000,1,1,,,0
UMTS,605,2,134,313622,0,10.182,36.788,1000,1,1,,,0
UMTS,605,2,137,67019,0,10.182,36.788,1000,1,1,,,0
UMTS,605,3,2154,164518,0,10.185,36.788,1000,1,1,,,0
LTE,605,1,10001,4354,0,10.186,36.788,1000,1,1,,,0
GSM,605,3,1125,15328,0,10.188,36.788,1000,1,1,,,0
GSM,605,3,1125,17881,0,10.188,36.788,1000,1,1,,,0
UMTS,605,2,134,65788,0,10.191,36.788,1000,1,1,,,0
GSM,605,3,1125,17268,0,10.192,36.788,1000,1,1,,,0
UMTS,605,2,137,68968,0,10.192,36.788,1000,1,1,,,0
UMTS,605,2,137,262389,0,10.192,36.788,1000,1,1,,,0
UMTS,605,2,137,262396,0,10.192,36.788,1000,1,1,,,0
UMTS,605,2,137,262399,0,10.192,36.788,1000,1,1,,,0
UMTS,605,3,2154,557789,0,10.192,36.788,1000,1,1,,,0
UMTS,605,1,10005,67346,0,10.192,36.788,1000,1,1,,,0
UMTS,605,1,10001,66333,0,10.182,36.788,1000,1,1,,,0
UMTS,605,3,2125,68208,0,10.184,36.789,1000,1,1,,,0
GSM,605,1,10001,363,0,10.186,36.789,6676,1,1,,,0
UMTS,605,3,2125,68957,0,10.181,36.789,1000,1,1,,,0
UMTS,605,3,2137,68208,0,10.182,36.789,1000,1,1,,,0
UMTS,605,1,10001,69986,0,10.182,36.789,1000,1,1,,,0
GSM,605,3,1125,17888,0,10.181,36.789,1000,1,1,,,0
GSM,605,2,137,254,0,10.192,36.789,1000,1,1,,,0
UMTS,605,3,2157,527709,0,10.181,36.789,1000,1,1,,,0
UMTS,605,3,2125,99037,0,10.192,36.789,1000,1,1,,,0
LTE,605,1,10001,4869,0,10.192,36.789,1700,1,1,,,0
GSM,605,2,417,51474,0,10.181,36.789,1000,1,1,,,0
UMTS,605,2,137,266278,0,10.183,36.789,1000,1,1,,,0
LTE,605,2,137,11557643,0,10.182,36.789,1000,1,1,,,0
LTE,605,2,134,11557901,0,10.182,36.789,1000,1,1,,,0
UMTS,605,3,2164,818705,0,10.188,36.789,1888,1,1,,,0
LTE,605,1,10001,29441,0,10.192,36.789,1000,1,1,,,0
UMTS,605,3,2157,526965,0,10.183,36.79,1000,1,1,,,0
UMTS,605,1,10001,68516,0,10.191,36.79,1000,1,1,,,0
UMTS,605,3,2157,527714,0,10.18,36.79,1000,1,1,,,0
UMTS,605,3,2125,68209,0,10.181,36.79,1000,1,1,,,0
UMTS,605,2,134,263618,0,10.181,36.79,1000,1,1,,,0
UMTS,605,2,137,313621,0,10.181,36.79,1000,1,1,,,0
GSM,605,2,418,52431,0,10.181,36.79,1000,1,1,,,0
UMTS,605,2,1020,904405,0,10.181,36.79,1000,1,1,,,0
UMTS,605,2,137,313623,0,10.181,36.79,1000,1,1,,,0
UMTS,605,2,137,263620,0,10.181,36.79,1000,1,1,,,0
UMTS,605,2,1020,854405,0,10.181,36.79,1000,1,1,,,0
UMTS,605,3,2157,557085,0,10.181,36.79,1000,1,1,,,0
UMTS,605,2,134,247025,0,10.182,36.79,1000,1,1,,,0
UMTS,605,2,137,263170,0,10.182,36.79,1000,1,1,,,0
LTE,605,1,10001,29442,0,10.182,36.79,1000,1,1,,,0
LTE,605,3,4157,3858956,0,10.184,36.79,1000,1,1,,,0
UMTS,605,3,2125,68198,0,10.186,36.79,1000,1,1,,,0
GSM,605,2,417,53433,0,10.191,36.79,1000,1,1,,,0
GSM,605,2,137,255,0,10.192,36.79,1000,1,1,,,0
GSM,605,3,1125,17263,0,10.192,36.79,1000,1,1,,,0
UMTS,605,1,2157,71817,0,10.189,36.79,1000,1,1,,,0
LTE,605,3,4154,3890443,0,10.184,36.79,1000,1,1,,,0
UMTS,605,1,2164,71817,0,10.187,36.79,1000,1,1,,,0
GSM,605,2,417,52396,0,10.181,36.79,1000,1,1,,,0
UMTS,605,3,2157,556665,0,10.181,36.79,1000,1,1,,,0
GSM,605,2,10001,22788,0,10.184,36.791,1000,1,1,,,0
GSM,605,1,10001,1151,0,10.191,36.791,1000,1,1,,,0
UMTS,605,3,2157,526954,0,10.188,36.791,1000,1,1,,,0
GSM,605,2,134,251,0,10.191,36.791,1000,1,1,,,0
UMTS,605,1,10001,66691,0,10.181,36.791,1000,1,1,,,0
LTE,605,2,134,11581196,0,10.191,36.791,1000,1,1,,,0
LTE,605,2,134,11557899,0,10.191,36.791,1000,1,1,,,0
UMTS,605,1,10001,66690,0,10.188,36.791,1542,1,1,,,0
UMTS,605,1,10001,66687,0,10.186,36.791,1000,1,1,,,0
LTE,605,1,10001,4866,0,10.191,36.791,1219,1,1,,,0
UMTS,605,1,10001,66430,0,10.184,36.791,1000,1,1,,,0
GSM,605,3,1125,15329,0,10.181,36.791,1000,1,1,,,0
GSM,605,3,1125,15323,0,10.181,36.791,1000,1,1,,,0
UMTS,605,3,2137,68207,0,10.182,36.791,1000,1,1,,,0
UMTS,605,2,134,67931,0,10.182,36.791,1000,1,1,,,0
UMTS,605,2,134,117934,0,10.182,36.791,1000,1,1,,,0
UMTS,605,3,2157,526950,0,10.184,36.791,1000,1,1,,,0
LTE,605,3,4154,3890433,0,10.184,36.791,1000,1,1,,,0
UMTS,605,3,2125,98198,0,10.185,36.791,1000,1,1,,,0
UMTS,605,2,137,137698,0,10.185,36.791,1000,1,1,,,0
UMTS,605,3,2157,8208,0,10.186,36.791,1000,1,1,,,0
UMTS,605,2,134,67017,0,10.188,36.791,1000,1,1,,,0
LTE,605,3,4157,3910914,0,10.188,36.791,1000,1,1,,,0
UMTS,605,2,1000,68967,0,10.191,36.791,1000,1,1,,,0
UMTS,605,2,134,67021,0,10.192,36.791,1000,1,1,,,0
LTE,605,3,4157,3854092,0,10.184,36.791,1000,1,1,,,0
UMTS,605,3,2157,526955,0,10.185,36.791,1000,1,1,,,0
GSM,605,3,1105,16658,0,10.19,36.791,1080,1,1,,,0
UMTS,605,3,2157,556961,0,10.18,36.791,1000,1,1,,,0
UMTS,605,2,134,115795,0,10.185,36.791,1000,1,1,,,0
GSM,605,1,10001,1154,0,10.19,36.791,1000,1,1,,,0
UMTS,605,1,2164,71820,0,10.187,36.791,1000,1,1,,,0
UMTS,605,1,2157,526949,0,10.187,36.791,1000,1,1,,,0
GSM,605,2,417,50256,0,10.186,36.791,1000,1,1,,,0
UMTS,605,1,10001,67346,0,10.19,36.791,1000,1,1,,,0
UMTS,605,3,2125,68197,0,10.188,36.792,1000,1,1,,,0
UMTS,605,3,2157,556950,0,10.185,36.792,1000,1,1,,,0
UMTS,605,2,134,115793,0,10.189,36.792,1000,1,1,,,0
GSM,605,2,417,52392,0,10.184,36.792,1000,1,1,,,0
GSM,605,2,134,255,0,10.191,36.792,1000,1,1,,,0
GSM,605,2,417,55691,0,10.182,36.792,1000,1,1,,,0
UMTS,605,3,2157,557080,0,10.182,36.792,1000,1,1,,,0
GSM,605,2,417,52393,0,10.182,36.792,1000,1,1,,,0
UMTS,605,3,2157,526959,0,10.184,36.792,1000,1,1,,,0
GSM,605,1,10001,192,0,10.189,36.792,1000,1,1,,,0
UMTS,605,2,134,65790,0,10.19,36.792,1000,1,1,,,0
UMTS,605,2,134,67928,0,10.184,36.792,1000,1,1,,,0
UMTS,605,3,2157,557010,0,10.191,36.792,1000,1,1,,,0
UMTS,605,1,10001,70807,0,10.183,36.792,1000,1,1,,,0
UMTS,605,3,2157,557015,0,10.188,36.792,1000,1,1,,,0
UMTS,605,1,10001,67386,0,10.181,36.792,1000,1,1,,,0
UMTS,605,1,10001,66688,0,10.182,36.792,1000,1,1,,,0
UMTS,605,3,2157,557099,0,10.182,36.793,1000,1,1,,,0
GSM,605,3,1125,15598,0,10.183,36.793,1000,1,1,,,0
UMTS,605,3,2137,68198,0,10.184,36.793,1000,1,1,,,0
UMTS,605,3,2157,527790,0,10.189,36.793,1000,1,1,,,0
UMTS,605,2,137,266096,0,10.181,36.793,1000,1,1,,,0
UMTS,605,3,2157,526964,0,10.182,36.793,1000,1,1,,,0
UMTS,605,2,134,67932,0,10.182,36.793,1000,1,1,,,0
UMTS,605,2,136,197025,0,10.182,36.793,1000,1,1,,,0
UMTS,605,2,134,65792,0,10.184,36.793,1000,1,1,,,0
UMTS,605,3,2157,557790,0,10.185,36.793,1000,1,1,,,0
UMTS,605,3,2157,556949,0,10.186,36.793,1000,1,1,,,0
UMTS,605,2,134,137695,0,10.186,36.793,1000,1,1,,,0
LTE,605,2,134,11526413,0,10.186,36.793,1000,1,1,,,0
LTE,605,3,4157,3910924,0,10.188,36.793,1000,1,1,,,0
GSM,605,3,1125,17261,0,10.191,36.793,1000,1,1,,,0
GSM,605,3,1125,17262,0,10.191,36.793,1000,1,1,,,0
UMTS,605,2,134,67020,0,10.191,36.793,1000,1,1,,,0
UMTS,605,2,134,68967,0,10.191,36.793,1000,1,1,,,0
LTE,605,1,10001,60418,0,10.191,36.793,1000,1,1,,,0
UMTS,605,1,10006,66290,0,10.188,36.793,1565,1,1,,,0
UMTS,605,1,10001,66692,0,10.181,36.793,1000,1,1,,,0
LTE,605,3,4157,3910933,0,10.191,36.793,1000,1,1,,,0
UMTS,605,3,2125,69037,0,10.191,36.793,1000,1,1,,,0
UMTS,605,3,2137,50594049,0,10.181,36.793,1537,1,1,,,0
GSM,605,2,134,2,0,10.191,36.793,1000,1,1,,,0
UMTS,605,3,2125,99039,0,10.19,36.793,1000,1,1,,,0
UMTS,605,3,2157,557709,0,10.182,36.793,1000,1,1,,,0
GSM,605,2,134,50257,0,10.191,36.793,1000,1,1,,,0
GSM,605,3,1125,15327,0,10.182,36.793,1000,1,1,,,0
GSM,605,2,417,50254,0,10.189,36.793,1000,1,1,,,0
UMTS,605,1,10001,66693,0,10.186,36.793,1000,1,1,,,0
GSM,605,1,10001,1152,0,10.182,36.793,1000,1,1,,,0
UMTS,605,1,10001,65728,0,10.187,36.793,1000,1,1,,,0
UMTS,605,1,10001,71820,0,10.186,36.794,1000,1,1,,,0
UMTS,605,3,2157,557016,0,10.184,36.794,1076,1,1,,,0
UMTS,605,2,134,69491,0,10.181,36.794,1000,1,1,,,0
LTE,605,3,4157,3856131,0,10.182,36.794,1000,1,1,,,0
GSM,605,3,1125,15599,0,10.184,36.794,1000,1,1,,,0
GSM,605,3,1105,15593,0,10.185,36.794,1000,1,1,,,0
UMTS,605,2,134,65789,0,10.185,36.794,1000,1,1,,,0
UMTS,605,2,137,262400,0,10.185,36.794,1000,1,1,,,0
UMTS,605,2,134,67933,0,10.185,36.794,1000,1,1,,,0
UMTS,605,2,137,262398,0,10.188,36.794,1000,1,1,,,0
GSM,605,2,417,59061,0,10.189,36.794,1000,1,1,,,0
UMTS,605,2,137,312401,0,10.189,36.794,1000,1,1,,,0
GSM,605,1,10005,10536,0,10.191,36.794,1000,1,1,,,0
UMTS,605,3,2157,527794,0,10.191,36.794,1000,1,1,,,0
UMTS,605,2,137,262395,0,10.191,36.794,1000,1,1,,,0
UMTS,605,3,2154,527789,0,10.191,36.794,1000,1,1,,,0
UMTS,605,1,10005,75576,0,10.191,36.794,1000,1,1,,,0
GSM,605,1,10005,10993,0,10.191,36.794,1000,1,1,,,0
UMTS,605,1,10005,78040,0,10.191,36.794,1000,1,1,,,0
UMTS,605,1,10005,75587,0,10.191,36.794,1000,1,1,,,0
UMTS,605,1,10005,76532,0,10.191,36.794,1000,1,1,,,0
GSM,605,1,10005,10991,0,10.191,36.794,1000,1,1,,,0
UMTS,605,3,2154,170453,0,10.191,36.794,1000,1,1,,,0
UMTS,605,3,2154,170455,0,10.191,36.794,1000,1,1,,,0
UMTS,605,3,2154,171149,0,10.191,36.794,1000,1,1,,,0
GSM,605,2,417,52395,0,10.184,36.794,1000,1,1,,,0
GSM,605,3,1105,16652,0,10.189,36.794,1000,1,1,,,0
UMTS,605,2,134,65787,0,10.19,36.794,1000,1,1,,,0
GSM,605,2,417,50251,0,10.19,36.794,1000,1,1,,,0
LTE,605,3,4157,3854337,0,10.182,36.794,1000,1,1,,,0
GSM,605,3,1125,15602,0,10.182,36.794,1196,1,1,,,0
UMTS,605,2,134,117933,0,10.185,36.794,1000,1,1,,,0
UMTS,605,3,2101,69039,0,10.19,36.794,1000,1,1,,,0
UMTS,605,2,134,68970,0,10.19,36.794,1000,1,1,,,0
UMTS,605,3,2157,526975,0,10.181,36.795,1000,1,1,,,0
GSM,605,3,1125,15769,0,10.183,36.795,1000,1,1,,,0
GSM,605,3,1125,15593,0,10.185,36.795,1000,1,1,,,0
GSM,605,2,417,50245,0,10.185,36.795,1000,1,1,,,0
GSM,605,2,417,52394,0,10.186,36.795,1000,1,1,,,0
GSM,605,2,417,51484,0,10.186,36.795,1000,1,1,,,0
UMTS,605,1,10001,268435455,0,10.19,36.795,1000,1,1,,,0
UMTS,605,1,10001,65731,0,10.188,36.795,1000,1,1,,,0
UMTS,605,3,2157,527015,0,10.185,36.795,1000,1,1,,,0
UMTS,605,1,10001,71026,0,10.189,36.795,1000,1,1,,,0
GSM,605,3,1125,15321,0,10.182,36.795,1000,1,1,,,0
UMTS,605,1,10001,86246,0,10.18,36.795,1000,1,1,,,0
UMTS,605,3,2137,68199,0,10.184,36.795,1000,1,1,,,0
LTE,605,1,10001,46853,0,10.183,36.795,1000,1,1,,,0
LTE,605,1,10001,43524,0,10.183,36.795,1000,1,1,,,0
UMTS,605,1,10001,66689,0,10.182,36.795,1000,1,1,,,0
UMTS,605,2,134,115785,0,10.181,36.795,1000,1,1,,,0
UMTS,605,2,137,312393,0,10.181,36.795,1000,1,1,,,0
UMTS,605,1,10001,67396,0,10.181,36.795,1000,1,1,,,0
GSM,605,3,1125,15072,0,10.181,36.795,1000,1,1,,,0
LTE,605,2,134,11621132,0,10.181,36.795,1000,1,1,,,0
GSM,605,3,115,16653,0,10.182,36.795,1000,1,1,,,0
UMTS,605,2,134,65781,0,10.184,36.795,1000,1,1,,,0
UMTS,605,2,134,65784,0,10.184,36.795,1000,1,1,,,0
UMTS,605,2,134,67930,0,10.188,36.795,1000,1,1,,,0
UMTS,605,3,2157,527796,0,10.189,36.795,1000,1,1,,,0
GSM,605,2,417,50406,0,10.191,36.795,1000,1,1,,,0
GSM,605,2,417,50252,0,10.191,36.795,1000,1,1,,,0
UMTS,605,2,134,263110,0,10.191,36.795,1000,1,1,,,0
UMTS,605,2,134,115794,0,10.191,36.795,1000,1,1,,,0
UMTS,605,2,134,69488,0,10.18,36.795,1000,1,1,,,0
GSM,605,3,1125,15071,0,10.18,36.795,1000,1,1,,,0
GSM,605,1,10001,1153,0,10.183,36.795,1000,1,1,,,0
GSM,605,3,1125,15592,0,10.184,36.795,1000,1,1,,,0
UMTS,605,2,134,67927,0,10.187,36.795,1000,1,1,,,0
GSM,605,2,417,53431,0,10.19,36.795,1000,1,1,,,0
LTE,605,1,10001,43526,0,10.182,36.795,1000,1,1,,,0
LTE,605,1,10001,4870,0,10.183,36.796,1000,1,1,,,0
GSM,605,3,1105,16668,0,10.181,36.796,1000,1,1,,,0
UMTS,605,3,2157,527011,0,10.181,36.796,1000,1,1,,,0
LTE,605,3,4157,3854347,0,10.184,36.796,1378,1,1,,,0
UMTS,605,3,2157,526951,0,10.186,36.796,1000,1,1,,,0
UMTS,605,3,2157,526970,0,10.18,36.796,1000,1,1,,,0
GSM,605,2,417,50242,0,10.182,36.796,1000,1,1,,,0
UMTS,605,3,2157,557011,0,10.181,36.796,1000,1,1,,,0
LTE,605,1,10001,4867,0,10.188,36.796,1000,1,1,,,0
UMTS,605,3,2157,526956,0,10.186,36.796,1000,1,1,,,0
UMTS,605,3,2157,527016,0,10.181,36.796,1000,1,1,,,0
UMTS,605,1,10001,67238,0,10.184,36.796,1000,1,1,,,0
UMTS,605,3,2125,69039,0,10.19,36.796,1000,1,1,,,0
LTE,605,3,4157,3854604,0,10.181,36.796,1000,1,1,,,0
UMTS,605,3,2157,556951,0,10.186,36.796,1000,1,1,,,0
GSM,605,3,1125,15597,0,10.195,36.784,1000,1,1,,,0
GSM,605,2,137,966,0,10.195,36.784,1000,1,1,,,0
GSM,605,3,1154,11059,0,10.195,36.784,1000,1,1,,,0
UMTS,605,3,2157,133350,0,10.195,36.784,1000,1,1,,,0
UMTS,605,2,134,68972,0,10.195,36.784,1000,1,1,,,0
UMTS,605,3,2154,556960,0,10.195,36.784,1000,1,1,,,0
UMTS,605,1,10005,155532,0,10.196,36.784,1000,1,1,,,0
UMTS,605,1,10005,67219,0,10.195,36.784,1000,1,1,,,0
GSM,605,3,1125,15322,0,10.195,36.784,1000,1,1,,,0
GSM,605,2,137,406,0,10.195,36.784,1000,1,1,,,0
UMTS,605,3,2154,133345,0,10.194,36.785,1000,1,1,,,0
UMTS,605,3,2164,788705,0,10.195,36.785,1000,1,1,,,0
LTE,605,3,4164,3091981,0,10.194,36.785,1000,1,1,,,0
UMTS,605,3,2154,526954,0,10.194,36.785,1000,1,1,,,0
UMTS,605,3,2154,68197,0,10.195,36.785,1000,1,1,,,0
GSM,605,2,137,50409,0,10.195,36.785,1000,1,1,,,0
GSM,605,2,401,57002,0,10.195,36.785,6438,1,1,,,0
GSM,605,2,134,50409,0,10.194,36.785,1000,1,1,,,0
LTE,605,1,10001,29444,0,10.194,36.786,1000,1,1,,,0
GSM,605,2,134,405,0,10.193,36.786,1000,1,1,,,0
GSM,605,3,1125,17187,0,10.193,36.786,1000,1,1,,,0
UMTS,605,3,2157,163345,0,10.193,36.786,1000,1,1,,,0
UMTS,605,1,10001,65714,0,10.193,36.786,1000,1,1,,,0
GSM,605,3,1125,15603,0,10.193,36.786,1000,1,1,,,0
GSM,605,2,417,51482,0,10.195,36.786,1000,1,1,,,0
UMTS,605,2,137,262548,0,10.196,36.786,1000,1,1,,,0
LTE,605,1,10005,257283,0,10.194,36.786,1000,1,1,,,0
GSM,605,2,417,53432,0,10.194,36.786,1077,1,1,,,0
GSM,605,2,137,50258,0,10.193,36.786,1000,1,1,,,0
GSM,605,2,401,53432,0,10.194,36.786,1000,1,1,,,0
LTE,605,3,4164,3091991,0,10.193,36.786,1000,1,1,,,0
GSM,605,1,10001,195,0,10.199,36.787,1315,1,1,,,0
GSM,605,3,1125,17267,0,10.195,36.787,1000,1,1,,,0
UMTS,605,1,10001,66380,0,10.193,36.787,1000,1,1,,,0
UMTS,605,3,2125,98197,0,10.193,36.787,1000,1,1,,,0
UMTS,605,3,2101,68197,0,10.193,36.787,1000,1,1,,,0
GSM,605,2,137,402,0,10.193,36.787,1000,1,1,,,0
UMTS,605,3,2157,140724,0,10.193,36.787,1000,1,1,,,0
LTE,605,3,4164,3101955,0,10.202,36.787,2926,1,1,,,0
GSM,605,3,1137,17803,0,10.197,36.787,5882,1,1,,,0
GSM,605,2,134,252,0,10.192,36.787,1000,1,1,,,0
UMTS,605,3,2157,526949,0,10.193,36.788,7147,1,1,,,0
UMTS,605,1,2157,527794,0,10.194,36.788,1000,1,1,,,0
UMTS,605,1,10020,66078,0,10.193,36.788,1000,1,1,,,0
GSM,605,2,401,50406,0,10.193,36.788,1267,1,1,,,0
UMTS,605,2,134,65791,0,10.192,36.788,1000,1,1,,,0
UMTS,605,1,10001,66081,0,10.193,36.788,1000,1,1,,,0
UMTS,605,1,10001,155532,0,10.193,36.788,1000,1,1,,,0
UMTS,605,1,10006,66804,0,10.195,36.788,1000,1,1,,,0
LTE,605,3,4157,3910923,0,10.192,36.789,1202,1,1,,,0
UMTS,605,2,10001,29444,0,10.193,36.789,1000,1,1,,,0
UMTS,605,2,10001,4870,0,10.193,36.789,1000,1,1,,,0
LTE,605,3,4157,3854081,0,10.194,36.789,1220,1,1,,,0
UMTS,605,1,10001,70586,0,10.192,36.789,1000,1,1,,,0
LTE,605,3,4157,3910913,0,10.193,36.789,1169,1,1,,,0
UMTS,605,3,2157,527789,0,10.192,36.79,1000,1,1,,,0
UMTS,605,1,10005,76533,0,10.198,36.79,1000,1,1,,,0
LTE,605,3,4164,3105794,0,10.193,36.79,1000,1,1,,,0
LTE,605,3,4164,3091969,0,10.193,36.79,1000,1,1,,,0
UMTS,605,3,2157,556589,0,10.193,36.791,1000,1,1,,,0
UMTS,605,1,10005,76074,0,10.199,36.791,1000,1,1,,,0
GSM,605,1,10001,2365,0,10.202,36.791,2741,1,1,,,0
UMTS,605,3,2157,526589,0,10.198,36.792,7131,1,1,,,0
UMTS,605,2,137,312553,0,10.193,36.792,1000,1,1,,,0
UMTS,605,1,10005,76527,0,10.197,36.792,1000,1,1,,,0
GSM,605,1,10005,10535,0,10.196,36.792,1000,1,1,,,0
GSM,605,2,418,51431,0,10.193,36.794,1080,1,1,,,0
UMTS,605,2,137,262550,0,10.194,36.795,3058,1,1,,,0
GSM,605,2,417,50473,0,10.197,36.796,3620,1,1,,,0
GSM,605,2,401,50403,0,10.193,36.796,1160,1,1,,,0
GSM,605,1,10005,10055,0,10.211,36.787,2327,1,1,,,0
UMTS,605,1,10005,77076,0,10.212,36.787,2044,1,1,,,0
UMTS,605,1,10005,87636,0,10.209,36.788,2508,1,1,,,0
UMTS,605,1,10001,67281,0,10.208,36.79,2971,1,1,,,0
GSM,605,1,10005,344,0,10.216,36.795,3950,1,1,,,0
GSM,605,1,10005,10051,0,10.209,36.795,4807,1,1,,,0
GSM,605,1,10017,1785,0,10.219,36.786,5258,1,1,,,0
GSM,605,1,10005,10713,0,10.225,36.788,5033,1,1,,,0
GSM,605,1,10005,12501,0,10.222,36.79,4843,1,1,,,0
GSM,605,2,409,55262,0,10.227,36.793,4393,1,1,,,0
UMTS,605,2,230,131885,0,10.225,36.794,2045,1,1,,,0
GSM,605,2,410,51225,0,10.24,36.787,7082,1,1,,,0
GSM,605,1,10005,331,0,10.237,36.789,1336,1,1,,,0
GSM,605,2,409,52381,0,10.239,36.79,4701,1,1,,,0
GSM,605,1,10005,10311,0,10.229,36.791,4699,1,1,,,0
GSM,605,2,411,53851,0,10.229,36.791,4639,1,1,,,0
LTE,605,1,10020,17157,0,10.232,36.794,3237,1,1,,,0
UMTS,605,3,2154,132995,0,10.263,36.784,2304,1,1,,,0
GSM,605,1,10005,10241,0,10.255,36.786,13695,1,1,,,0
GSM,605,2,411,50621,0,10.254,36.787,5247,1,1,,,0
UMTS,605,1,10005,119748,0,10.261,36.79,1000,1,1,,,0
GSM,605,3,65364,12651,0,10.274,36.784,1000,1,1,,,0
GSM,605,3,108,12651,0,10.274,36.784,1000,1,1,,,0
UMTS,605,3,2154,132998,0,10.274,36.784,1000,1,1,,,0
UMTS,605,3,2164,788360,0,10.267,36.784,2103,1,1,,,0
GSM,605,1,10005,10534,0,10.27,36.784,1380,1,1,,,0
GSM,605,3,1494,12653,0,10.274,36.784,1000,1,1,,,0
GSM,605,2,137,5221,0,10.273,36.785,2059,1,1,,,0
LTE,605,2,137,11653633,0,10.269,36.785,1000,1,1,,,0
UMTS,605,1,10005,75992,0,10.274,36.785,1000,1,1,,,0
GSM,605,1,10005,10451,0,10.274,36.785,1000,1,1,,,0
GSM,605,2,401,55221,0,10.275,36.785,1997,1,1,,,0
GSM,605,1,10005,10452,0,10.274,36.785,1000,1,1,,,0
LTE,605,2,137,11653634,0,10.275,36.785,1000,1,1,,,0
UMTS,605,1,10005,75919,0,10.269,36.785,5256,1,1,,,0
GSM,605,2,137,5224,0,10.273,36.786,3057,1,1,,,0
GSM,605,3,1108,12242,0,10.274,36.786,1000,1,1,,,0
GSM,605,2,137,52167,0,10.274,36.786,1000,1,1,,,0
LTE,605,2,137,11536150,0,10.269,36.787,6578,1,1,,,0
UMTS,605,1,10005,75928,0,10.274,36.787,1000,1,1,,,0
UMTS,605,3,2154,132994,0,10.274,36.787,1000,1,1,,,0
LTE,605,2,137,11653643,0,10.272,36.788,1719,1,1,,,0
GSM,605,3,1108,12651,0,10.274,36.788,1000,1,1,,,0
GSM,605,3,1108,12248,0,10.274,36.788,1000,1,1,,,0
UMTS,605,3,2154,132999,0,10.274,36.788,1000,1,1,,,0
UMTS,605,3,2164,788353,0,10.274,36.788,1000,1,1,,,0
UMTS,605,2,137,312782,0,10.276,36.788,1000,1,1,,,0
GSM,605,2,137,632,0,10.274,36.789,1000,1,1,,,0
LTE,605,1,10005,267526,0,10.275,36.789,1000,1,1,,,0
UMTS,605,1,10004,75929,0,10.274,36.789,1000,1,1,,,0
LTE,605,2,137,11536141,0,10.276,36.79,1788,1,1,,,0
UMTS,605,2,137,267365,0,10.27,36.79,1113,1,1,,,0
GSM,605,3,108,12652,0,10.276,36.79,1000,1,1,,,0
UMTS,605,1,10004,75928,0,10.276,36.79,1000,1,1,,,0
GSM,605,1,10005,10454,0,10.273,36.791,1000,1,1,,,0
GSM,605,2,137,635,0,10.275,36.791,1000,1,1,,,0
GSM,605,2,137,5223,0,10.269,36.791,1000,1,1,,,0
GSM,605,3,1494,12657,0,10.275,36.791,1000,1,1,,,0
UMTS,605,1,10005,75931,0,10.276,36.791,1000,1,1,,,0
UMTS,605,3,2154,132714,0,10.276,36.791,1000,1,1,,,0
LTE,605,3,4154,3090187,0,10.276,36.791,1000,1,1,,,0
UMTS,605,3,2164,818354,0,10.276,36.791,1000,1,1,,,0
UMTS,605,3,2164,788359,0,10.276,36.791,1000,1,1,,,0
UMTS,605,3,2164,788354,0,10.276,36.791,1000,1,1,,,0
UMTS,605,3,2164,818355,0,10.276,36.791,1000,1,1,,,0
UMTS,605,2,137,262780,0,10.276,36.792,1000,1,1,,,0
UMTS,605,1,10005,75960,0,10.27,36.793,1000,1,1,,,0
UMTS,605,3,2164,818499,0,10.274,36.793,1000,1,1,,,0
GSM,605,2,137,633,0,10.274,36.793,1000,1,1,,,0
GSM,605,3,1108,12001,0,10.274,36.793,1990,1,1,,,0
LTE,605,2,137,11567371,0,10.269,36.793,1000,1,1,,,0
GSM,605,1,10005,10383,0,10.269,36.793,5199,1,1,,,0
UMTS,605,3,2154,133278,0,10.269,36.794,1000,1,1,,,0
LTE,605,3,4164,3098370,0,10.27,36.794,1000,1,1,,,0
LTE,605,3,4164,3090180,0,10.272,36.794,1000,1,1,,,0
UMTS,605,3,2154,132715,0,10.273,36.794,1000,1,1,,,0
UMTS,605,1,10004,75618,0,10.273,36.795,1000,1,1,,,0
GSM,605,1,10005,10386,0,10.266,36.795,4800,1,1,,,0
GSM,605,2,137,50639,0,10.271,36.795,1835,1,1,,,0
UMTS,605,2,137,262777,0,10.268,36.795,1000,1,1,,,0
UMTS,605,2,137,312783,0,10.27,36.795,1000,1,1,,,0
UMTS,605,3,2154,163154,0,10.272,36.795,1000,1,1,,,0
UMTS,605,1,10005,75932,0,10.273,36.795,1000,1,1,,,0
GSM,605,3,1108,12244,0,10.274,36.795,1000,1,1,,,0
UMTS,605,3,2154,132720,0,10.274,36.795,1000,1,1,,,0
GSM,605,2,401,52705,0,10.269,36.796,2048,1,1,,,0
UMTS,605,3,2154,133158,0,10.287,36.784,1000,1,1,,,0
LTE,605,2,139,11297548,0,10.283,36.785,1000,1,1,,,0
LTE,605,2,137,11662349,0,10.278,36.785,2572,1,1,,,0
LTE,605,2,137,11575297,0,10.279,36.785,1000,1,1,,,0
UMTS,605,3,2154,133134,0,10.283,36.786,1000,1,1,,,0
GSM,605,1,10005,10831,0,10.284,36.786,3044,1,1,,,0
UMTS,605,2,137,267709,0,10.282,36.786,1000,1,1,,,0
LTE,605,2,137,11662338,0,10.283,36.786,1000,1,1,,,0
LTE,605,1,10005,277254,0,10.281,36.786,2971,1,1,,,0
GSM,605,2,401,50635,0,10.278,36.786,8184,1,1,,,0
LTE,605,2,220,11529229,0,10.282,36.787,2701,1,1,,,0
UMTS,605,1,10005,75990,0,10.28,36.787,1000,1,1,,,0
UMTS,605,1,10005,75987,0,10.28,36.787,1000,1,1,,,0
UMTS,605,3,2154,133139,0,10.283,36.787,1000,1,1,,,0
GSM,605,3,1108,12658,0,10.277,36.788,1000,1,1,,,0
LTE,605,2,137,11662359,0,10.282,36.788,1000,1,1,,,0
LTE,605,2,137,11536140,0,10.28,36.788,1905,1,1,,,0
UMTS,605,2,137,262779,0,10.279,36.79,1957,1,1,,,0
LTE,605,2,137,11536130,0,10.279,36.791,1000,1,1,,,0
LTE,605,2,137,11536151,0,10.276,36.791,1000,1,1,,,0
LTE,605,2,137,11536129,0,10.28,36.791,1000,1,1,,,0
UMTS,605,2,137,262775,0,10.281,36.791,1000,1,1,,,0
UMTS,605,2,220,265680,0,10.28,36.791,1000,1,1,,,0
UMTS,605,2,137,319601,0,10.281,36.792,1000,1,1,,,0
LTE,605,2,137,11536139,0,10.279,36.792,1730,1,1,,,0
UMTS,605,1,10004,76136,0,10.276,36.793,1000,1,1,,,0
GSM,605,3,1494,12242,0,10.278,36.794,1000,1,1,,,0
UMTS,605,2,137,312781,0,10.278,36.794,1000,1,1,,,0
UMTS,605,2,137,262778,0,10.279,36.794,1000,1,1,,,0
UMTS,605,3,2154,132718,0,10.278,36.794,1000,1,1,,,0
UMTS,605,3,2154,132713,0,10.278,36.794,1000,1,1,,,0
GSM,605,3,1494,12241,0,10.278,36.794,1000,1,1,,,0
UMTS,605,3,2154,162715,0,10.276,36.795,1000,1,1,,,0
UMTS,605,1,10004,75941,0,10.278,36.795,1000,1,1,,,0
GSM,605,3,1494,12244,0,10.277,36.796,1000,1,1,,,0
GSM,605,1,10005,10833,0,10.294,36.791,2116,1,1,,,0
UMTS,605,3,2164,789869,0,10.308,36.786,3840,1,1,,,0
UMTS,605,3,2164,789239,0,10.31,36.787,3998,1,1,,,0
GSM,605,1,10004,462,0,10.313,36.784,7627,1,1,,,0
UMTS,605,1,10004,66001,0,10.316,36.787,7895,1,1,,,0
UMTS,605,1,10004,71506,0,10.316,36.791,8294,1,1,,,0
GSM,605,3,1108,16772,0,10.322,36.792,8175,1,1,,,0
UMTS,605,3,2101,98054,0,10.314,36.794,4737,1,1,,,0
UMTS,605,2,1020,905787,0,10.127,36.796,6985,1,1,,,0
GSM,605,1,10011,12585,0,10.122,36.796,1000,1,1,,,0
GSM,605,1,10011,1813,0,10.121,36.797,1000,1,1,,,0
UMTS,605,3,2156,227309,0,10.122,36.797,1000,1,1,,,0
GSM,605,2,416,53391,0,10.123,36.797,1000,1,1,,,0
UMTS,605,3,2100,656288,0,10.126,36.797,1000,1,1,,,0
UMTS,605,1,10011,7276506,0,10.127,36.797,1000,1,1,,,0
GSM,605,2,418,53813,0,10.129,36.797,1000,1,1,,,0
UMTS,605,1,10011,7274925,0,10.129,36.797,1000,1,1,,,0
UMTS,605,1,10011,7281842,0,10.129,36.797,1000,1,1,,,0
UMTS,605,1,10011,7281839,0,10.129,36.797,1000,1,1,,,0
GSM,605,2,418,52153,0,10.129,36.797,1000,1,1,,,0
UMTS,605,1,10011,7279132,0,10.129,36.797,1000,1,1,,,0
GSM,605,2,418,56961,0,10.129,36.797,1000,1,1,,,0
UMTS,605,2,1020,854127,0,10.129,36.797,1000,1,1,,,0
UMTS,605,1,10011,7274918,0,10.129,36.797,1000,1,1,,,0
GSM,605,2,418,51052,0,10.129,36.797,1000,1,1,,,0
UMTS,605,3,2100,685961,0,10.13,36.797,1000,1,1,,,0
UMTS,605,1,10019,7287423,0,10.131,36.797,1000,1,1,,,0
GSM,605,1,10011,1995,0,10.12,36.797,1000,1,1,,,0
GSM,605,2,416,51305,0,10.126,36.798,1713,1,1,,,0
UMTS,605,3,2100,656286,0,10.123,36.798,1000,1,1,,,0
UMTS,605,3,2156,197220,0,10.124,36.798,1000,1,1,,,0
UMTS,605,1,10011,7276311,0,10.124,36.798,1000,1,1,,,0
UMTS,605,2,1020,857911,0,10.125,36.798,1000,1,1,,,0
GSM,605,2,418,56922,0,10.127,36.798,1000,1,1,,,0
GSM,605,2,418,51055,0,10.13,36.798,1000,1,1,,,0
GSM,605,3,1156,16119,0,10.12,36.798,1000,1,1,,,0
UMTS,605,2,210,264158,0,10.12,36.798,1000,1,1,,,0
GSM,605,2,418,54742,0,10.12,36.798,1000,1,1,,,0
UMTS,605,3,2156,227684,0,10.12,36.798,1000,1,1,,,0
GSM,605,3,1156,15518,0,10.123,36.798,1000,1,1,,,0
UMTS,605,1,10011,7279519,0,10.123,36.798,1000,1,1,,,0
UMTS,605,1,10011,7278516,0,10.123,36.798,1000,1,1,,,0
UMTS,605,2,1020,854149,0,10.123,36.798,1000,1,1,,,0
UMTS,605,2,250,253536,0,10.123,36.798,1000,1,1,,,0
UMTS,605,2,250,203533,0,10.123,36.798,1000,1,1,,,0
UMTS,605,2,250,203536,0,10.123,36.798,1000,1,1,,,0
UMTS,605,1,10011,7276556,0,10.125,36.798,1000,1,1,,,0
GSM,605,3,1119,15997,0,10.126,36.798,1000,1,1,,,0
GSM,605,3,1119,15991,0,10.126,36.798,1000,1,1,,,0
UMTS,605,1,10011,7276308,0,10.126,36.798,1000,1,1,,,0
UMTS,605,2,250,203530,0,10.126,36.798,1000,1,1,,,0
UMTS,605,2,1020,857910,0,10.126,36.798,1000,1,1,,,0
UMTS,605,2,1020,857914,0,10.126,36.798,1000,1,1,,,0
UMTS,605,2,1020,853936,0,10.126,36.798,1000,1,1,,,0
GSM,605,1,10011,535,0,10.127,36.798,1000,1,1,,,0
GSM,605,1,10011,1814,0,10.127,36.798,1000,1,1,,,0
GSM,605,3,1243,23731,0,10.127,36.798,1000,1,1,,,0
UMTS,605,1,10015,7287318,0,10.127,36.798,1000,1,1,,,0
UMTS,605,1,10015,268435455,0,10.127,36.798,1000,1,1,,,0
UMTS,605,2,1020,903937,0,10.127,36.798,1000,1,1,,,0
GSM,605,1,10018,10333,0,10.127,36.798,1000,1,1,,,0
GSM,605,2,418,51056,0,10.129,36.798,1000,1,1,,,0
UMTS,605,1,10011,7274922,0,10.131,36.798,1000,1,1,,,0
GSM,605,2,418,52151,0,10.131,36.798,1000,1,1,,,0
UMTS,605,1,10011,7274919,0,10.132,36.798,1000,1,1,,,0
UMTS,605,3,2100,686281,0,10.125,36.798,1000,1,1,,,0
GSM,605,3,1119,17099,0,10.127,36.799,1000,1,1,,,0
UMTS,605,2,1000,67825,0,10.131,36.799,1000,1,1,,,0
GSM,605,2,418,53816,0,10.132,36.799,1000,1,1,,,0
UMTS,605,2,250,202551,0,10.125,36.799,1000,1,1,,,0
UMTS,605,2,250,248795,0,10.125,36.799,1000,1,1,,,0
UMTS,605,3,2100,686483,0,10.127,36.799,1000,1,1,,,0
UMTS,605,2,250,202043,0,10.131,36.799,1000,1,1,,,0
GSM,605,1,10017,635,0,10.12,36.799,3360,1,1,,,0
LTE,605,1,10019,16389,0,10.121,36.8,6878,1,1,,,0
LTE,605,1,4100,3917069,0,10.126,36.8,1000,1,1,,,0
UMTS,605,3,2154,161684,0,10.121,36.8,1000,1,1,,,0
UMTS,605,1,10011,7276309,0,10.12,36.801,1000,1,1,,,0
UMTS,605,1,10011,7276312,0,10.122,36.801,1000,1,1,,,0
GSM,605,3,1119,15263,0,10.125,36.801,1000,1,1,,,0
GSM,605,3,1119,15268,0,10.125,36.801,1000,1,1,,,0
GSM,605,3,1119,15269,0,10.125,36.801,1000,1,1,,,0
GSM,605,3,1119,15262,0,10.125,36.801,1000,1,1,,,0
GSM,605,3,1156,15512,0,10.125,36.801,1000,1,1,,,0
UMTS,605,1,10011,7275959,0,10.127,36.801,1000,1,1,,,0
UMTS,605,2,1020,857916,0,10.13,36.801,1000,1,1,,,0
UMTS,605,3,2156,204411,0,10.127,36.801,1000,1,1,,,0
LTE,605,1,10011,10758,0,10.128,36.802,1000,1,1,,,0
GSM,605,3,1119,17093,0,10.132,36.802,1000,1,1,,,0
LTE,605,1,10011,10754,0,10.128,36.802,1000,1,1,,,0
UMTS,605,2,250,198792,0,10.131,36.802,1000,1,1,,,0
UMTS,605,2,250,252046,0,10.131,36.802,1000,1,1,,,0
UMTS,605,2,250,202552,0,10.131,36.802,1000,1,1,,,0
UMTS,605,2,250,252555,0,10.131,36.802,1000,1,1,,,0
UMTS,605,1,10011,7287083,0,10.121,36.803,1000,1,1,,,0
GSM,605,2,418,51054,0,10.13,36.803,1000,1,1,,,0
UMTS,605,1,10011,7275036,0,10.12,36.804,1000,1,1,,,0
UMTS,605,2,250,253537,0,10.122,36.804,1000,1,1,,,0
LTE,605,1,10011,46337,0,10.129,36.804,1000,1,1,,,0
LTE,605,1,10011,46340,0,10.129,36.804,1000,1,1,,,0
UMTS,605,3,2100,656486,0,10.131,36.804,1000,1,1,,,0
LTE,605,2,250,11626251,0,10.122,36.804,1000,1,1,,,0
UMTS,605,3,2100,693163,0,10.122,36.804,1000,1,1,,,0
UMTS,605,3,2154,131688,0,10.122,36.804,1000,1,1,,,0
LTE,605,2,250,11626261,0,10.121,36.804,1000,1,1,,,0
UMTS,605,3,2156,204410,0,10.124,36.805,1267,1,1,,,0
UMTS,605,3,2156,204416,0,10.123,36.805,1000,1,1,,,0
LTE,605,3,4156,3957005,0,10.125,36.805,1000,1,1,,,0
UMTS,605,2,1020,853930,0,10.126,36.805,1000,1,1,,,0
LTE,605,3,4156,3957004,0,10.127,36.805,1000,1,1,,,0
UMTS,605,3,2156,204415,0,10.129,36.805,1000,1,1,,,0
UMTS,605,2,136,252047,0,10.13,36.805,1000,1,1,,,0
UMTS,605,2,250,202044,0,10.131,36.805,1000,1,1,,,0
UMTS,605,1,10017,7277816,0,10.123,36.805,1000,1,1,,,0
UMTS,605,3,2119,197071,0,10.127,36.805,1000,1,1,,,0
LTE,605,3,4100,3957005,0,10.124,36.805,1000,1,1,,,0
LTE,605,2,1020,11697943,0,10.125,36.805,1000,1,1,,,0
UMTS,605,3,2156,234411,0,10.126,36.805,1000,1,1,,,0
UMTS,605,3,2156,227219,0,10.12,36.806,1000,1,1,,,0
UMTS,605,1,10017,7276408,0,10.126,36.806,1000,1,1,,,0
GSM,605,3,1119,18353,0,10.127,36.806,1000,1,1,,,0
LTE,605,2,1020,11522061,0,10.13,36.806,1085,1,1,,,0
UMTS,605,3,2119,197270,0,10.124,36.806,1000,1,1,,,0
LTE,605,3,4154,3865611,0,10.12,36.806,1000,1,1,,,0
LTE,605,2,1020,11697942,0,10.129,36.806,1000,1,1,,,0
UMTS,605,2,1020,904327,0,10.128,36.806,1000,1,1,,,0
LTE,605,3,4100,3957004,0,10.13,36.806,1000,1,1,,,0
LTE,605,1,10017,27910,0,10.132,36.806,1000,1,1,,,0
UMTS,605,2,250,203534,0,10.12,36.806,1000,1,1,,,0
UMTS,605,3,2119,197899,0,10.123,36.806,1000,1,1,,,0
GSM,605,2,418,51962,0,10.129,36.806,1000,1,1,,,0
UMTS,605,3,2156,655826,0,10.129,36.806,1000,1,1,,,0
UMTS,605,1,10011,7275031,0,10.129,36.806,1000,1,1,,,0
GSM,605,3,1119,18358,0,10.129,36.806,1000,1,1,,,0
GSM,605,2,418,52352,0,10.13,36.806,1000,1,1,,,0
UMTS,605,2,250,198570,0,10.13,36.806,1000,1,1,,,0
UMTS,605,1,10017,7275376,0,10.13,36.806,1000,1,1,,,0
GSM,605,3,1119,18351,0,10.13,36.806,1000,1,1,,,0
UMTS,605,1,10017,7275030,0,10.13,36.806,1000,1,1,,,0
GSM,605,2,418,51051,0,10.131,36.806,1000,1,1,,,0
UMTS,605,2,136,248966,0,10.131,36.806,1000,1,1,,,0
LTE,605,2,1020,11659029,0,10.132,36.807,1000,1,1,,,0
UMTS,605,1,10017,7276411,0,10.127,36.807,1000,1,1,,,0
UMTS,605,1,10017,7276409,0,10.127,36.808,1000,1,1,,,0
UMTS,605,2,136,197917,0,10.12,36.808,1000,1,1,,,0
UMTS,605,2,250,248966,0,10.127,36.808,1000,1,1,,,0
UMTS,605,2,250,248575,0,10.127,36.808,1000,1,1,,,0
UMTS,605,3,2100,4112,0,10.129,36.808,1000,1,1,,,0
LTE,605,2,250,11697923,0,10.121,36.808,1000,1,1,,,0
UMTS,605,3,2100,656251,0,10.14,36.797,1000,1,1,,,0
UMTS,605,3,2100,686263,0,10.143,36.797,1000,1,1,,,0
GSM,605,3,1119,16523,0,10.137,36.797,1000,1,1,,,0
GSM,605,3,1119,16529,0,10.137,36.797,1000,1,1,,,0
UMTS,605,2,1020,855976,0,10.138,36.797,1000,1,1,,,0
GSM,605,1,10011,715,0,10.14,36.797,1000,1,1,,,0
GSM,605,2,10011,715,0,10.14,36.797,1000,1,1,,,0
UMTS,605,3,2100,656256,0,10.14,36.797,1000,1,1,,,0
UMTS,605,2,1020,905976,0,10.14,36.797,1000,1,1,,,0
UMTS,605,2,1020,856194,0,10.142,36.797,1000,1,1,,,0
UMTS,605,3,2100,686273,0,10.134,36.797,1000,1,1,,,0
GSM,605,2,418,52853,0,10.142,36.797,1328,1,1,,,0
GSM,605,1,10017,395,0,10.143,36.797,1000,1,1,,,0
UMTS,605,1,10011,7276916,0,10.136,36.798,1000,1,1,,,0
UMTS,605,2,250,200832,0,10.144,36.798,1000,1,1,,,0
UMTS,605,2,1020,855971,0,10.133,36.799,1000,1,1,,,0
UMTS,605,2,1020,855787,0,10.134,36.799,1000,1,1,,,0
UMTS,605,1,10011,7275209,0,10.134,36.799,1000,1,1,,,0
GSM,605,2,418,54002,0,10.134,36.799,1000,1,1,,,0
UMTS,605,1,10011,7275271,0,10.144,36.799,1000,1,1,,,0
UMTS,605,1,10011,7281136,0,10.144,36.799,1000,1,1,,,0
UMTS,605,1,10011,7275212,0,10.134,36.799,1000,1,1,,,0
UMTS,605,2,1020,855977,0,10.133,36.8,1000,1,1,,,0
UMTS,605,2,1020,855784,0,10.134,36.8,1000,1,1,,,0
UMTS,605,2,1020,905786,0,10.138,36.8,1000,1,1,,,0
UMTS,605,3,2100,685963,0,10.132,36.8,1000,1,1,,,0
UMTS,605,2,1020,855781,0,10.132,36.8,1007,1,1,,,0
UMTS,605,2,1020,855782,0,10.137,36.801,1000,1,1,,,0
UMTS,605,3,2100,656271,0,10.141,36.801,1000,1,1,,,0
UMTS,605,3,2100,656276,0,10.141,36.801,1000,1,1,,,0
UMTS,605,1,10011,7281366,0,10.133,36.802,1000,1,1,,,0
UMTS,605,1,10011,7275961,0,10.133,36.802,1000,1,1,,,0
GSM,605,3,1119,17092,0,10.135,36.802,1000,1,1,,,0
UMTS,605,3,2119,227730,0,10.135,36.802,1000,1,1,,,0
UMTS,605,1,10011,7275960,0,10.133,36.802,1000,1,1,,,0
UMTS,605,3,2100,656487,0,10.133,36.802,1000,1,1,,,0
UMTS,605,3,2100,663148,0,10.133,36.802,1000,1,1,,,0
UMTS,605,1,10011,7275958,0,10.134,36.802,1000,1,1,,,0
GSM,605,3,1119,17098,0,10.134,36.802,1000,1,1,,,0
UMTS,605,1,10011,7275962,0,10.134,36.802,1000,1,1,,,0
UMTS,605,3,2100,686482,0,10.134,36.802,1000,1,1,,,0
UMTS,605,2,1020,857909,0,10.134,36.802,1000,1,1,,,0
UMTS,605,2,1020,857912,0,10.134,36.802,1000,1,1,,,0
UMTS,605,2,1020,857400,0,10.134,36.802,1000,1,1,,,0
UMTS,605,2,1020,857915,0,10.134,36.802,1000,1,1,,,0
UMTS,605,2,1020,907406,0,10.134,36.802,1000,1,1,,,0
UMTS,605,2,1020,907915,0,10.134,36.802,1000,1,1,,,0
UMTS,605,2,1020,907916,0,10.134,36.802,1000,1,1,,,0
UMTS,605,2,1020,855972,0,10.137,36.802,1000,1,1,,,0
UMTS,605,3,2119,227729,0,10.135,36.802,1000,1,1,,,0
UMTS,605,3,2119,197730,0,10.135,36.803,1000,1,1,,,0
UMTS,605,2,1020,852053,0,10.144,36.803,1000,1,1,,,0
UMTS,605,1,10011,7275957,0,10.132,36.803,1000,1,1,,,0
UMTS,605,3,2119,227070,0,10.136,36.803,1000,1,1,,,0
UMTS,605,3,2156,197270,0,10.136,36.803,1000,1,1,,,0
UMTS,605,2,1020,852056,0,10.143,36.803,1000,1,1,,,0
GSM,605,1,10011,531,0,10.133,36.804,1000,1,1,,,0
UMTS,605,3,2100,693143,0,10.136,36.804,1000,1,1,,,0
UMTS,605,3,2100,663147,0,10.138,36.804,1000,1,1,,,0
UMTS,605,1,10011,7275026,0,10.141,36.804,1593,1,1,,,0
GSM,605,2,418,55433,0,10.137,36.804,1000,1,1,,,0
GSM,605,1,10017,882,0,10.143,36.804,1000,1,1,,,0
UMTS,605,3,2119,197729,0,10.133,36.804,1000,1,1,,,0
UMTS,605,3,2100,686418,0,10.143,36.804,1000,1,1,,,0
UMTS,605,2,250,202042,0,10.133,36.805,1000,1,1,,,0
GSM,605,2,418,55432,0,10.134,36.805,1000,1,1,,,0
UMTS,605,2,250,202039,0,10.134,36.805,1000,1,1,,,0
UMTS,605,3,2100,693144,0,10.134,36.805,1000,1,1,,,0
GSM,605,1,10011,1462,0,10.136,36.805,1000,1,1,,,0
UMTS,605,3,2100,655822,0,10.136,36.805,1000,1,1,,,0
UMTS,605,3,2100,663143,0,10.136,36.805,1000,1,1,,,0
UMTS,605,3,2100,656482,0,10.136,36.805,1000,1,1,,,0
GSM,605,1,10011,711,0,10.136,36.805,1000,1,1,,,0
GSM,605,1,10011,773,0,10.136,36.805,1000,1,1,,,0
UMTS,605,2,1020,855783,0,10.136,36.805,1000,1,1,,,0
UMTS,605,2,1020,905785,0,10.136,36.805,1000,1,1,,,0
UMTS,605,2,1020,855779,0,10.136,36.805,1000,1,1,,,0
GSM,605,2,418,53652,0,10.136,36.805,1000,1,1,,,0
GSM,605,2,418,59401,0,10.136,36.805,1000,1,1,,,0
GSM,605,2,418,55213,0,10.138,36.805,1000,1,1,,,0
UMTS,605,3,2100,655938,0,10.14,36.805,1000,1,1,,,0
GSM,605,3,1119,15577,0,10.141,36.805,1000,1,1,,,0
GSM,605,1,10017,2522,0,10.141,36.805,1000,1,1,,,0
UMTS,605,1,10017,7275385,0,10.141,36.805,1000,1,1,,,0
UMTS,605,3,2119,197070,0,10.133,36.805,1000,1,1,,,0
UMTS,605,3,2119,197181,0,10.136,36.805,1000,1,1,,,0
GSM,605,2,417,50093,0,10.142,36.805,1000,1,1,,,0
UMTS,605,2,1020,904326,0,10.134,36.805,1000,1,1,,,0
UMTS,605,3,2119,197179,0,10.139,36.805,1000,1,1,,,0
GSM,605,2,418,50086,0,10.133,36.806,1000,1,1,,,0
GSM,605,1,10017,1912,0,10.133,36.806,1000,1,1,,,0
UMTS,605,3,2156,197405,0,10.143,36.806,3767,1,1,,,0
UMTS,605,3,2100,685931,0,10.141,36.806,1000,1,1,,,0
LTE,605,1,10017,70148,0,10.136,36.806,1000,1,1,,,0
UMTS,605,3,2100,685936,0,10.141,36.806,1000,1,1,,,0
UMTS,605,1,10017,7275589,0,10.135,36.806,1000,1,1,,,0
UMTS,605,3,2100,663144,0,10.134,36.806,1000,1,1,,,0
UMTS,605,3,2119,198050,0,10.139,36.806,1000,1,1,,,0
UMTS,605,1,10011,7274800,0,10.139,36.806,1000,1,1,,,0
UMTS,605,3,2119,227179,0,10.14,36.806,1000,1,1,,,0
UMTS,605,2,136,198572,0,10.133,36.806,1000,1,1,,,0
UMTS,605,2,136,198960,0,10.133,36.806,1000,1,1,,,0
UMTS,605,2,136,202884,0,10.133,36.806,1000,1,1,,,0
UMTS,605,2,250,198963,0,10.133,36.806,1000,1,1,,,0
UMTS,605,2,250,198569,0,10.133,36.806,1000,1,1,,,0
UMTS,605,2,250,252045,0,10.133,36.806,1000,1,1,,,0
UMTS,605,2,250,200765,0,10.133,36.806,1000,1,1,,,0
UMTS,605,2,250,203566,0,10.133,36.806,1000,1,1,,,0
GSM,605,2,418,50083,0,10.134,36.806,1000,1,1,,,0
GSM,605,2,418,55431,0,10.134,36.806,1000,1,1,,,0
GSM,605,2,418,54223,0,10.134,36.806,1000,1,1,,,0
UMTS,605,1,10017,7275592,0,10.136,36.806,1000,1,1,,,0
GSM,605,1,10017,1096,0,10.137,36.806,1000,1,1,,,0
UMTS,605,2,250,246696,0,10.137,36.806,1000,1,1,,,0
UMTS,605,3,2100,663141,0,10.137,36.806,1000,1,1,,,0
UMTS,605,3,2100,693141,0,10.137,36.806,1000,1,1,,,0
GSM,605,1,10017,1091,0,10.138,36.806,1000,1,1,,,0
GSM,605,1,10017,1092,0,10.138,36.806,1000,1,1,,,0
UMTS,605,2,250,203565,0,10.138,36.806,1000,1,1,,,0
GSM,605,2,418,53811,0,10.138,36.806,1000,1,1,,,0
GSM,605,3,119,15571,0,10.14,36.806,1000,1,1,,,0
UMTS,605,1,10017,7275588,0,10.14,36.806,1000,1,1,,,0
UMTS,605,3,2100,686802,0,10.14,36.806,1000,1,1,,,0
UMTS,605,2,250,202553,0,10.141,36.806,1000,1,1,,,0
UMTS,605,3,2100,655931,0,10.141,36.806,1000,1,1,,,0
UMTS,605,3,2100,655936,0,10.141,36.806,1000,1,1,,,0
UMTS,605,3,2100,656523,0,10.141,36.806,1000,1,1,,,0
UMTS,605,1,10011,7274797,0,10.141,36.806,1000,1,1,,,0
UMTS,605,1,10006,67547,0,10.144,36.806,1000,1,1,,,0
UMTS,605,2,1020,197917,0,10.139,36.807,1000,1,1,,,0
UMTS,605,1,10017,7275966,0,10.136,36.807,1000,1,1,,,0
GSM,605,3,1119,18359,0,10.134,36.807,1050,1,1,,,0
UMTS,605,3,2119,197771,0,10.14,36.807,1000,1,1,,,0
UMTS,605,1,10017,7275566,0,10.139,36.807,1000,1,1,,,0
UMTS,605,3,2100,656528,0,10.142,36.807,1000,1,1,,,0
LTE,605,3,4100,4036108,0,10.133,36.807,1000,1,1,,,0
UMTS,605,2,1020,852051,0,10.135,36.807,1000,1,1,,,0
GSM,605,3,1119,18340,0,10.136,36.807,1000,1,1,,,0
UMTS,605,1,10017,7275594,0,10.14,36.807,1000,1,1,,,0
UMTS,605,1,10017,7275591,0,10.14,36.807,1000,1,1,,,0
UMTS,605,1,10017,7275581,0,10.142,36.807,1000,1,1,,,0
GSM,605,3,1119,17972,0,10.138,36.807,1000,1,1,,,0
GSM,605,3,1119,18347,0,10.137,36.807,1000,1,1,,,0
LTE,605,3,4100,3864587,0,10.141,36.807,1000,1,1,,,0
UMTS,605,2,1020,852050,0,10.141,36.807,1000,1,1,,,0
UMTS,605,1,10011,7275588,0,10.14,36.807,1000,1,1,,,0
UMTS,605,3,2100,656807,0,10.138,36.807,1000,1,1,,,0
GSM,605,3,1119,17979,0,10.136,36.808,1000,1,1,,,0
UMTS,605,3,2100,656808,0,10.136,36.808,1000,1,1,,,0
GSM,605,1,10017,1095,0,10.137,36.808,1000,1,1,,,0
UMTS,605,1,10017,7275595,0,10.137,36.808,1000,1,1,,,0
GSM,605,3,1119,17978,0,10.143,36.808,1000,1,1,,,0
UMTS,605,1,10017,7274750,0,10.143,36.808,1000,1,1,,,0
UMTS,605,2,136,198963,0,10.133,36.808,1000,1,1,,,0
UMTS,605,3,2100,655826,0,10.133,36.808,1000,1,1,,,0
GSM,605,3,119,15262,0,10.134,36.808,1000,1,1,,,0
UMTS,605,2,250,198572,0,10.136,36.808,1000,1,1,,,0
UMTS,605,3,2100,663146,0,10.137,36.808,1000,1,1,,,0
UMTS,605,3,2100,656803,0,10.137,36.808,1000,1,1,,,0
UMTS,605,1,10015,7275986,0,10.137,36.808,1000,1,1,,,0
UMTS,605,3,2100,656802,0,10.138,36.808,1000,1,1,,,0
UMTS,605,3,2100,655828,0,10.138,36.808,1000,1,1,,,0
UMTS,605,1,10017,7280436,0,10.138,36.808,1000,1,1,,,0
UMTS,605,2,136,246696,0,10.14,36.808,1000,1,1,,,0
GSM,605,3,119,17081,0,10.142,36.808,1000,1,1,,,0
UMTS,605,2,136,196696,0,10.142,36.808,1000,1,1,,,0
UMTS,605,3,2100,656521,0,10.142,36.808,1000,1,1,,,0
GSM,605,3,1119,15571,0,10.142,36.808,1000,1,1,,,0
UMTS,605,1,10017,7276576,0,10.142,36.808,1000,1,1,,,0
GSM,605,3,1119,17087,0,10.144,36.808,1000,1,1,,,0
GSM,605,3,1119,17088,0,10.144,36.808,1000,1,1,,,0
LTE,605,2,1020,11522071,0,10.134,36.808,1000,1,1,,,0
LTE,605,3,4100,3941891,0,10.137,36.808,1000,1,1,,,0
UMTS,605,1,10011,7275591,0,10.14,36.808,1000,1,1,,,0
UMTS,605,1,10017,7275587,0,10.136,36.808,1000,1,1,,,0
LTE,605,3,4100,3941911,0,10.142,36.808,1000,1,1,,,0
LTE,605,3,4100,4036107,0,10.134,36.808,1000,1,1,,,0
UMTS,605,3,2100,692707,0,10.15,36.796,1000,1,1,,,0
UMTS,605,1,10011,7274798,0,10.145,36.796,1000,1,1,,,0
UMTS,605,2,1020,856197,0,10.145,36.796,1000,1,1,,,0
UMTS,605,1,4100,3864578,0,10.146,36.797,1000,1,1,,,0
UMTS,605,2,1020,856191,0,10.147,36.797,1000,1,1,,,0
GSM,605,2,418,55215,0,10.149,36.797,1000,1,1,,,0
GSM,605,3,1119,17053,0,10.149,36.797,1000,1,1,,,0
UMTS,605,2,1020,853116,0,10.15,36.797,1000,1,1,,,0
UMTS,605,1,10011,7281398,0,10.151,36.797,1000,1,1,,,0
UMTS,605,2,1020,853834,0,10.152,36.797,1000,1,1,,,0
GSM,605,3,1119,18207,0,10.155,36.797,1000,1,1,,,0
GSM,605,1,10011,303,0,10.145,36.797,1000,1,1,,,0
GSM,605,1,10011,301,0,10.145,36.797,1000,1,1,,,0
GSM,605,2,10011,301,0,10.145,36.797,1000,1,1,,,0
GSM,605,2,10011,305,0,10.145,36.797,1000,1,1,,,0
GSM,605,2,10011,303,0,10.145,36.797,1000,1,1,,,0
GSM,605,2,10017,1096,0,10.145,36.797,1000,1,1,,,0
UMTS,605,2,1020,856193,0,10.145,36.797,1000,1,1,,,0
UMTS,605,3,2100,656268,0,10.145,36.797,1000,1,1,,,0
UMTS,605,3,2100,656263,0,10.145,36.797,1000,1,1,,,0
UMTS,605,2,210,262983,0,10.145,36.797,1000,1,1,,,0
GSM,605,1,10011,304,0,10.147,36.797,1000,1,1,,,0
GSM,605,2,10011,304,0,10.147,36.797,1000,1,1,,,0
UMTS,605,1,10011,7275213,0,10.147,36.797,1000,1,1,,,0
UMTS,605,2,1020,853407,0,10.147,36.797,1000,1,1,,,0
GSM,605,3,1119,16153,0,10.147,36.797,1000,1,1,,,0
UMTS,605,2,137,262170,0,10.147,36.797,1000,1,1,,,0
UMTS,605,2,1020,906197,0,10.147,36.797,1000,1,1,,,0
UMTS,605,2,210,316473,0,10.147,36.797,1000,1,1,,,0
UMTS,605,2,1020,856189,0,10.147,36.797,1000,1,1,,,0
GSM,605,1,10011,872,0,10.148,36.797,1000,1,1,,,0
GSM,605,2,10011,302,0,10.148,36.797,1000,1,1,,,0
GSM,605,2,10011,873,0,10.148,36.797,1000,1,1,,,0
GSM,605,2,10017,252,0,10.148,36.797,1000,1,1,,,0
GSM,605,2,10011,872,0,10.148,36.797,1000,1,1,,,0
UMTS,605,2,1020,854830,0,10.148,36.797,1000,1,1,,,0
GSM,605,1,10001,796,0,10.149,36.797,1000,1,1,,,0
UMTS,605,3,2100,685932,0,10.149,36.797,1000,1,1,,,0
GSM,605,2,418,51145,0,10.149,36.797,1000,1,1,,,0
UMTS,605,2,1020,857183,0,10.149,36.797,1000,1,1,,,0
UMTS,605,2,1020,907186,0,10.149,36.797,1000,1,1,,,0
UMTS,605,2,1020,903116,0,10.149,36.797,1000,1,1,,,0
GSM,605,2,418,54225,0,10.149,36.797,1000,1,1,,,0
UMTS,605,1,10011,7275268,0,10.151,36.797,1000,1,1,,,0
GSM,605,3,1119,15572,0,10.149,36.797,1000,1,1,,,0
UMTS,605,3,2100,685886,0,10.156,36.797,1124,1,1,,,0
GSM,605,3,1119,18202,0,10.149,36.797,1000,1,1,,,0
GSM,605,1,10017,252,0,10.149,36.797,1000,1,1,,,0
UMTS,605,1,10001,66242,0,10.153,36.797,1000,1,1,,,0
GSM,605,1,10017,255,0,10.15,36.798,1000,1,1,,,0
UMTS,605,2,1020,853831,0,10.154,36.798,1000,1,1,,,0
LTE,605,3,4100,3877900,0,10.155,36.798,3760,1,1,,,0
LTE,605,2,1020,11653388,0,10.149,36.798,1000,1,1,,,0
LTE,605,2,1020,11628044,0,10.15,36.798,1000,1,1,,,0
UMTS,605,3,2100,655882,0,10.155,36.798,1000,1,1,,,0
UMTS,605,2,1020,854834,0,10.147,36.798,1000,1,1,,,0
GSM,605,2,10011,693,0,10.148,36.798,1000,1,1,,,0
UMTS,605,2,1020,853113,0,10.148,36.798,1000,1,1,,,0
UMTS,605,2,136,199470,0,10.149,36.798,1000,1,1,,,0
UMTS,605,1,10011,7275270,0,10.149,36.798,1000,1,1,,,0
UMTS,605,3,2100,655888,0,10.149,36.798,1000,1,1,,,0
GSM,605,2,418,51865,0,10.151,36.798,1000,1,1,,,0
UMTS,605,1,10011,7275192,0,10.153,36.798,1000,1,1,,,0
GSM,605,3,1119,15629,0,10.155,36.798,1000,1,1,,,0
GSM,605,3,1119,15622,0,10.155,36.798,1000,1,1,,,0
GSM,605,3,1119,18201,0,10.155,36.798,1000,1,1,,,0
GSM,605,3,1119,15623,0,10.155,36.798,1000,1,1,,,0
GSM,605,3,1119,15628,0,10.155,36.798,1000,1,1,,,0
GSM,605,2,418,54221,0,10.155,36.798,1000,1,1,,,0
UMTS,605,3,2100,685887,0,10.155,36.798,1000,1,1,,,0
UMTS,605,3,2100,655887,0,10.155,36.798,1000,1,1,,,0
UMTS,605,1,10001,65716,0,10.155,36.798,1000,1,1,,,0
GSM,605,1,10011,873,0,10.151,36.798,1000,1,1,,,0
GSM,605,3,1119,15627,0,10.153,36.798,1000,1,1,,,0
UMTS,605,2,1020,903837,0,10.155,36.799,1000,1,1,,,0
UMTS,605,1,10011,7275371,0,10.153,36.799,1000,1,1,,,0
UMTS,605,3,2100,662703,0,10.153,36.799,1000,1,1,,,0
UMTS,605,2,1020,857186,0,10.153,36.799,1000,1,1,,,0
UMTS,605,1,10011,7280546,0,10.155,36.799,1000,1,1,,,0
UMTS,605,1,10011,7274923,0,10.148,36.799,1000,1,1,,,0
GSM,605,2,418,51866,0,10.154,36.799,1000,1,1,,,0
UMTS,605,1,10001,67565,0,10.151,36.799,1000,1,1,,,0
UMTS,605,2,1020,853110,0,10.149,36.799,1000,1,1,,,0
GSM,605,1,10017,253,0,10.148,36.799,1000,1,1,,,0
UMTS,605,3,2100,655937,0,10.148,36.799,1000,1,1,,,0
UMTS,605,3,2100,685937,0,10.148,36.799,1000,1,1,,,0
GSM,605,3,119,15629,0,10.153,36.799,1000,1,1,,,0
UMTS,605,1,10011,7279066,0,10.153,36.799,1000,1,1,,,0
GSM,605,1,10001,3166,0,10.153,36.799,1000,1,1,,,0
UMTS,605,2,1020,857180,0,10.152,36.799,1000,1,1,,,0
UMTS,605,3,2100,662708,0,10.153,36.799,1000,1,1,,,0
UMTS,605,3,2100,692703,0,10.153,36.799,1000,1,1,,,0
GSM,605,1,10011,696,0,10.153,36.799,1000,1,1,,,0
GSM,605,1,10011,875,0,10.154,36.799,1000,1,1,,,0
GSM,605,3,1119,18203,0,10.155,36.799,1000,1,1,,,0
UMTS,605,1,10011,7275368,0,10.154,36.8,1000,1,1,,,0
UMTS,605,3,2100,686413,0,10.149,36.8,1000,1,1,,,0
GSM,605,1,10011,695,0,10.154,36.8,1000,1,1,,,0
GSM,605,1,10001,701,0,10.155,36.8,1000,1,1,,,0
UMTS,605,1,10011,7278386,0,10.154,36.8,1727,1,1,,,0
GSM,605,1,10011,774,0,10.148,36.8,1000,1,1,,,0
GSM,605,1,10011,771,0,10.149,36.8,1000,1,1,,,0
GSM,605,2,418,51863,0,10.147,36.8,1164,1,1,,,0
GSM,605,1,10017,6711,0,10.154,36.8,1000,1,1,,,0
UMTS,605,1,10011,7275193,0,10.155,36.8,1000,1,1,,,0
GSM,605,1,10001,702,0,10.156,36.8,1000,1,1,,,0
UMTS,605,3,2119,197131,0,10.154,36.801,1000,1,1,,,0
UMTS,605,1,10001,66239,0,10.153,36.801,1000,1,1,,,0
LTE,605,2,1020,11628033,0,10.148,36.801,1000,1,1,,,0
UMTS,605,1,10011,66859,0,10.153,36.801,1000,1,1,,,0
UMTS,605,1,10011,7275370,0,10.153,36.801,1000,1,1,,,0
UMTS,605,1,10011,7275189,0,10.153,36.801,1000,1,1,,,0
UMTS,605,1,10011,7275367,0,10.153,36.801,1000,1,1,,,0
GSM,605,2,418,56952,0,10.153,36.801,1000,1,1,,,0
UMTS,605,1,10011,7275211,0,10.155,36.801,1000,1,1,,,0
UMTS,605,3,2100,685883,0,10.148,36.801,1000,1,1,,,0
UMTS,605,1,10011,7275372,0,10.148,36.802,1000,1,1,,,0
UMTS,605,2,1020,853109,0,10.148,36.802,1000,1,1,,,0
UMTS,605,1,10011,7275208,0,10.155,36.802,1000,1,1,,,0
UMTS,605,1,10011,7275375,0,10.154,36.802,1000,1,1,,,0
LTE,605,1,10017,9478,0,10.151,36.802,5653,1,1,,,0
GSM,605,1,10011,692,0,10.151,36.802,1000,1,1,,,0
UMTS,605,2,1020,903115,0,10.147,36.802,1000,1,1,,,0
GSM,605,3,119,15572,0,10.148,36.802,1000,1,1,,,0
UMTS,605,2,136,199471,0,10.148,36.802,1000,1,1,,,0
UMTS,605,2,250,197749,0,10.148,36.802,1000,1,1,,,0
GSM,605,3,119,17053,0,10.149,36.802,1000,1,1,,,0
GSM,605,1,10017,1932,0,10.149,36.802,1000,1,1,,,0
GSM,605,2,418,52866,0,10.151,36.802,1000,1,1,,,0
UMTS,605,2,136,201823,0,10.151,36.802,1000,1,1,,,0
UMTS,605,2,136,201820,0,10.151,36.802,1000,1,1,,,0
GSM,605,1,10017,1081,0,10.151,36.802,1000,1,1,,,0
GSM,605,1,10017,1082,0,10.151,36.802,1000,1,1,,,0
GSM,605,1,10011,871,0,10.151,36.802,1000,1,1,,,0
UMTS,605,1,10017,7279377,0,10.151,36.802,1000,1,1,,,0
GSM,605,2,418,54224,0,10.152,36.802,1000,1,1,,,0
UMTS,605,1,10019,69676,0,10.155,36.802,1000,1,1,,,0
UMTS,605,1,10001,66241,0,10.155,36.802,1000,1,1,,,0
UMTS,605,1,10001,7274923,0,10.155,36.802,1000,1,1,,,0
UMTS,605,1,10001,66335,0,10.155,36.802,1000,1,1,,,0
GSM,605,1,10017,1084,0,10.147,36.803,1000,1,1,,,0
UMTS,605,3,2119,197661,0,10.145,36.803,1025,1,1,,,0
UMTS,605,3,2100,655932,0,10.145,36.804,1000,1,1,,,0
UMTS,605,1,10011,7275267,0,10.147,36.804,1000,1,1,,,0
UMTS,605,1,10011,7275369,0,10.148,36.804,1000,1,1,,,0
UMTS,605,1,10011,7275576,0,10.151,36.804,1000,1,1,,,0
UMTS,605,2,136,249477,0,10.151,36.804,1000,1,1,,,0
UMTS,605,2,250,197752,0,10.151,36.804,1000,1,1,,,0
UMTS,605,1,10017,7275580,0,10.151,36.804,1000,1,1,,,0
GSM,605,2,414,50672,0,10.151,36.804,1000,1,1,,,0
UMTS,605,1,10011,7279259,0,10.15,36.804,1000,1,1,,,0
UMTS,605,3,2119,197180,0,10.145,36.804,1000,1,1,,,0
GSM,605,3,1119,15578,0,10.15,36.804,1000,1,1,,,0
GSM,605,2,418,50793,0,10.147,36.805,1000,1,1,,,0
UMTS,605,1,10011,7276796,0,10.145,36.805,1000,1,1,,,0
UMTS,605,3,2100,656418,0,10.149,36.805,1000,1,1,,,0
UMTS,605,3,2100,686522,0,10.147,36.806,1000,1,1,,,0
LTE,605,3,4100,3897347,0,10.15,36.806,1000,1,1,,,0
LTE,605,3,4100,3864597,0,10.145,36.806,1000,1,1,,,0
UMTS,605,2,1020,852766,0,10.155,36.806,1000,1,1,,,0
LTE,605,3,4100,3897356,0,10.155,36.806,1000,1,1,,,0
UMTS,605,1,10017,7275576,0,10.149,36.806,1000,1,1,,,0
GSM,605,3,1116,15642,0,10.149,36.806,1000,1,1,,,0
UMTS,605,3,2100,688462,0,10.155,36.806,1000,1,1,,,0
UMTS,605,3,2100,686412,0,10.15,36.807,1000,1,1,,,0
UMTS,605,1,10006,65886,0,10.156,36.807,1983,1,1,,,0
UMTS,605,3,2119,50594049,0,10.152,36.807,2542,1,1,,,0
UMTS,605,1,10017,7275583,0,10.147,36.808,1000,1,1,,,0
UMTS,605,1,10017,7276398,0,10.147,36.808,1000,1,1,,,0
GSM,605,3,1116,17108,0,10.148,36.808,1000,1,1,,,0
GSM,605,1,10017,1902,0,10.145,36.808,1000,1,1,,,0
UMTS,605,2,250,197755,0,10.148,36.808,1000,1,1,,,0
UMTS,605,2,136,251827,0,10.149,36.808,1000,1,1,,,0
UMTS,605,3,2100,689033,0,10.155,36.808,1000,1,1,,,0
UMTS,605,2,1020,853336,0,10.155,36.808,1000,1,1,,,0
UMTS,605,2,136,201824,0,10.148,36.808,1000,1,1,,,0
UMTS,605,3,2100,688457,0,10.163,36.796,1000,1,1,,,0
GSM,605,1,10001,2023,0,10.159,36.796,1000,1,1,,,0
GSM,605,1,10001,1322,0,10.164,36.796,1000,1,1,,,0
LTE,605,3,4100,3962637,0,10.164,36.796,1000,1,1,,,0
UMTS,605,3,2100,655886,0,10.162,36.796,1000,1,1,,,0
UMTS,605,3,2119,199700,0,10.164,36.797,1000,1,1,,,0
UMTS,605,2,136,197101,0,10.163,36.797,1000,1,1,,,0
UMTS,605,3,2100,658457,0,10.163,36.797,1000,1,1,,,0
GSM,605,3,123,16708,0,10.164,36.797,1000,1,1,,,0
GSM,605,3,123,16707,0,10.164,36.797,1000,1,1,,,0
UMTS,605,2,136,247105,0,10.164,36.797,1000,1,1,,,0
UMTS,605,2,1020,857560,0,10.164,36.797,1000,1,1,,,0
GSM,605,3,123,16701,0,10.166,36.797,1000,1,1,,,0
GSM,605,2,418,50494,0,10.166,36.797,1000,1,1,,,0
GSM,605,1,10001,1324,0,10.167,36.797,1000,1,1,,,0
UMTS,605,2,134,119255,0,10.167,36.797,1000,1,1,,,0
UMTS,605,2,134,69252,0,10.167,36.797,1000,1,1,,,0
UMTS,605,2,134,69255,0,10.167,36.797,1000,1,1,,,0
LTE,605,1,10001,33796,0,10.167,36.797,1000,1,1,,,0
UMTS,605,3,2119,229700,0,10.162,36.797,1000,1,1,,,0
LTE,605,2,1020,11532555,0,10.164,36.797,1000,1,1,,,0
UMTS,605,1,10001,68667,0,10.164,36.797,1000,1,1,,,0
UMTS,605,2,240,185671,0,10.164,36.797,1000,1,1,,,0
UMTS,605,1,10001,66812,0,10.166,36.797,1000,1,1,,,0
UMTS,605,1,10001,66860,0,10.168,36.798,1000,1,1,,,0
GSM,605,3,1119,16708,0,10.165,36.798,1000,1,1,,,0
UMTS,605,2,134,69249,0,10.168,36.798,1000,1,1,,,0
UMTS,605,1,10001,66859,0,10.162,36.798,1000,1,1,,,0
UMTS,605,1,10001,66237,0,10.162,36.798,1000,1,1,,,0
UMTS,605,2,1020,853830,0,10.162,36.798,1000,1,1,,,0
GSM,605,3,1125,17189,0,10.162,36.798,1000,1,1,,,0
UMTS,605,2,1020,857559,0,10.164,36.798,1000,1,1,,,0
LTE,605,1,10006,19462,0,10.166,36.798,1000,1,1,,,0
GSM,605,2,418,53716,0,10.167,36.798,1000,1,1,,,0
GSM,605,2,418,53713,0,10.167,36.798,1000,1,1,,,0
UMTS,605,3,2119,199699,0,10.165,36.798,1000,1,1,,,0
GSM,605,3,1119,10763,0,10.164,36.798,1000,1,1,,,0
UMTS,605,1,10001,67676,0,10.167,36.798,1000,1,1,,,0
LTE,605,3,4100,3877387,0,10.166,36.798,1000,1,1,,,0
UMTS,605,1,10006,70026,0,10.168,36.799,1000,1,1,,,0
GSM,605,3,1119,10769,0,10.16,36.799,1000,1,1,,,0
UMTS,605,2,1020,907565,0,10.16,36.799,1000,1,1,,,0
UMTS,605,2,1020,907566,0,10.16,36.799,1000,1,1,,,0
LTE,605,3,4100,3877377,0,10.167,36.799,1000,1,1,,,0
UMTS,605,1,10001,66862,0,10.162,36.799,1000,1,1,,,0
LTE,605,2,1020,11523853,0,10.157,36.799,1295,1,1,,,0
UMTS,605,1,10001,66857,0,10.167,36.799,1000,1,1,,,0
LTE,605,2,1020,11567629,0,10.159,36.799,1000,1,1,,,0
GSM,605,1,10001,1326,0,10.156,36.799,1000,1,1,,,0
UMTS,605,1,10001,70446,0,10.156,36.799,1000,1,1,,,0
UMTS,605,2,1020,857563,0,10.156,36.799,1000,1,1,,,0
GSM,605,2,418,50153,0,10.156,36.799,1000,1,1,,,0
GSM,605,3,119,15623,0,10.159,36.799,1000,1,1,,,0
GSM,605,3,123,16703,0,10.16,36.799,1000,1,1,,,0
UMTS,605,3,2100,16709,0,10.16,36.799,1000,1,1,,,0
UMTS,605,2,1020,853833,0,10.16,36.799,1000,1,1,,,0
GSM,605,3,119,15621,0,10.162,36.799,1000,1,1,,,0
UMTS,605,3,2100,658456,0,10.164,36.799,1000,1,1,,,0
UMTS,605,2,1020,857562,0,10.164,36.799,1000,1,1,,,0
GSM,605,2,418,53896,0,10.167,36.799,1000,1,1,,,0
UMTS,605,3,2100,526600,0,10.167,36.799,1000,1,1,,,0
UMTS,605,1,10001,70136,0,10.167,36.799,1000,1,1,,,0
UMTS,605,2,1020,855687,0,10.167,36.799,1000,1,1,,,0
UMTS,605,2,1020,852126,0,10.167,36.799,1000,1,1,,,0
GSM,605,2,418,51085,0,10.167,36.799,1000,1,1,,,0
GSM,605,2,418,50156,0,10.158,36.799,1000,1,1,,,0
GSM,605,2,418,51861,0,10.158,36.799,1000,1,1,,,0
GSM,605,1,10001,1513,0,10.168,36.799,1000,1,1,,,0
UMTS,605,3,2100,658451,0,10.165,36.799,1140,1,1,,,0
GSM,605,3,1119,15938,0,10.167,36.8,1000,1,1,,,0
GSM,605,3,103,16707,0,10.165,36.8,1000,1,1,,,0
UMTS,605,1,10006,71119,0,10.167,36.8,1000,1,1,,,0
LTE,605,3,4100,3905027,0,10.167,36.8,1000,1,1,,,0
UMTS,605,3,2119,229701,0,10.161,36.8,1000,1,1,,,0
UMTS,605,2,1020,852120,0,10.165,36.8,1000,1,1,,,0
UMTS,605,1,10006,66302,0,10.166,36.8,1000,1,1,,,0
LTE,605,2,1020,11567627,0,10.16,36.8,1000,1,1,,,0
UMTS,605,1,10001,66865,0,10.157,36.8,1000,1,1,,,0
LTE,605,3,4100,3905037,0,10.165,36.801,1000,1,1,,,0
GSM,605,1,10011,691,0,10.156,36.801,1000,1,1,,,0
GSM,605,3,1119,10143,0,10.156,36.801,1000,1,1,,,0
UMTS,605,2,1020,902467,0,10.156,36.801,1000,1,1,,,0
GSM,605,2,418,55596,0,10.156,36.801,1000,1,1,,,0
UMTS,605,1,10011,7275273,0,10.156,36.801,1000,1,1,,,0
UMTS,605,1,10001,7275193,0,10.156,36.801,1000,1,1,,,0
UMTS,605,3,2119,197129,0,10.16,36.801,1000,1,1,,,0
UMTS,605,2,1020,903835,0,10.16,36.801,1000,1,1,,,0
GSM,605,3,1119,15937,0,10.16,36.801,1000,1,1,,,0
UMTS,605,1,10001,69066,0,10.162,36.801,1000,1,1,,,0
UMTS,605,1,10006,65822,0,10.162,36.801,1000,1,1,,,0
UMTS,605,2,1020,853829,0,10.162,36.801,1000,1,1,,,0
UMTS,605,2,136,246766,0,10.164,36.801,1000,1,1,,,0
UMTS,605,3,2157,658451,0,10.164,36.801,1000,1,1,,,0
UMTS,605,3,2237,298285,0,10.166,36.801,1000,1,1,,,0
UMTS,605,3,2217,298185,0,10.166,36.801,1000,1,1,,,0
GSM,605,1,10006,752,0,10.166,36.801,1000,1,1,,,0
UMTS,605,2,1020,903336,0,10.164,36.801,1000,1,1,,,0
UMTS,605,1,10001,67051,0,10.165,36.801,1000,1,1,,,0
GSM,605,3,1105,16413,0,10.166,36.801,1000,1,1,,,0
UMTS,605,3,2100,658458,0,10.161,36.801,1000,1,1,,,0
GSM,605,1,10001,703,0,10.156,36.801,1000,1,1,,,0
GSM,605,3,1105,15018,0,10.164,36.801,1000,1,1,,,0
UMTS,605,3,2100,688451,0,10.165,36.801,1000,1,1,,,0
UMTS,605,1,10001,70456,0,10.156,36.801,1000,1,1,,,0
UMTS,605,3,2100,688456,0,10.164,36.801,1000,1,1,,,0
LTE,605,2,1020,11523852,0,10.164,36.801,1000,1,1,,,0
GSM,605,3,1119,18209,0,10.156,36.801,1000,1,1,,,0
UMTS,605,3,2100,526921,0,10.162,36.801,1000,1,1,,,0
UMTS,605,3,2157,688458,0,10.163,36.801,1000,1,1,,,0
UMTS,605,1,10006,65818,0,10.164,36.801,1000,1,1,,,0
UMTS,605,2,134,121235,0,10.165,36.801,1000,1,1,,,0
UMTS,605,3,2100,688453,0,10.16,36.802,1000,1,1,,,0
UMTS,605,2,1020,852123,0,10.162,36.802,1000,1,1,,,0
GSM,605,3,1119,10163,0,10.162,36.802,1000,1,1,,,0
UMTS,605,3,2100,556926,0,10.164,36.802,1000,1,1,,,0
GSM,605,3,1119,15428,0,10.167,36.802,1000,1,1,,,0
UMTS,605,3,2100,658442,0,10.168,36.802,1000,1,1,,,0
UMTS,605,3,2100,688442,0,10.167,36.802,1000,1,1,,,0
GSM,605,3,1116,16318,0,10.158,36.802,1000,1,1,,,0
GSM,605,3,1119,15933,0,10.161,36.802,1000,1,1,,,0
GSM,605,1,10006,1892,0,10.161,36.802,1000,1,1,,,0
GSM,605,3,1119,15939,0,10.161,36.802,1000,1,1,,,0
UMTS,605,3,2157,658453,0,10.162,36.802,1000,1,1,,,0
GSM,605,2,418,51864,0,10.163,36.802,1000,1,1,,,0
UMTS,605,3,2157,526918,0,10.163,36.802,1000,1,1,,,0
UMTS,605,3,2157,526921,0,10.164,36.802,1000,1,1,,,0
GSM,605,3,1105,15443,0,10.164,36.802,1000,1,1,,,0
UMTS,605,2,136,196759,0,10.168,36.802,1000,1,1,,,0
GSM,605,2,1020,54227,0,10.156,36.802,1000,1,1,,,0
UMTS,605,2,1020,860539,0,10.156,36.802,1000,1,1,,,0
UMTS,605,3,2100,655883,0,10.158,36.802,1000,1,1,,,0
UMTS,605,1,10001,66240,0,10.158,36.802,1000,1,1,,,0
UMTS,605,2,1020,854827,0,10.158,36.802,1000,1,1,,,0
UMTS,605,2,1020,854826,0,10.158,36.802,1000,1,1,,,0
GSM,605,3,1119,10169,0,10.16,36.802,1000,1,1,,,0
GSM,605,3,1119,16703,0,10.16,36.802,1000,1,1,,,0
GSM,605,3,1119,16709,0,10.16,36.802,1000,1,1,,,0
UMTS,605,3,2157,557111,0,10.16,36.802,1000,1,1,,,0
UMTS,605,3,2157,658458,0,10.16,36.802,1000,1,1,,,0
UMTS,605,3,2100,688458,0,10.16,36.802,1000,1,1,,,0
GSM,605,3,1105,15013,0,10.16,36.802,1000,1,1,,,0
GSM,605,3,1119,10897,0,10.162,36.802,1000,1,1,,,0
UMTS,605,1,10006,65816,0,10.163,36.802,1000,1,1,,,0
UMTS,605,3,2100,527886,0,10.163,36.802,1000,1,1,,,0
UMTS,605,3,2157,556601,0,10.163,36.802,1000,1,1,,,0
GSM,605,2,418,50154,0,10.163,36.802,1000,1,1,,,0
GSM,605,2,418,52842,0,10.163,36.802,1000,1,1,,,0
UMTS,605,3,2157,658443,0,10.163,36.802,1000,1,1,,,0
GSM,605,3,103,15939,0,10.164,36.802,1000,1,1,,,0
UMTS,605,3,13320,658448,0,10.164,36.802,1000,1,1,,,0
UMTS,605,2,136,196761,0,10.164,36.802,1000,1,1,,,0
UMTS,605,2,136,246767,0,10.164,36.802,1000,1,1,,,0
UMTS,605,3,2100,686566,0,10.164,36.802,1000,1,1,,,0
UMTS,605,2,1020,852121,0,10.164,36.802,1000,1,1,,,0
UMTS,605,2,1020,902127,0,10.164,36.802,1000,1,1,,,0
UMTS,605,3,2157,658448,0,10.166,36.802,1000,1,1,,,0
LTE,605,3,4100,3859724,0,10.164,36.802,1000,1,1,,,0
GSM,605,1,10006,282,0,10.162,36.802,1000,1,1,,,0
GSM,605,3,1116,17107,0,10.161,36.802,1000,1,1,,,0
GSM,605,3,1105,16419,0,10.166,36.802,1000,1,1,,,0
UMTS,605,3,2100,526926,0,10.161,36.802,1000,1,1,,,0
GSM,605,1,10001,3164,0,10.164,36.802,1000,1,1,,,0
UMTS,605,3,2100,658453,0,10.161,36.803,1000,1,1,,,0
UMTS,605,3,2100,658447,0,10.167,36.803,1000,1,1,,,0
GSM,605,1,10006,755,0,10.162,36.803,1000,1,1,,,0
UMTS,605,1,10006,65825,0,10.162,36.803,1000,1,1,,,0
UMTS,605,1,10006,72602,0,10.163,36.803,1000,1,1,,,0
UMTS,605,2,136,196762,0,10.168,36.803,1000,1,1,,,0
UMTS,605,1,10006,65819,0,10.164,36.803,1000,1,1,,,0
UMTS,605,1,10006,68268,0,10.163,36.803,1000,1,1,,,0
UMTS,605,3,2119,199701,0,10.161,36.803,1000,1,1,,,0
UMTS,605,3,2100,658443,0,10.164,36.803,1000,1,1,,,0
UMTS,605,2,1020,852124,0,10.162,36.803,1000,1,1,,,0
UMTS,605,3,2100,659035,0,10.165,36.803,1000,1,1,,,0
UMTS,605,1,10006,70109,0,10.161,36.803,1000,1,1,,,0
UMTS,605,1,10006,68649,0,10.162,36.803,1000,1,1,,,0
UMTS,605,3,2100,688448,0,10.164,36.803,1000,1,1,,,0
UMTS,605,3,2157,526926,0,10.166,36.803,1000,1,1,,,0
UMTS,605,2,134,65692,0,10.164,36.803,1000,1,1,,,0
UMTS,605,3,2100,659403,0,10.165,36.803,1000,1,1,,,0
UMTS,605,1,2100,657893,0,10.164,36.803,1000,1,1,,,0
UMTS,605,1,2100,657894,0,10.164,36.803,1000,1,1,,,0
GSM,605,1,10017,391,0,10.158,36.804,1000,1,1,,,0
UMTS,605,1,10017,7276669,0,10.158,36.804,1000,1,1,,,0
UMTS,605,1,10017,7281417,0,10.158,36.804,1000,1,1,,,0
GSM,605,3,1116,16312,0,10.158,36.804,1000,1,1,,,0
GSM,605,2,1020,52278,0,10.162,36.804,1000,1,1,,,0
GSM,605,3,103,16419,0,10.163,36.804,1000,1,1,,,0
UMTS,605,3,2100,688443,0,10.163,36.804,1000,1,1,,,0
UMTS,605,3,2100,658448,0,10.164,36.804,1000,1,1,,,0
UMTS,605,3,2100,526918,0,10.164,36.804,1000,1,1,,,0
UMTS,605,3,2100,658446,0,10.166,36.804,1000,1,1,,,0
GSM,605,3,1125,16477,0,10.166,36.804,1000,1,1,,,0
GSM,605,2,418,51084,0,10.166,36.804,1000,1,1,,,0
UMTS,605,2,134,117003,0,10.166,36.804,1000,1,1,,,0
GSM,605,3,1125,61141,0,10.166,36.804,1000,1,1,,,0
UMTS,605,3,2157,659035,0,10.166,36.804,1000,1,1,,,0
UMTS,605,3,2119,199691,0,10.163,36.804,1000,1,1,,,0
UMTS,605,2,134,71165,0,10.165,36.804,1000,1,1,,,0
UMTS,605,1,10006,66297,0,10.167,36.804,1000,1,1,,,0
UMTS,605,3,2100,659408,0,10.166,36.804,1000,1,1,,,0
UMTS,605,1,10006,68716,0,10.162,36.804,1000,1,1,,,0
UMTS,605,2,134,65687,0,10.166,36.804,1000,1,1,,,0
UMTS,605,3,2123,199691,0,10.163,36.804,1000,1,1,,,0
UMTS,605,3,2100,689403,0,10.162,36.804,1000,1,1,,,0
GSM,605,2,418,50155,0,10.159,36.804,1000,1,1,,,0
UMTS,605,2,134,65689,0,10.163,36.804,1000,1,1,,,0
UMTS,605,2,134,65690,0,10.167,36.804,1000,1,1,,,0
GSM,605,1,10006,285,0,10.158,36.804,1000,1,1,,,0
GSM,605,3,1119,18233,0,10.159,36.804,1000,1,1,,,0
UMTS,605,2,1020,853051,0,10.16,36.804,1000,1,1,,,0
UMTS,605,1,10006,72599,0,10.164,36.804,1000,1,1,,,0
LTE,605,3,4100,3941389,0,10.165,36.804,1000,1,1,,,0
UMTS,605,3,2100,689408,0,10.166,36.804,1000,1,1,,,0
GSM,605,1,10006,246,0,10.159,36.805,1000,1,1,,,0
LTE,605,3,4100,3877133,0,10.163,36.805,1000,1,1,,,0
UMTS,605,2,1020,854829,0,10.156,36.805,1000,1,1,,,0
GSM,605,1,10006,243,0,10.158,36.805,1000,1,1,,,0
GSM,605,1,10006,286,0,10.158,36.805,1000,1,1,,,0
UMTS,605,1,10006,66206,0,10.158,36.805,1000,1,1,,,0
UMTS,605,1,10017,7274726,0,10.158,36.805,1000,1,1,,,0
UMTS,605,1,10006,65801,0,10.158,36.805,1000,1,1,,,0
UMTS,605,1,10017,7274751,0,10.158,36.805,1000,1,1,,,0
UMTS,605,1,10006,69976,0,10.158,36.805,1000,1,1,,,0
UMTS,605,1,10017,7274754,0,10.158,36.805,1000,1,1,,,0
UMTS,605,2,1020,902126,0,10.158,36.805,1000,1,1,,,0
UMTS,605,2,134,121165,0,10.158,36.805,1000,1,1,,,0
GSM,605,2,418,51935,0,10.158,36.805,1000,1,1,,,0
GSM,605,3,1119,15931,0,10.158,36.805,1000,1,1,,,0
GSM,605,3,1119,61021,0,10.158,36.805,1000,1,1,,,0
GSM,605,3,2100,2539,0,10.158,36.805,1000,1,1,,,0
GSM,605,2,418,51086,0,10.158,36.805,1000,1,1,,,0
GSM,605,2,418,51082,0,10.158,36.805,1000,1,1,,,0
UMTS,605,2,1020,853330,0,10.158,36.805,1000,1,1,,,0
UMTS,605,2,1020,904816,0,10.158,36.805,1000,1,1,,,0
GSM,605,2,1020,1083,0,10.158,36.805,1000,1,1,,,0
UMTS,605,2,1020,853050,0,10.158,36.805,1000,1,1,,,0
UMTS,605,2,1020,903055,0,10.158,36.805,1000,1,1,,,0
GSM,605,2,418,51083,0,10.158,36.805,1000,1,1,,,0
UMTS,605,2,1020,853054,0,10.158,36.805,1000,1,1,,,0
GSM,605,2,1020,1086,0,10.158,36.805,1000,1,1,,,0
GSM,605,2,418,53894,0,10.158,36.805,1000,1,1,,,0
UMTS,605,1,10017,7280426,0,10.158,36.805,1000,1,1,,,0
UMTS,605,1,10017,7276401,0,10.158,36.805,1000,1,1,,,0
UMTS,605,1,10006,65786,0,10.158,36.805,1000,1,1,,,0
UMTS,605,2,1020,857561,0,10.158,36.805,1000,1,1,,,0
GSM,605,3,2100,3086,0,10.158,36.805,1000,1,1,,,0
UMTS,605,2,1020,904817,0,10.158,36.805,1000,1,1,,,0
UMTS,605,2,1020,854816,0,10.158,36.805,1000,1,1,,,0
UMTS,605,2,1020,854810,0,10.158,36.805,1000,1,1,,,0
UMTS,605,2,1020,854813,0,10.158,36.805,1000,1,1,,,0
UMTS,605,2,1020,853333,0,10.158,36.805,1000,1,1,,,0
GSM,605,2,418,51763,0,10.158,36.805,1000,1,1,,,0
UMTS,605,1,10006,67429,0,10.16,36.805,1000,1,1,,,0
UMTS,605,1,10006,67431,0,10.162,36.805,1000,1,1,,,0
UMTS,605,1,10006,70016,0,10.166,36.805,1000,1,1,,,0
UMTS,605,2,1020,902125,0,10.167,36.805,1000,1,1,,,0
GSM,605,2,418,51936,0,10.158,36.805,1000,1,1,,,0
GSM,605,2,417,55623,0,10.159,36.805,1000,1,1,,,0
UMTS,605,1,10006,70556,0,10.16,36.805,1000,1,1,,,0
UMTS,605,2,1020,854825,0,10.16,36.805,1000,1,1,,,0
UMTS,605,2,1020,853730,0,10.168,36.805,1000,1,1,,,0
GSM,605,3,1119,17058,0,10.161,36.805,1542,1,1,,,0
UMTS,605,3,2100,656566,0,10.162,36.805,1097,1,1,,,0
UMTS,605,3,2100,688446,0,10.163,36.805,1000,1,1,,,0
UMTS,605,3,2123,200651,0,10.168,36.805,1000,1,1,,,0
GSM,605,2,418,50795,0,10.157,36.806,1000,1,1,,,0
GSM,605,3,1119,15279,0,10.159,36.806,1000,1,1,,,0
UMTS,605,2,1020,853906,0,10.159,36.806,1000,1,1,,,0
UMTS,605,2,136,199452,0,10.162,36.806,1000,1,1,,,0
GSM,605,2,418,51931,0,10.157,36.806,1000,1,1,,,0
UMTS,605,2,1020,854820,0,10.158,36.806,1000,1,1,,,0
GSM,605,3,1119,10167,0,10.158,36.806,1000,1,1,,,0
UMTS,605,2,136,199449,0,10.161,36.806,1000,1,1,,,0
GSM,605,3,1119,15271,0,10.158,36.806,1000,1,1,,,0
GSM,605,2,418,51362,0,10.158,36.806,1000,1,1,,,0
GSM,605,2,418,50152,0,10.16,36.806,1000,1,1,,,0
GSM,605,3,103,15278,0,10.161,36.806,1000,1,1,,,0
LTE,605,2,1020,11523843,0,10.158,36.806,1000,1,1,,,0
GSM,605,1,10006,265,0,10.159,36.806,1000,1,1,,,0
GSM,605,3,1119,15272,0,10.159,36.806,1000,1,1,,,0
UMTS,605,2,1020,854812,0,10.161,36.806,1000,1,1,,,0
GSM,605,3,1119,15278,0,10.161,36.806,1000,1,1,,,0
UMTS,605,1,10006,65804,0,10.168,36.806,1000,1,1,,,0
UMTS,605,2,1020,852761,0,10.156,36.806,1000,1,1,,,0
LTE,605,3,4100,3897346,0,10.156,36.806,1000,1,1,,,0
UMTS,605,3,2100,527109,0,10.158,36.806,1000,1,1,,,0
UMTS,605,2,1020,903905,0,10.158,36.806,1000,1,1,,,0
LTE,605,3,4100,3849475,0,10.158,36.806,1000,1,1,,,0
UMTS,605,1,10006,67428,0,10.16,36.806,1000,1,1,,,0
GSM,605,2,418,52841,0,10.16,36.806,1000,1,1,,,0
GSM,605,2,418,51363,0,10.16,36.806,1000,1,1,,,0
UMTS,605,2,136,247976,0,10.164,36.806,1000,1,1,,,0
LTE,605,3,4100,3941379,0,10.164,36.806,1000,1,1,,,0
UMTS,605,3,2100,689406,0,10.167,36.806,1000,1,1,,,0
GSM,605,1,10006,262,0,10.158,36.806,1000,1,1,,,0
GSM,605,3,1119,15273,0,10.157,36.806,1000,1,1,,,0
UMTS,605,1,10006,67435,0,10.158,36.806,1000,1,1,,,0
UMTS,605,3,2100,688441,0,10.164,36.807,1000,1,1,,,0
UMTS,605,3,2100,687891,0,10.158,36.807,1000,1,1,,,0
UMTS,605,3,2116,202570,0,10.161,36.807,1000,1,1,,,0
LTE,605,3,4100,3859723,0,10.161,36.807,1000,1,1,,,0
UMTS,605,2,1020,904825,0,10.159,36.807,1000,1,1,,,0
UMTS,605,2,134,67471,0,10.16,36.807,1000,1,1,,,0
UMTS,605,2,1020,853905,0,10.16,36.807,1000,1,1,,,0
GSM,605,3,1119,10161,0,10.16,36.807,1000,1,1,,,0
UMTS,605,3,2119,199140,0,10.16,36.807,1000,1,1,,,0
GSM,605,3,1116,18629,0,10.16,36.807,1000,1,1,,,0
UMTS,605,3,2123,200649,0,10.167,36.807,1000,1,1,,,0
UMTS,605,2,1020,854819,0,10.158,36.807,1000,1,1,,,0
GSM,605,1,10006,263,0,10.158,36.807,1000,1,1,,,0
UMTS,605,2,1020,853903,0,10.159,36.807,1000,1,1,,,0
UMTS,605,3,2100,656412,0,10.156,36.807,1000,1,1,,,0
UMTS,605,2,134,67468,0,10.16,36.807,1000,1,1,,,0
GSM,605,2,418,50792,0,10.156,36.808,1000,1,1,,,0
GSM,605,2,418,50335,0,10.157,36.808,1000,1,1,,,0
GSM,605,2,418,51932,0,10.157,36.808,1000,1,1,,,0
GSM,605,3,1116,17101,0,10.158,36.808,1000,1,1,,,0
UMTS,605,3,2100,656561,0,10.158,36.808,1000,1,1,,,0
UMTS,605,1,10017,7280196,0,10.159,36.808,1000,1,1,,,0
UMTS,605,2,136,196940,0,10.16,36.808,1000,1,1,,,0
UMTS,605,2,1020,854809,0,10.16,36.808,1000,1,1,,,0
UMTS,605,2,1020,903906,0,10.16,36.808,1000,1,1,,,0
UMTS,605,2,1020,854241,0,10.16,36.808,1000,1,1,,,0
UMTS,605,2,1020,853899,0,10.16,36.808,1000,1,1,,,0
UMTS,605,2,1020,854822,0,10.158,36.808,1000,1,1,,,0
LTE,605,3,4100,3849476,0,10.158,36.808,1000,1,1,,,0
UMTS,605,2,136,251825,0,10.159,36.808,1000,1,1,,,0
UMTS,605,2,1020,853900,0,10.159,36.808,1000,1,1,,,0
UMTS,605,2,1020,904247,0,10.159,36.808,1000,1,1,,,0
UMTS,605,3,2116,199141,0,10.16,36.808,1000,1,1,,,0
UMTS,605,3,2100,695796,0,10.16,36.808,1000,1,1,,,0
UMTS,605,2,136,248377,0,10.162,36.808,1000,1,1,,,0
LTE,605,3,4100,3849473,0,10.164,36.808,1000,1,1,,,0
UMTS,605,2,136,248886,0,10.167,36.808,1000,1,1,,,0
UMTS,605,3,2100,659401,0,10.167,36.808,1000,1,1,,,0
UMTS,605,3,2100,689401,0,10.167,36.808,1000,1,1,,,0
UMTS,605,3,2100,657898,0,10.162,36.808,1000,1,1,,,0
UMTS,605,3,2100,657897,0,10.161,36.808,1000,1,1,,,0
UMTS,605,3,2123,199141,0,10.159,36.808,1000,1,1,,,0
UMTS,605,3,2100,687893,0,10.16,36.808,1000,1,1,,,0
UMTS,605,3,2100,657893,0,10.16,36.808,1000,1,1,,,0
UMTS,605,3,2100,657896,0,10.16,36.808,1000,1,1,,,0
UMTS,605,3,2119,199141,0,10.159,36.808,1000,1,1,,,0
UMTS,605,3,2157,527101,0,10.169,36.796,1000,1,1,,,0
LTE,605,3,4157,3861515,0,10.172,36.796,1000,1,1,,,0
UMTS,605,1,10001,86336,0,10.177,36.796,1000,1,1,,,0
UMTS,605,1,10001,7867429,0,10.175,36.796,1000,1,1,,,0
LTE,605,2,134,11665676,0,10.175,36.796,1000,1,1,,,0
UMTS,605,2,134,71228,0,10.175,36.796,1000,1,1,,,0
GSM,605,1,10001,186,0,10.176,36.796,1000,1,1,,,0
GSM,605,2,417,55694,0,10.177,36.796,1000,1,1,,,0
UMTS,605,3,2157,557129,0,10.172,36.796,1000,1,1,,,0
LTE,605,3,4157,3861505,0,10.172,36.796,1000,1,1,,,0
UMTS,605,3,2157,557134,0,10.172,36.796,1000,1,1,,,0
UMTS,605,3,2157,556970,0,10.179,36.796,1000,1,1,,,0
LTE,605,1,10001,60419,0,10.18,36.796,1000,1,1,,,0
UMTS,605,2,134,67328,0,10.174,36.796,1000,1,1,,,0
UMTS,605,2,134,69493,0,10.179,36.796,1000,1,1,,,0
GSM,605,1,10001,231,0,10.169,36.797,1000,1,1,,,0
UMTS,605,1,10001,65724,0,10.18,36.797,1000,1,1,,,0
GSM,605,3,125,15073,0,10.169,36.797,1000,1,1,,,0
UMTS,605,2,134,71622,0,10.17,36.797,1000,1,1,,,0
UMTS,605,2,134,69428,0,10.17,36.797,1000,1,1,,,0
UMTS,605,2,134,121234,0,10.17,36.797,1000,1,1,,,0
UMTS,605,2,136,248935,0,10.17,36.797,1000,1,1,,,0
UMTS,605,1,10001,66811,0,10.17,36.797,1000,1,1,,,0
UMTS,605,2,134,119254,0,10.17,36.797,1000,1,1,,,0
UMTS,605,2,134,121625,0,10.171,36.797,1000,1,1,,,0
UMTS,605,1,10001,66808,0,10.171,36.797,1000,1,1,,,0
UMTS,605,2,134,67329,0,10.173,36.797,1000,1,1,,,0
UMTS,605,2,137,263425,0,10.174,36.797,1000,1,1,,,0
GSM,605,2,417,59081,0,10.174,36.797,1000,1,1,,,0
UMTS,605,3,2157,585809,0,10.174,36.797,1000,1,1,,,0
UMTS,605,1,10001,67048,0,10.174,36.797,1000,1,1,,,0
UMTS,605,2,137,262538,0,10.178,36.797,1000,1,1,,,0
GSM,605,2,417,53956,0,10.178,36.797,1000,1,1,,,0
GSM,605,2,417,50391,0,10.178,36.797,1000,1,1,,,0
UMTS,605,1,10001,68640,0,10.178,36.797,1000,1,1,,,0
GSM,605,2,417,59021,0,10.18,36.797,1000,1,1,,,0
UMTS,605,3,27912,527011,0,10.18,36.797,1000,1,1,,,0
UMTS,605,2,134,71227,0,10.178,36.797,1000,1,1,,,0
GSM,605,3,1125,15077,0,10.179,36.797,1000,1,1,,,0
UMTS,605,2,134,71230,0,10.177,36.797,1000,1,1,,,0
GSM,605,2,418,53711,0,10.17,36.797,1000,1,1,,,0
UMTS,605,2,134,71231,0,10.175,36.797,1000,1,1,,,0
UMTS,605,3,2100,527106,0,10.17,36.797,1000,1,1,,,0
LTE,605,3,4157,4055575,0,10.17,36.797,1000,1,1,,,0
UMTS,605,3,2157,566474,0,10.172,36.797,1000,1,1,,,0
UMTS,605,3,2157,566471,0,10.17,36.797,1000,1,1,,,0
LTE,605,3,4157,4055563,0,10.171,36.797,1000,1,1,,,0
UMTS,605,1,10001,72016,0,10.171,36.797,1000,1,1,,,0
UMTS,605,2,134,71618,0,10.173,36.797,1000,1,1,,,0
GSM,605,1,10001,6834,0,10.175,36.797,1000,1,1,,,0
UMTS,605,1,10001,67136,0,10.178,36.797,1000,1,1,,,0
UMTS,605,1,10001,67423,0,10.179,36.797,1000,1,1,,,0
LTE,605,3,4157,4055553,0,10.171,36.797,1000,1,1,,,0
LTE,605,3,4157,4055573,0,10.172,36.797,1000,1,1,,,0
UMTS,605,3,2157,526976,0,10.176,36.797,1000,1,1,,,0
UMTS,605,2,134,69490,0,10.178,36.797,3042,1,1,,,0
UMTS,605,2,134,68711,0,10.172,36.797,7307,1,1,,,0
GSM,605,2,417,53955,0,10.179,36.798,1000,1,1,,,0
LTE,605,3,4157,3895299,0,10.171,36.798,1000,1,1,,,0
LTE,605,3,4157,3859981,0,10.171,36.798,1000,1,1,,,0
UMTS,605,3,2157,584710,0,10.171,36.798,1000,1,1,,,0
UMTS,605,3,2157,584619,0,10.171,36.798,1000,1,1,,,0
UMTS,605,3,2157,526971,0,10.177,36.798,1000,1,1,,,0
UMTS,605,1,10001,65718,0,10.178,36.798,1000,1,1,,,0
UMTS,605,3,2157,566469,0,10.173,36.798,1000,1,1,,,0
UMTS,605,3,2157,557631,0,10.171,36.798,1000,1,1,,,0
UMTS,605,1,10001,68986,0,10.175,36.798,1000,1,1,,,0
GSM,605,3,1119,16701,0,10.169,36.798,1000,1,1,,,0
LTE,605,3,2,2578689,0,10.172,36.798,1000,1,1,,,0
LTE,605,3,4157,3895319,0,10.172,36.798,1000,1,1,,,0
GSM,605,1,10001,1271,0,10.169,36.798,1000,1,1,,,0
GSM,605,3,1119,16707,0,10.169,36.798,1000,1,1,,,0
GSM,605,2,417,55695,0,10.17,36.798,1000,1,1,,,0
UMTS,605,3,2157,584629,0,10.171,36.798,1000,1,1,,,0
UMTS,605,2,134,71619,0,10.172,36.798,1000,1,1,,,0
GSM,605,3,1125,60331,0,10.172,36.798,1000,1,1,,,0
UMTS,605,3,2100,16701,0,10.169,36.798,1000,1,1,,,0
UMTS,605,1,10001,72606,0,10.169,36.798,1000,1,1,,,0
GSM,605,2,418,55591,0,10.169,36.798,1000,1,1,,,0
GSM,605,2,417,56083,0,10.169,36.798,1000,1,1,,,0
UMTS,605,1,10001,66807,0,10.169,36.798,1000,1,1,,,0
UMTS,605,2,134,69251,0,10.169,36.798,1000,1,1,,,0
UMTS,605,2,134,69248,0,10.169,36.798,1000,1,1,,,0
UMTS,605,2,134,119253,0,10.169,36.798,1000,1,1,,,0
UMTS,605,2,134,69247,0,10.169,36.798,1000,1,1,,,0
UMTS,605,2,1020,855681,0,10.169,36.798,1000,1,1,,,0
UMTS,605,2,1020,855679,0,10.169,36.798,1000,1,1,,,0
UMTS,605,2,1020,855861,0,10.169,36.798,1000,1,1,,,0
UMTS,605,2,1020,855684,0,10.169,36.798,1000,1,1,,,0
UMTS,605,2,1020,855860,0,10.169,36.798,1000,1,1,,,0
GSM,605,2,418,53895,0,10.17,36.798,1000,1,1,,,0
GSM,605,3,1125,15767,0,10.17,36.798,1000,1,1,,,0
GSM,605,3,1125,16473,0,10.17,36.798,1000,1,1,,,0
GSM,605,3,1125,17849,0,10.17,36.798,1000,1,1,,,0
UMTS,605,1,10006,66305,0,10.17,36.798,1000,1,1,,,0
GSM,605,3,1125,17843,0,10.17,36.798,1000,1,1,,,0
GSM,605,1,10014,1145,0,10.17,36.798,1000,1,1,,,0
UMTS,605,1,10001,66809,0,10.17,36.798,1000,1,1,,,0
UMTS,605,3,2157,527079,0,10.17,36.798,1000,1,1,,,0
UMTS,605,3,2157,557101,0,10.17,36.798,1000,1,1,,,0
UMTS,605,1,10001,65770,0,10.17,36.798,1000,1,1,,,0
UMTS,605,3,2157,527106,0,10.17,36.798,1000,1,1,,,0
UMTS,605,2,1020,855680,0,10.17,36.798,1000,1,1,,,0
UMTS,605,3,2157,688451,0,10.17,36.798,1000,1,1,,,0
GSM,605,2,417,51463,0,10.171,36.798,1000,1,1,,,0
UMTS,605,1,10001,72596,0,10.171,36.798,1000,1,1,,,0
UMTS,605,2,134,71625,0,10.171,36.798,1000,1,1,,,0
GSM,605,1,10001,1273,0,10.171,36.798,1000,1,1,,,0
GSM,605,1,10001,1272,0,10.171,36.798,1000,1,1,,,0
UMTS,605,3,2157,275089,0,10.171,36.798,1000,1,1,,,0
UMTS,605,2,1020,855864,0,10.171,36.798,1000,1,1,,,0
UMTS,605,1,10001,70696,0,10.173,36.798,1000,1,1,,,0
UMTS,605,1,10001,72726,0,10.173,36.798,1000,1,1,,,0
UMTS,605,2,137,268228,0,10.174,36.798,1000,1,1,,,0
UMTS,605,3,2157,557106,0,10.174,36.798,1000,1,1,,,0
UMTS,605,1,10001,71100,0,10.175,36.798,1000,1,1,,,0
UMTS,605,2,134,65927,0,10.177,36.798,1000,1,1,,,0
UMTS,605,2,134,65930,0,10.177,36.798,1000,1,1,,,0
UMTS,605,3,27912,585155,0,10.178,36.798,1000,1,1,,,0
UMTS,605,2,137,265320,0,10.178,36.798,1000,1,1,,,0
UMTS,605,2,137,267835,0,10.178,36.798,1000,1,1,,,0
GSM,605,3,1125,60731,0,10.178,36.798,1000,1,1,,,0
UMTS,605,1,10001,68616,0,10.18,36.798,1000,1,1,,,0
UMTS,605,3,27912,526970,0,10.18,36.798,1000,1,1,,,0
UMTS,605,3,27912,556970,0,10.18,36.798,1000,1,1,,,0
UMTS,605,3,27912,556969,0,10.18,36.798,1000,1,1,,,0
UMTS,605,1,10001,70078,0,10.178,36.798,1000,1,1,,,0
LTE,605,3,4157,3895310,0,10.17,36.798,1000,1,1,,,0
LTE,605,3,4100,3877397,0,10.168,36.798,1000,1,1,,,0
LTE,605,3,4157,4013580,0,10.169,36.798,1000,1,1,,,0
UMTS,605,3,2157,566562,0,10.173,36.798,1000,1,1,,,0
LTE,605,3,4157,4046596,0,10.173,36.798,1000,1,1,,,0
GSM,605,1,10006,763,0,10.169,36.798,1000,1,1,,,0
UMTS,605,2,1020,855859,0,10.172,36.798,1000,1,1,,,0
LTE,605,3,4157,3895309,0,10.171,36.798,1000,1,1,,,0
LTE,605,3,4157,4013579,0,10.17,36.799,1000,1,1,,,0
UMTS,605,3,2157,688442,0,10.17,36.799,1000,1,1,,,0
UMTS,605,1,10001,67047,0,10.174,36.799,1000,1,1,,,0
UMTS,605,3,2157,565304,0,10.17,36.799,1000,1,1,,,0
UMTS,605,3,2157,535299,0,10.17,36.799,1000,1,1,,,0
UMTS,605,3,2157,565299,0,10.17,36.799,1000,1,1,,,0
UMTS,605,3,2157,565305,0,10.17,36.799,1000,1,1,,,0
UMTS,605,3,2157,565300,0,10.17,36.799,1000,1,1,,,0
UMTS,605,1,10001,70079,0,10.177,36.799,1000,1,1,,,0
GSM,605,3,1125,16479,0,10.169,36.799,1000,1,1,,,0
GSM,605,3,1119,15932,0,10.169,36.799,1000,1,1,,,0
UMTS,605,1,10006,66294,0,10.17,36.799,1000,1,1,,,0
GSM,605,3,1125,60351,0,10.171,36.799,1000,1,1,,,0
GSM,605,3,1125,60421,0,10.171,36.799,1000,1,1,,,0
UMTS,605,2,134,71617,0,10.175,36.799,1000,1,1,,,0
UMTS,605,3,2157,585155,0,10.178,36.799,1000,1,1,,,0
LTE,605,3,4157,4046606,0,10.174,36.799,1000,1,1,,,0
UMTS,605,1,10001,70686,0,10.174,36.799,1000,1,1,,,0
UMTS,605,1,10001,66864,0,10.17,36.799,1000,1,1,,,0
LTE,605,3,4157,4013569,0,10.172,36.799,1000,1,1,,,0
UMTS,605,1,10006,69016,0,10.169,36.799,1000,1,1,,,0
LTE,605,3,4157,4013570,0,10.169,36.799,1000,1,1,,,0
UMTS,605,1,10001,65722,0,10.175,36.799,1000,1,1,,,0
UMTS,605,1,10001,65719,0,10.176,36.799,1000,1,1,,,0
LTE,605,3,4157,3895308,0,10.175,36.799,1000,1,1,,,0
UMTS,605,3,2157,556940,0,10.179,36.799,1000,1,1,,,0
UMTS,605,1,10006,66299,0,10.168,36.799,1000,1,1,,,0
GSM,605,1,10001,1511,0,10.175,36.799,1000,1,1,,,0
UMTS,605,2,134,71232,0,10.176,36.799,1000,1,1,,,0
UMTS,605,2,134,66819,0,10.177,36.799,1000,1,1,,,0
LTE,605,3,4157,4046603,0,10.176,36.799,1000,1,1,,,0
UMTS,605,2,137,266038,0,10.169,36.799,1000,1,1,,,0
GSM,605,2,417,51461,0,10.171,36.799,1000,1,1,,,0
GSM,605,2,417,51465,0,10.173,36.799,1000,1,1,,,0
GSM,605,2,417,55693,0,10.175,36.799,1000,1,1,,,0
GSM,605,2,417,55696,0,10.175,36.799,1000,1,1,,,0
GSM,605,2,417,55692,0,10.175,36.799,1000,1,1,,,0
GSM,605,2,417,51283,0,10.175,36.799,1000,1,1,,,0
GSM,605,2,417,58251,0,10.175,36.799,1000,1,1,,,0
GSM,605,2,417,56081,0,10.175,36.799,1000,1,1,,,0
UMTS,605,3,2157,557630,0,10.175,36.799,1000,1,1,,,0
UMTS,605,3,2157,585019,0,10.175,36.799,1000,1,1,,,0
UMTS,605,2,137,267837,0,10.175,36.799,1000,1,1,,,0
GSM,605,2,417,56082,0,10.175,36.799,1000,1,1,,,0
GSM,605,1,10001,183,0,10.175,36.799,1000,1,1,,,0
GSM,605,1,10001,181,0,10.175,36.799,1000,1,1,,,0
GSM,605,1,10006,1842,0,10.175,36.799,1000,1,1,,,0
UMTS,605,3,2125,67848,0,10.177,36.799,1000,1,1,,,0
UMTS,605,2,137,268225,0,10.177,36.799,1000,1,1,,,0
UMTS,605,1,10001,65720,0,10.177,36.799,1000,1,1,,,0
UMTS,605,3,2157,557130,0,10.177,36.799,1000,1,1,,,0
UMTS,605,1,10001,65717,0,10.177,36.799,1000,1,1,,,0
UMTS,605,1,10001,69766,0,10.177,36.799,1000,1,1,,,0
UMTS,605,2,134,66822,0,10.178,36.799,1000,1,1,,,0
GSM,605,2,417,51282,0,10.18,36.799,1000,1,1,,,0
GSM,605,2,417,51284,0,10.18,36.799,1000,1,1,,,0
UMTS,605,3,2157,526974,0,10.18,36.799,1000,1,1,,,0
UMTS,605,3,2157,526969,0,10.18,36.799,1000,1,1,,,0
UMTS,605,3,27912,585029,0,10.18,36.799,1000,1,1,,,0
UMTS,605,2,137,263428,0,10.18,36.799,1000,1,1,,,0
LTE,605,2,134,11546115,0,10.18,36.799,1000,1,1,,,0
UMTS,605,1,10001,72367,0,10.18,36.799,1000,1,1,,,0
GSM,605,3,1125,60431,0,10.171,36.799,1000,1,1,,,0
UMTS,605,1,10001,65725,0,10.171,36.799,1000,1,1,,,0
UMTS,605,3,2157,584649,0,10.172,36.799,1000,1,1,,,0
UMTS,605,3,2157,527630,0,10.174,36.799,1000,1,1,,,0
UMTS,605,3,2157,527635,0,10.174,36.799,1000,1,1,,,0
GSM,605,3,1125,16478,0,10.176,36.799,1000,1,1,,,0
UMTS,605,2,134,71620,0,10.176,36.799,1000,1,1,,,0
GSM,605,1,10001,7361,0,10.177,36.799,1000,1,1,,,0
UMTS,605,2,134,66817,0,10.178,36.799,1000,1,1,,,0
GSM,605,3,1105,61567,0,10.178,36.799,1000,1,1,,,0
GSM,605,1,10001,184,0,10.178,36.799,1000,1,1,,,0
GSM,605,2,417,51026,0,10.179,36.799,1000,1,1,,,0
LTE,605,2,134,11546125,0,10.179,36.799,1000,1,1,,,0
UMTS,605,3,2157,556974,0,10.179,36.799,1000,1,1,,,0
UMTS,605,3,2105,67838,0,10.18,36.799,1000,1,1,,,0
UMTS,605,2,134,66559,0,10.18,36.799,1000,1,1,,,0
UMTS,605,3,2105,68188,0,10.18,36.799,1000,1,1,,,0
UMTS,605,1,10001,70126,0,10.169,36.799,1000,1,1,,,0
LTE,605,3,4157,3840523,0,10.178,36.799,1000,1,1,,,0
UMTS,605,2,134,71229,0,10.176,36.799,1000,1,1,,,0
UMTS,605,2,134,68712,0,10.179,36.799,1000,1,1,,,0
LTE,605,3,4157,3895298,0,10.174,36.799,1000,1,1,,,0
UMTS,605,2,134,68709,0,10.178,36.8,1000,1,1,,,0
UMTS,605,1,10001,69606,0,10.179,36.8,1000,1,1,,,0
UMTS,605,2,134,66820,0,10.178,36.8,1000,1,1,,,0
UMTS,605,1,10001,72587,0,10.18,36.8,1000,1,1,,,0
UMTS,605,3,2105,68217,0,10.179,36.8,1000,1,1,,,0
UMTS,605,3,2157,527631,0,10.17,36.8,1000,1,1,,,0
UMTS,605,3,2157,526605,0,10.176,36.8,1000,1,1,,,0
UMTS,605,3,2157,556969,0,10.18,36.8,1000,1,1,,,0
LTE,605,1,10001,60430,0,10.179,36.8,1000,1,1,,,0
UMTS,605,1,10001,67050,0,10.175,36.8,1000,1,1,,,0
GSM,605,3,1105,15012,0,10.174,36.8,1000,1,1,,,0
UMTS,605,1,10001,65723,0,10.178,36.801,1000,1,1,,,0
UMTS,605,3,2105,67847,0,10.179,36.801,1000,1,1,,,0
UMTS,605,1,10006,67378,0,10.174,36.801,1000,1,1,,,0
UMTS,605,1,10006,65722,0,10.177,36.801,1000,1,1,,,0
UMTS,605,2,134,121623,0,10.177,36.801,1000,1,1,,,0
UMTS,605,2,137,267840,0,10.177,36.801,1000,1,1,,,0
LTE,605,3,4157,3840524,0,10.177,36.801,1000,1,1,,,0
UMTS,605,3,2157,526604,0,10.178,36.801,1000,1,1,,,0
LTE,605,1,10006,47106,0,10.178,36.801,1000,1,1,,,0
LTE,605,2,134,11601155,0,10.178,36.801,1000,1,1,,,0
UMTS,605,3,2105,69129,0,10.18,36.801,1000,1,1,,,0
UMTS,605,2,134,116563,0,10.18,36.801,1000,1,1,,,0
GSM,605,3,1105,16661,0,10.18,36.801,1000,1,1,,,0
UMTS,605,1,10001,69686,0,10.171,36.801,1000,1,1,,,0
GSM,605,3,1119,10168,0,10.171,36.801,1000,1,1,,,0
GSM,605,3,1105,15448,0,10.173,36.801,1000,1,1,,,0
UMTS,605,3,2157,556600,0,10.175,36.801,1000,1,1,,,0
UMTS,605,3,2157,526600,0,10.17,36.801,1000,1,1,,,0
LTE,605,3,4157,3853325,0,10.171,36.801,1000,1,1,,,0
UMTS,605,3,2157,658442,0,10.17,36.801,1000,1,1,,,0
UMTS,605,3,2157,688447,0,10.17,36.801,1000,1,1,,,0
UMTS,605,3,2157,527636,0,10.169,36.801,1000,1,1,,,0
UMTS,605,2,134,67002,0,10.172,36.801,1000,1,1,,,0
UMTS,605,3,2157,556605,0,10.171,36.801,1000,1,1,,,0
UMTS,605,3,2105,67848,0,10.176,36.801,1000,1,1,,,0
LTE,605,3,4100,3877132,0,10.172,36.801,1000,1,1,,,0
LTE,605,3,4195,3840524,0,10.176,36.801,1000,1,1,,,0
GSM,605,3,1105,15017,0,10.173,36.801,1000,1,1,,,0
UMTS,605,3,2105,67849,0,10.178,36.801,1000,1,1,,,0
UMTS,605,2,134,66821,0,10.178,36.801,1000,1,1,,,0
UMTS,605,2,134,66818,0,10.178,36.801,1000,1,1,,,0
GSM,605,3,1125,16472,0,10.177,36.801,1000,1,1,,,0
UMTS,605,1,10006,69436,0,10.169,36.802,1000,1,1,,,0
UMTS,605,3,2157,527629,0,10.169,36.802,1000,1,1,,,0
UMTS,605,2,134,71158,0,10.178,36.802,1000,1,1,,,0
LTE,605,1,10001,60427,0,10.18,36.802,1000,1,1,,,0
GSM,605,1,10006,1843,0,10.173,36.802,1000,1,1,,,0
UMTS,605,3,2105,68169,0,10.175,36.802,1000,1,1,,,0
GSM,605,2,417,51286,0,10.176,36.802,1000,1,1,,,0
UMTS,605,2,134,69430,0,10.171,36.802,1000,1,1,,,0
UMTS,605,2,134,66620,0,10.171,36.802,1000,1,1,,,0
UMTS,605,1,10006,68626,0,10.171,36.802,1000,1,1,,,0
UMTS,605,1,10006,67381,0,10.171,36.802,1000,1,1,,,0
UMTS,605,3,2100,527629,0,10.171,36.802,1000,1,1,,,0
UMTS,605,1,10006,66300,0,10.173,36.802,1000,1,1,,,0
GSM,605,1,10006,762,0,10.173,36.802,1000,1,1,,,0
GSM,605,3,1125,16471,0,10.173,36.802,1000,1,1,,,0
GSM,605,2,417,51464,0,10.173,36.802,1000,1,1,,,0
UMTS,605,3,2157,557629,0,10.173,36.802,1000,1,1,,,0
UMTS,605,2,134,67003,0,10.173,36.802,1000,1,1,,,0
UMTS,605,1,10006,66301,0,10.173,36.802,1000,1,1,,,0
UMTS,605,3,2157,557115,0,10.173,36.802,1000,1,1,,,0
UMTS,605,3,2157,557116,0,10.173,36.802,1000,1,1,,,0
UMTS,605,1,10006,67379,0,10.175,36.802,1000,1,1,,,0
UMTS,605,2,134,121164,0,10.175,36.802,1000,1,1,,,0
UMTS,605,2,136,71162,0,10.175,36.802,1000,1,1,,,0
GSM,605,3,1105,15019,0,10.175,36.802,1000,1,1,,,0
LTE,605,1,10006,47108,0,10.177,36.802,1000,1,1,,,0
UMTS,605,3,2115,67847,0,10.178,36.802,1000,1,1,,,0
UMTS,605,1,10006,72590,0,10.178,36.802,1000,1,1,,,0
UMTS,605,1,10006,67380,0,10.178,36.802,1000,1,1,,,0
UMTS,605,3,2157,526601,0,10.178,36.802,1000,1,1,,,0
GSM,605,1,10001,7051,0,10.18,36.802,1000,1,1,,,0
GSM,605,2,417,51021,0,10.18,36.802,1000,1,1,,,0
LTE,605,2,134,11532034,0,10.18,36.802,1000,1,1,,,0
GSM,605,3,1105,16943,0,10.172,36.802,1039,1,1,,,0
UMTS,605,2,134,66011,0,10.179,36.802,1000,1,1,,,0
UMTS,605,3,2100,688447,0,10.168,36.802,1000,1,1,,,0
UMTS,605,3,2157,527634,0,10.17,36.802,1026,1,1,,,0
UMTS,605,2,134,67000,0,10.17,36.802,1000,1,1,,,0
UMTS,605,1,10006,66293,0,10.177,36.802,1000,1,1,,,0
UMTS,605,2,134,66008,0,10.179,36.803,1000,1,1,,,0
UMTS,605,3,2157,556926,0,10.169,36.803,1000,1,1,,,0
UMTS,605,1,10006,66395,0,10.173,36.803,1000,1,1,,,0
GSM,605,3,1105,16249,0,10.175,36.803,1000,1,1,,,0
GSM,605,3,1105,15011,0,10.176,36.803,1000,1,1,,,0
GSM,605,2,417,50472,0,10.178,36.803,1000,1,1,,,0
UMTS,605,2,134,71161,0,10.179,36.803,1000,1,1,,,0
UMTS,605,3,2115,69128,0,10.18,36.803,1000,1,1,,,0
UMTS,605,1,10006,70112,0,10.169,36.803,1000,1,1,,,0
UMTS,605,3,2105,68358,0,10.173,36.803,1000,1,1,,,0
UMTS,605,3,2105,98358,0,10.174,36.803,1000,1,1,,,0
UMTS,605,1,10006,70257,0,10.178,36.803,1000,1,1,,,0
LTE,605,1,10006,47110,0,10.174,36.803,1000,1,1,,,0
UMTS,605,3,2105,68359,0,10.172,36.803,1000,1,1,,,0
GSM,605,2,417,55626,0,10.173,36.804,1000,1,1,,,0
UMTS,605,1,10006,66288,0,10.173,36.804,1000,1,1,,,0
UMTS,605,3,2157,527111,0,10.173,36.804,1000,1,1,,,0
UMTS,605,2,136,198373,0,10.173,36.804,1000,1,1,,,0
UMTS,605,3,2157,527115,0,10.173,36.804,1000,1,1,,,0
UMTS,605,1,10006,66291,0,10.174,36.804,1000,1,1,,,0
UMTS,605,3,2157,527110,0,10.174,36.804,1000,1,1,,,0
UMTS,605,1,10006,66276,0,10.177,36.804,1000,1,1,,,0
LTE,605,1,10006,47105,0,10.177,36.804,1000,1,1,,,0
GSM,605,3,1105,16247,0,10.178,36.804,1000,1,1,,,0
GSM,605,3,1105,16248,0,10.178,36.804,1000,1,1,,,0
GSM,605,3,1105,16243,0,10.178,36.804,1000,1,1,,,0
GSM,605,3,1105,16242,0,10.178,36.804,1000,1,1,,,0
UMTS,605,3,2157,526920,0,10.178,36.804,1000,1,1,,,0
UMTS,605,3,2157,526925,0,10.178,36.804,1000,1,1,,,0
UMTS,605,2,137,265317,0,10.178,36.804,1000,1,1,,,0
UMTS,605,2,134,71164,0,10.178,36.804,1000,1,1,,,0
UMTS,605,3,2157,585875,0,10.178,36.804,1000,1,1,,,0
GSM,605,1,10001,7364,0,10.178,36.804,1000,1,1,,,0
UMTS,605,3,2105,68189,0,10.18,36.804,1000,1,1,,,0
UMTS,605,1,10006,68616,0,10.18,36.804,1000,1,1,,,0
UMTS,605,1,10006,67376,0,10.18,36.804,1000,1,1,,,0
LTE,605,1,10006,21763,0,10.18,36.804,1000,1,1,,,0
UMTS,605,3,2100,557101,0,10.18,36.804,1000,1,1,,,0
GSM,605,3,1105,16418,0,10.174,36.804,1000,1,1,,,0
GSM,605,2,417,55624,0,10.177,36.804,1000,1,1,,,0
GSM,605,2,417,51281,0,10.178,36.804,1000,1,1,,,0
GSM,605,2,417,55625,0,10.179,36.804,1000,1,1,,,0
GSM,605,2,417,50471,0,10.179,36.804,1000,1,1,,,0
GSM,605,2,417,55622,0,10.18,36.804,1000,1,1,,,0
LTE,605,3,4157,3860237,0,10.172,36.804,1000,1,1,,,0
LTE,605,1,10006,19460,0,10.175,36.804,1000,1,1,,,0
UMTS,605,2,134,66012,0,10.179,36.804,1000,1,1,,,0
UMTS,605,1,10006,66287,0,10.179,36.804,1000,1,1,,,0
UMTS,605,3,2115,69129,0,10.18,36.804,1000,1,1,,,0
UMTS,605,2,134,66009,0,10.179,36.804,1000,1,1,,,0
UMTS,605,3,2100,689407,0,10.169,36.804,1000,1,1,,,0
LTE,605,1,10001,33795,0,10.168,36.804,1571,1,1,,,0
UMTS,605,3,2157,556925,0,10.178,36.804,1000,1,1,,,0
UMTS,605,1,10006,66286,0,10.174,36.804,1000,1,1,,,0
UMTS,605,2,134,66015,0,10.178,36.804,1000,1,1,,,0
UMTS,605,3,2157,557110,0,10.176,36.804,1000,1,1,,,0
UMTS,605,2,134,66007,0,10.18,36.804,1000,1,1,,,0
UMTS,605,3,2157,557711,0,10.169,36.805,4137,1,1,,,0
LTE,605,3,4157,3860236,0,10.174,36.805,1000,1,1,,,0
UMTS,605,2,134,67298,0,10.169,36.805,1000,1,1,,,0
UMTS,605,2,134,67301,0,10.169,36.805,1000,1,1,,,0
UMTS,605,2,134,66010,0,10.18,36.805,1000,1,1,,,0
UMTS,605,2,134,67299,0,10.169,36.805,1000,1,1,,,0
LTE,605,2,1020,11523851,0,10.169,36.805,1000,1,1,,,0
UMTS,605,2,134,67297,0,10.17,36.805,1000,1,1,,,0
UMTS,605,2,136,198370,0,10.17,36.805,1000,1,1,,,0
UMTS,605,2,136,248376,0,10.17,36.805,1000,1,1,,,0
UMTS,605,2,1020,903736,0,10.17,36.805,1000,1,1,,,0
UMTS,605,3,2100,659407,0,10.17,36.805,1000,1,1,,,0
GSM,605,2,418,51762,0,10.17,36.805,1000,1,1,,,0
UMTS,605,2,134,67300,0,10.171,36.805,1000,1,1,,,0
UMTS,605,2,1020,853733,0,10.171,36.805,1000,1,1,,,0
GSM,605,3,1119,10162,0,10.171,36.805,1000,1,1,,,0
UMTS,605,2,134,117804,0,10.173,36.805,1000,1,1,,,0
UMTS,605,2,134,71162,0,10.173,36.805,1000,1,1,,,0
LTE,605,1,10006,51458,0,10.174,36.805,1000,1,1,,,0
UMTS,605,1,10006,66296,0,10.175,36.805,1000,1,1,,,0
LTE,605,1,10006,47107,0,10.175,36.805,1000,1,1,,,0
UMTS,605,3,2157,526919,0,10.177,36.805,1000,1,1,,,0
UMTS,605,3,2157,556920,0,10.177,36.805,1000,1,1,,,0
UMTS,605,3,2157,556921,0,10.177,36.805,1000,1,1,,,0
GSM,605,3,1105,15357,0,10.177,36.805,1000,1,1,,,0
GSM,605,2,417,55621,0,10.177,36.805,1000,1,1,,,0
UMTS,605,3,2157,556924,0,10.178,36.805,1000,1,1,,,0
UMTS,605,1,10001,72897,0,10.178,36.805,1000,1,1,,,0
GSM,605,3,1105,60821,0,10.18,36.805,1000,1,1,,,0
UMTS,605,3,2157,526924,0,10.177,36.805,1000,1,1,,,0
UMTS,605,3,2123,200650,0,10.17,36.805,1000,1,1,,,0
UMTS,605,3,2100,659402,0,10.169,36.805,1000,1,1,,,0
UMTS,605,2,134,67302,0,10.168,36.805,1000,1,1,,,0
LTE,605,3,4100,3941388,0,10.17,36.805,1000,1,1,,,0
UMTS,605,3,2157,556615,0,10.169,36.805,1000,1,1,,,0
UMTS,605,1,10006,67377,0,10.177,36.805,1000,1,1,,,0
UMTS,605,2,134,71160,0,10.177,36.805,1000,1,1,,,0
UMTS,605,1,10006,65820,0,10.171,36.806,1000,1,1,,,0
GSM,605,3,1105,16411,0,10.173,36.806,1000,1,1,,,0
LTE,605,1,10006,51461,0,10.174,36.806,1000,1,1,,,0
UMTS,605,1,10006,66289,0,10.175,36.806,1000,1,1,,,0
GSM,605,3,1105,17949,0,10.176,36.806,1000,1,1,,,0
LTE,605,3,4157,3860235,0,10.173,36.806,1000,1,1,,,0
UMTS,605,2,134,67799,0,10.172,36.806,1000,1,1,,,0
UMTS,605,1,10006,67551,0,10.174,36.806,1000,1,1,,,0
GSM,605,2,417,50476,0,10.179,36.806,1000,1,1,,,0
UMTS,605,3,2157,527881,0,10.178,36.806,1000,1,1,,,0
UMTS,605,2,134,67801,0,10.173,36.806,1000,1,1,,,0
LTE,605,3,4157,3853323,0,10.177,36.806,1000,1,1,,,0
UMTS,605,1,10006,66389,0,10.18,36.806,1000,1,1,,,0
UMTS,605,2,134,67802,0,10.172,36.806,1000,1,1,,,0
UMTS,605,2,134,67798,0,10.174,36.806,1000,1,1,,,0
UMTS,605,2,134,71157,0,10.177,36.806,1000,1,1,,,0
LTE,605,1,10006,21766,0,10.177,36.806,1000,1,1,,,0
UMTS,605,3,2157,557886,0,10.177,36.806,1000,1,1,,,0
UMTS,605,3,2157,527886,0,10.179,36.806,1000,1,1,,,0
GSM,605,2,418,52264,0,10.17,36.806,1000,1,1,,,0
UMTS,605,1,10006,67548,0,10.172,36.806,1000,1,1,,,0
GSM,605,3,1105,15358,0,10.173,36.806,1000,1,1,,,0
UMTS,605,3,2157,526609,0,10.175,36.806,1000,1,1,,,0
GSM,605,3,1119,15427,0,10.177,36.806,1000,1,1,,,0
GSM,605,3,1105,16417,0,10.177,36.806,1000,1,1,,,0
GSM,605,3,1105,16241,0,10.178,36.806,1000,1,1,,,0
UMTS,605,3,2157,556609,0,10.179,36.806,1000,1,1,,,0
GSM,605,1,10006,856,0,10.18,36.806,1000,1,1,,,0
UMTS,605,3,2100,689402,0,10.169,36.806,1000,1,1,,,0
LTE,605,3,4100,3941387,0,10.169,36.806,1000,1,1,,,0
UMTS,605,2,134,67791,0,10.171,36.806,1000,1,1,,,0
UMTS,605,2,134,117805,0,10.171,36.806,1000,1,1,,,0
UMTS,605,2,1020,854234,0,10.171,36.806,1000,1,1,,,0
UMTS,605,3,2157,557109,0,10.173,36.806,1000,1,1,,,0
UMTS,605,2,1020,854232,0,10.173,36.806,1000,1,1,,,0
UMTS,605,3,2157,557114,0,10.173,36.806,1000,1,1,,,0
UMTS,605,1,10006,66292,0,10.174,36.806,1000,1,1,,,0
UMTS,605,3,2157,527109,0,10.174,36.806,1000,1,1,,,0
UMTS,605,2,134,67800,0,10.174,36.806,1000,1,1,,,0
UMTS,605,2,137,267401,0,10.174,36.806,1000,1,1,,,0
LTE,605,3,4157,3840779,0,10.174,36.806,1000,1,1,,,0
UMTS,605,3,2157,526614,0,10.175,36.806,1000,1,1,,,0
UMTS,605,1,10006,66396,0,10.177,36.806,1000,1,1,,,0
UMTS,605,3,2157,556919,0,10.177,36.806,1000,1,1,,,0
UMTS,605,1,10006,66392,0,10.178,36.806,1000,1,1,,,0
UMTS,605,1,10006,66295,0,10.178,36.806,1000,1,1,,,0
GSM,605,1,10006,759,0,10.178,36.806,1000,1,1,,,0
GSM,605,3,1105,60841,0,10.18,36.806,1000,1,1,,,0
GSM,605,3,1105,16412,0,10.18,36.806,1000,1,1,,,0
UMTS,605,2,134,66272,0,10.179,36.806,1436,1,1,,,0
LTE,605,3,4157,3841293,0,10.176,36.807,1000,1,1,,,0
UMTS,605,2,134,71198,0,10.18,36.807,1000,1,1,,,0
GSM,605,1,10006,1891,0,10.172,36.807,1000,1,1,,,0
UMTS,605,3,2115,99127,0,10.18,36.807,1000,1,1,,,0
GSM,605,1,10006,284,0,10.174,36.807,1000,1,1,,,0
UMTS,605,3,2157,557883,0,10.18,36.807,1000,1,1,,,0
GSM,605,1,10006,272,0,10.179,36.807,1000,1,1,,,0
GSM,605,3,1119,15422,0,10.171,36.808,1000,1,1,,,0
GSM,605,3,1105,15352,0,10.174,36.808,1000,1,1,,,0
GSM,605,1,10006,853,0,10.178,36.808,1000,1,1,,,0
UMTS,605,2,1020,854229,0,10.173,36.808,1000,1,1,,,0
UMTS,605,3,2157,556610,0,10.174,36.808,1000,1,1,,,0
GSM,605,2,417,53176,0,10.174,36.808,1000,1,1,,,0
UMTS,605,2,134,67797,0,10.174,36.808,1000,1,1,,,0
UMTS,605,3,2157,526615,0,10.174,36.808,1000,1,1,,,0
GSM,605,1,10006,2015,0,10.174,36.808,1000,1,1,,,0
UMTS,605,2,1020,854233,0,10.174,36.808,1000,1,1,,,0
GSM,605,3,1105,60761,0,10.175,36.808,1000,1,1,,,0
UMTS,605,2,134,71205,0,10.177,36.808,1000,1,1,,,0
LTE,605,1,10006,6914,0,10.177,36.808,1000,1,1,,,0
UMTS,605,3,2157,556923,0,10.177,36.808,1000,1,1,,,0
UMTS,605,1,10006,69136,0,10.178,36.808,1000,1,1,,,0
UMTS,605,2,134,116275,0,10.178,36.808,1000,1,1,,,0
LTE,605,1,10006,43782,0,10.178,36.808,1000,1,1,,,0
GSM,605,1,10006,753,0,10.18,36.808,1000,1,1,,,0
GSM,605,3,1105,15029,0,10.18,36.808,1000,1,1,,,0
LTE,605,1,10001,33798,0,10.17,36.808,1116,1,1,,,0
UMTS,605,3,2115,97857,0,10.177,36.808,1000,1,1,,,0
UMTS,605,1,10001,67240,0,10.182,36.796,1000,1,1,,,0
UMTS,605,3,2157,527010,0,10.183,36.796,1000,1,1,,,0
LTE,605,3,4157,3910925,0,10.19,36.796,1000,1,1,,,0
LTE,605,1,10001,60422,0,10.181,36.796,1000,1,1,,,0
GSM,605,1,10001,2366,0,10.183,36.796,1000,1,1,,,0
LTE,605,2,134,11520002,0,10.19,36.796,1000,1,1,,,0
UMTS,605,3,2157,527791,0,10.19,36.796,1000,1,1,,,0
GSM,605,2,417,52391,0,10.187,36.796,1000,1,1,,,0
UMTS,605,3,2125,98258,0,10.189,36.796,1000,1,1,,,0
UMTS,605,1,10001,72356,0,10.182,36.796,1000,1,1,,,0
UMTS,605,2,137,263621,0,10.18,36.796,1000,1,1,,,0
UMTS,605,3,2125,98199,0,10.188,36.796,1000,1,1,,,0
GSM,605,2,134,50008,0,10.19,36.797,1000,1,1,,,0
GSM,605,1,10001,193,0,10.184,36.797,1000,1,1,,,0
GSM,605,2,417,50244,0,10.185,36.797,1000,1,1,,,0
UMTS,605,1,10001,67899,0,10.181,36.797,1000,1,1,,,0
UMTS,605,1,10001,67902,0,10.181,36.797,1000,1,1,,,0
UMTS,605,3,27912,527016,0,10.181,36.797,1000,1,1,,,0
UMTS,605,2,137,266098,0,10.181,36.797,1000,1,1,,,0
LTE,605,2,134,11621121,0,10.181,36.797,1000,1,1,,,0
UMTS,605,1,10001,67898,0,10.182,36.797,1000,1,1,,,0
UMTS,605,2,134,69487,0,10.182,36.797,1000,1,1,,,0
UMTS,605,2,134,115784,0,10.182,36.797,1000,1,1,,,0
UMTS,605,2,134,118734,0,10.182,36.797,1000,1,1,,,0
UMTS,605,2,134,65778,0,10.184,36.797,1000,1,1,,,0
UMTS,605,1,10001,65729,0,10.185,36.797,1000,1,1,,,0
GSM,605,3,1125,61001,0,10.185,36.797,1000,1,1,,,0
UMTS,605,1,10001,66947,0,10.186,36.797,1000,1,1,,,0
GSM,605,3,115,15599,0,10.188,36.797,1000,1,1,,,0
UMTS,605,2,134,115783,0,10.188,36.797,1000,1,1,,,0
UMTS,605,2,137,262149,0,10.188,36.797,1000,1,1,,,0
LTE,605,3,4157,3854083,0,10.188,36.797,1000,1,1,,,0
GSM,605,2,401,50002,0,10.189,36.797,1000,1,1,,,0
UMTS,605,1,10001,67061,0,10.189,36.797,1000,1,1,,,0
UMTS,605,1,10001,65734,0,10.189,36.797,1000,1,1,,,0
UMTS,605,2,134,74127,0,10.189,36.797,1000,1,1,,,0
GSM,605,2,134,254,0,10.19,36.797,1000,1,1,,,0
UMTS,605,3,2125,68258,0,10.189,36.797,1000,1,1,,,0
GSM,605,1,10001,1156,0,10.18,36.797,1000,1,1,,,0
GSM,605,2,417,50241,0,10.183,36.797,1000,1,1,,,0
LTE,605,3,4157,3856140,0,10.183,36.797,1000,1,1,,,0
GSM,605,2,134,5,0,10.189,36.797,1000,1,1,,,0
LTE,605,3,4157,3854093,0,10.191,36.797,1000,1,1,,,0
UMTS,605,1,2157,526954,0,10.187,36.797,1000,1,1,,,0
GSM,605,2,417,50243,0,10.183,36.797,1000,1,1,,,0
UMTS,605,1,10001,65735,0,10.186,36.797,1000,1,1,,,0
UMTS,605,1,10006,65731,0,10.189,36.797,1000,1,1,,,0
UMTS,605,1,10006,68401,0,10.189,36.797,1000,1,1,,,0
UMTS,605,1,10001,72347,0,10.18,36.797,1000,1,1,,,0
UMTS,605,3,2157,557791,0,10.189,36.797,1000,1,1,,,0
UMTS,605,2,134,65779,0,10.182,36.798,1000,1,1,,,0
LTE,605,2,134,11526157,0,10.181,36.798,1000,1,1,,,0
UMTS,605,3,2125,97837,0,10.188,36.798,1000,1,1,,,0
UMTS,605,1,10001,66186,0,10.187,36.798,1000,1,1,,,0
UMTS,605,2,134,65782,0,10.182,36.798,1000,1,1,,,0
UMTS,605,2,134,65538,0,10.189,36.798,1000,1,1,,,0
GSM,605,1,10001,1415,0,10.183,36.798,1000,1,1,,,0
LTE,605,3,4157,3856141,0,10.18,36.798,1000,1,1,,,0
UMTS,605,3,2137,68258,0,10.185,36.798,1000,1,1,,,0
LTE,605,3,4157,3910915,0,10.191,36.798,1000,1,1,,,0
GSM,605,2,417,50005,0,10.189,36.798,1000,1,1,,,0
LTE,605,2,137,11557633,0,10.184,36.798,1000,1,1,,,0
UMTS,605,2,134,65780,0,10.185,36.798,1000,1,1,,,0
UMTS,605,1,10001,65730,0,10.19,36.798,1000,1,1,,,0
UMTS,605,2,134,65541,0,10.19,36.798,1000,1,1,,,0
UMTS,605,2,134,68728,0,10.19,36.798,1000,1,1,,,0
GSM,605,2,417,51481,0,10.19,36.798,1000,1,1,,,0
UMTS,605,3,27912,526974,0,10.181,36.798,1000,1,1,,,0
UMTS,605,2,137,313172,0,10.181,36.798,1000,1,1,,,0
GSM,605,2,417,53175,0,10.182,36.798,1000,1,1,,,0
UMTS,605,3,27912,526945,0,10.182,36.798,1000,1,1,,,0
UMTS,605,3,27912,527014,0,10.182,36.798,1000,1,1,,,0
UMTS,605,3,27912,556940,0,10.182,36.798,1000,1,1,,,0
UMTS,605,2,137,262388,0,10.182,36.798,1000,1,1,,,0
LTE,605,1,10001,60421,0,10.182,36.798,1000,1,1,,,0
UMTS,605,1,10001,69206,0,10.182,36.798,1000,1,1,,,0
UMTS,605,2,134,65777,0,10.184,36.798,1000,1,1,,,0
UMTS,605,2,137,262385,0,10.184,36.798,1000,1,1,,,0
LTE,605,3,4157,3854593,0,10.184,36.798,1000,1,1,,,0
UMTS,605,2,137,312392,0,10.185,36.798,1000,1,1,,,0
LTE,605,3,4157,3856130,0,10.185,36.798,1000,1,1,,,0
UMTS,605,2,134,65783,0,10.185,36.798,1000,1,1,,,0
LTE,605,3,4157,3935491,0,10.189,36.798,1000,1,1,,,0
UMTS,605,2,137,262146,0,10.189,36.798,1000,1,1,,,0
UMTS,605,2,1000,65538,0,10.189,36.798,1000,1,1,,,0
UMTS,605,1,10005,70316,0,10.189,36.798,1000,1,1,,,0
LTE,605,1,10001,4868,0,10.189,36.798,1000,1,1,,,0
UMTS,605,3,2157,585855,0,10.183,36.798,1000,1,1,,,0
UMTS,605,1,10001,70088,0,10.18,36.798,1000,1,1,,,0
GSM,605,3,1105,16651,0,10.183,36.798,1000,1,1,,,0
UMTS,605,3,2157,527014,0,10.184,36.798,1000,1,1,,,0
UMTS,605,1,4157,3856139,0,10.182,36.799,1000,1,1,,,0
GSM,605,1,10001,1412,0,10.183,36.799,1000,1,1,,,0
GSM,605,2,417,53725,0,10.187,36.799,1000,1,1,,,0
UMTS,605,3,2157,556945,0,10.18,36.799,1000,1,1,,,0
UMTS,605,1,10001,65721,0,10.181,36.799,1000,1,1,,,0
LTE,605,3,4157,3840267,0,10.189,36.799,1000,1,1,,,0
UMTS,605,3,2125,50594049,0,10.188,36.799,1400,1,1,,,0
UMTS,605,1,4157,3853835,0,10.182,36.799,1000,1,1,,,0
GSM,605,3,1105,15002,0,10.185,36.799,1000,1,1,,,0
UMTS,605,2,134,115544,0,10.191,36.799,1000,1,1,,,0
UMTS,605,3,2157,526940,0,10.181,36.799,1000,1,1,,,0
UMTS,605,3,2157,557789,0,10.191,36.799,1000,1,1,,,0
GSM,605,2,417,50002,0,10.189,36.799,1000,1,1,,,0
LTE,605,1,10001,36100,0,10.186,36.799,1000,1,1,,,0
GSM,605,1,10001,2364,0,10.181,36.799,1000,1,1,,,0
UMTS,605,1,10001,69196,0,10.181,36.799,1000,1,1,,,0
UMTS,605,3,2125,67837,0,10.189,36.799,1000,1,1,,,0
LTE,605,3,4164,3091971,0,10.19,36.799,1000,1,1,,,0
LTE,605,3,4157,3910935,0,10.189,36.799,1000,1,1,,,0
LTE,605,3,4157,3854603,0,10.18,36.799,1000,1,1,,,0
UMTS,605,3,2105,68257,0,10.181,36.799,1000,1,1,,,0
UMTS,605,3,2125,68257,0,10.181,36.799,1000,1,1,,,0
UMTS,605,3,2105,68187,0,10.181,36.799,1000,1,1,,,0
GSM,605,2,417,53174,0,10.181,36.799,1000,1,1,,,0
GSM,605,2,417,51023,0,10.181,36.799,1000,1,1,,,0
GSM,605,2,417,51022,0,10.181,36.799,1000,1,1,,,0
UMTS,605,1,10001,72903,0,10.181,36.799,1000,1,1,,,0
UMTS,605,3,2157,526945,0,10.181,36.799,1000,1,1,,,0
UMTS,605,2,137,263167,0,10.181,36.799,1000,1,1,,,0
UMTS,605,1,10001,67887,0,10.181,36.799,1000,1,1,,,0
GSM,605,2,417,56883,0,10.181,36.799,1000,1,1,,,0
UMTS,605,3,2157,584839,0,10.181,36.799,1000,1,1,,,0
GSM,605,2,417,58141,0,10.182,36.799,1000,1,1,,,0
UMTS,605,1,10001,66948,0,10.182,36.799,1000,1,1,,,0
UMTS,605,3,2157,557009,0,10.182,36.799,1000,1,1,,,0
UMTS,605,2,137,312391,0,10.182,36.799,1000,1,1,,,0
GSM,605,2,417,56882,0,10.182,36.799,1000,1,1,,,0
LTE,605,2,134,11546124,0,10.182,36.799,1000,1,1,,,0
GSM,605,3,1105,60411,0,10.182,36.799,1000,1,1,,,0
LTE,605,3,4157,3853826,0,10.182,36.799,1000,1,1,,,0
UMTS,605,3,2157,526590,0,10.185,36.799,1000,1,1,,,0
UMTS,605,1,10001,7275194,0,10.185,36.799,1000,1,1,,,0
UMTS,605,2,134,267759,0,10.186,36.799,1000,1,1,,,0
UMTS,605,3,2157,526594,0,10.188,36.799,1000,1,1,,,0
GSM,605,2,134,50007,0,10.189,36.799,1000,1,1,,,0
GSM,605,2,137,3829,0,10.192,36.799,1000,1,1,,,0
UMTS,605,2,134,68731,0,10.192,36.799,1000,1,1,,,0
UMTS,605,3,2127,557189,0,10.192,36.799,1000,1,1,,,0
UMTS,605,3,2125,68188,0,10.18,36.799,1000,1,1,,,0
UMTS,605,3,2157,585029,0,10.18,36.799,1000,1,1,,,0
UMTS,605,2,134,66565,0,10.181,36.799,1000,1,1,,,0
GSM,605,3,1105,16657,0,10.181,36.799,1000,1,1,,,0
LTE,605,1,10001,60420,0,10.181,36.799,1000,1,1,,,0
GSM,605,2,417,56202,0,10.182,36.799,1000,1,1,,,0
LTE,605,3,4157,3856129,0,10.182,36.799,1000,1,1,,,0
UMTS,605,1,10001,70818,0,10.184,36.799,1000,1,1,,,0
UMTS,605,3,2137,67838,0,10.186,36.799,1000,1,1,,,0
UMTS,605,3,2101,67837,0,10.189,36.799,1000,1,1,,,0
GSM,605,3,1105,17317,0,10.19,36.799,1000,1,1,,,0
UMTS,605,1,10001,104366,0,10.181,36.799,1000,1,1,,,0
LTE,605,3,4157,3856139,0,10.181,36.799,1000,1,1,,,0
UMTS,605,1,4157,3853836,0,10.182,36.8,1000,1,1,,,0
LTE,605,3,4157,3853836,0,10.18,36.8,1000,1,1,,,0
UMTS,605,1,4157,3840268,0,10.181,36.8,1000,1,1,,,0
LTE,605,3,4157,3840258,0,10.183,36.8,1000,1,1,,,0
UMTS,605,3,2157,556595,0,10.185,36.8,1000,1,1,,,0
UMTS,605,2,134,116564,0,10.181,36.8,1000,1,1,,,0
UMTS,605,3,2157,527009,0,10.183,36.8,1000,1,1,,,0
UMTS,605,2,134,66562,0,10.18,36.8,500,1,1,,,0
UMTS,605,1,10001,67456,0,10.186,36.8,1000,1,1,,,0
GSM,605,2,417,51025,0,10.182,36.8,1000,1,1,,,0
UMTS,605,1,2157,67456,0,10.187,36.8,1000,1,1,,,0
UMTS,605,1,10001,66950,0,10.186,36.8,1000,1,1,,,0
UMTS,605,1,10001,66946,0,10.182,36.8,1000,1,1,,,0
UMTS,605,2,134,66564,0,10.182,36.8,500,1,1,,,0
UMTS,605,2,134,66561,0,10.182,36.8,1161,1,1,,,0
UMTS,605,1,10001,71097,0,10.18,36.8,1000,1,1,,,0
UMTS,605,1,10001,70316,0,10.189,36.8,1000,1,1,,,0
UMTS,605,1,10001,67900,0,10.182,36.8,1000,1,1,,,0
LTE,605,3,4157,3840268,0,10.184,36.8,1000,1,1,,,0
LTE,605,1,10001,36101,0,10.183,36.8,1000,1,1,,,0
UMTS,605,3,2125,67838,0,10.183,36.8,1000,1,1,,,0
UMTS,605,2,134,66558,0,10.183,36.8,1155,1,1,,,0
LTE,605,3,4157,3853839,0,10.183,36.8,1000,1,1,,,0
UMTS,605,1,10001,66951,0,10.183,36.8,1000,1,1,,,0
UMTS,605,1,10001,67897,0,10.181,36.8,1000,1,1,,,0
UMTS,605,2,134,71744,0,10.182,36.8,1000,1,1,,,0
GSM,605,1,10001,1416,0,10.183,36.8,1000,1,1,,,0
UMTS,605,1,10001,66955,0,10.183,36.8,1000,1,1,,,0
UMTS,605,3,2157,556944,0,10.184,36.8,1000,1,1,,,0
GSM,605,2,417,58241,0,10.189,36.8,1000,1,1,,,0
UMTS,605,1,10001,65727,0,10.19,36.8,1000,1,1,,,0
LTE,605,3,4157,3853825,0,10.184,36.8,1000,1,1,,,0
UMTS,605,3,2157,526939,0,10.184,36.8,1000,1,1,,,0
GSM,605,1,10001,191,0,10.191,36.8,1000,1,1,,,0
UMTS,605,2,134,71151,0,10.184,36.8,1000,1,1,,,0
UMTS,605,3,2157,557014,0,10.183,36.8,1000,1,1,,,0
UMTS,605,2,134,65540,0,10.189,36.8,1000,1,1,,,0
UMTS,605,2,134,71738,0,10.182,36.8,1000,1,1,,,0
LTE,605,3,4157,3853835,0,10.186,36.8,1033,1,1,,,0
UMTS,605,2,134,66557,0,10.183,36.8,1000,1,1,,,0
UMTS,605,1,10001,67889,0,10.181,36.8,1000,1,1,,,0
LTE,605,2,134,11520013,0,10.187,36.8,1000,1,1,,,0
UMTS,605,2,134,71148,0,10.184,36.8,1000,1,1,,,0
GSM,605,1,10001,1414,0,10.189,36.8,1259,1,1,,,0
UMTS,605,1,10001,67368,0,10.181,36.801,1000,1,1,,,0
UMTS,605,2,134,71153,0,10.187,36.801,1000,1,1,,,0
UMTS,605,1,10001,68056,0,10.184,36.801,1000,1,1,,,0
UMTS,605,1,10001,67371,0,10.181,36.801,1000,1,1,,,0
LTE,605,1,10001,36097,0,10.186,36.801,1000,1,1,,,0
UMTS,605,2,134,71741,0,10.182,36.801,1000,1,1,,,0
UMTS,605,2,134,71154,0,10.185,36.801,1000,1,1,,,0
LTE,605,2,134,11615243,0,10.187,36.801,1000,1,1,,,0
UMTS,605,1,4157,3840257,0,10.188,36.801,1000,1,1,,,0
LTE,605,3,4157,55048715,0,10.19,36.801,1000,1,1,,,0
GSM,605,2,417,56203,0,10.181,36.801,1000,1,1,,,0
UMTS,605,1,10001,67901,0,10.181,36.801,1000,1,1,,,0
LTE,605,1,10001,60417,0,10.181,36.801,1000,1,1,,,0
UMTS,605,1,10001,72593,0,10.181,36.801,1000,1,1,,,0
GSM,605,3,1105,15442,0,10.181,36.801,1000,1,1,,,0
UMTS,605,2,134,72424,0,10.181,36.801,1000,1,1,,,0
LTE,605,2,134,11664898,0,10.181,36.801,1000,1,1,,,0
UMTS,605,2,134,68713,0,10.182,36.801,1000,1,1,,,0
UMTS,605,3,2157,585765,0,10.182,36.801,1000,1,1,,,0
UMTS,605,3,27912,526941,0,10.182,36.801,1000,1,1,,,0
GSM,605,3,1105,60541,0,10.182,36.801,1000,1,1,,,0
LTE,605,2,134,11546114,0,10.182,36.801,1000,1,1,,,0
UMTS,605,3,2157,556943,0,10.182,36.801,1000,1,1,,,0
UMTS,605,1,10001,66952,0,10.184,36.801,1000,1,1,,,0
UMTS,605,3,2157,526944,0,10.184,36.801,1000,1,1,,,0
UMTS,605,3,2157,556599,0,10.184,36.801,1000,1,1,,,0
UMTS,605,3,2157,526593,0,10.184,36.801,1000,1,1,,,0
UMTS,605,2,137,267755,0,10.185,36.801,1000,1,1,,,0
UMTS,605,2,137,267760,0,10.185,36.801,1000,1,1,,,0
UMTS,605,2,137,267758,0,10.185,36.801,1000,1,1,,,0
LTE,605,2,134,11615234,0,10.185,36.801,1000,1,1,,,0
LTE,605,2,134,11615244,0,10.185,36.801,1000,1,1,,,0
LTE,605,2,134,11520003,0,10.186,36.801,1000,1,1,,,0
UMTS,605,3,2157,526595,0,10.186,36.801,1000,1,1,,,0
UMTS,605,2,137,312153,0,10.186,36.801,1000,1,1,,,0
UMTS,605,2,137,262147,0,10.186,36.801,1000,1,1,,,0
UMTS,605,2,137,262150,0,10.186,36.801,1000,1,1,,,0
UMTS,605,2,137,267759,0,10.186,36.801,1000,1,1,,,0
UMTS,605,1,10001,66953,0,10.186,36.801,1000,1,1,,,0
GSM,605,1,1781,7234,0,10.186,36.801,1000,1,1,,,0
UMTS,605,3,2125,68187,0,10.188,36.801,1000,1,1,,,0
GSM,605,2,417,50006,0,10.188,36.801,1000,1,1,,,0
UMTS,605,2,137,267756,0,10.188,36.801,1000,1,1,,,0
UMTS,605,2,137,312151,0,10.188,36.801,1000,1,1,,,0
UMTS,605,3,2157,556590,0,10.188,36.801,1000,1,1,,,0
UMTS,605,2,134,118973,0,10.188,36.801,1000,1,1,,,0
UMTS,605,3,2101,68569,0,10.189,36.801,1000,1,1,,,0
GSM,605,3,1105,15001,0,10.189,36.801,1000,1,1,,,0
UMTS,605,2,134,115543,0,10.189,36.801,1000,1,1,,,0
UMTS,605,3,2157,61633,0,10.189,36.801,1000,1,1,,,0
GSM,605,3,1154,11562,0,10.189,36.801,1000,1,1,,,0
UMTS,605,2,137,262145,0,10.191,36.801,1000,1,1,,,0
UMTS,605,2,134,68734,0,10.192,36.801,1000,1,1,,,0
UMTS,605,3,2157,526599,0,10.18,36.801,1000,1,1,,,0
UMTS,605,3,2157,584829,0,10.182,36.801,1000,1,1,,,0
GSM,605,3,115,15017,0,10.182,36.801,1000,1,1,,,0
UMTS,605,3,2157,556939,0,10.185,36.801,1000,1,1,,,0
LTE,605,2,134,11615233,0,10.186,36.801,1000,1,1,,,0
UMTS,605,2,134,71147,0,10.186,36.801,1000,1,1,,,0
UMTS,605,2,134,71150,0,10.186,36.801,1000,1,1,,,0
UMTS,605,1,10001,65732,0,10.187,36.801,1000,1,1,,,0
UMTS,605,2,134,115545,0,10.187,36.801,1000,1,1,,,0
UMTS,605,3,2125,97839,0,10.188,36.801,1000,1,1,,,0
UMTS,605,3,2157,556594,0,10.191,36.801,1000,1,1,,,0
GSM,605,3,1105,15009,0,10.185,36.801,1000,1,1,,,0
UMTS,605,1,10001,70849,0,10.181,36.801,1000,1,1,,,0
UMTS,605,1,10001,67366,0,10.181,36.801,1000,1,1,,,0
UMTS,605,2,134,66560,0,10.183,36.801,1000,1,1,,,0
UMTS,605,2,134,65542,0,10.186,36.801,1000,1,1,,,0
GSM,605,3,1105,15008,0,10.185,36.801,1000,1,1,,,0
UMTS,605,1,4157,3840259,0,10.188,36.801,1000,1,1,,,0
UMTS,605,2,134,65539,0,10.187,36.801,1000,1,1,,,0
UMTS,605,1,10001,72770,0,10.188,36.801,1000,1,1,,,0
UMTS,605,3,2125,67839,0,10.188,36.801,1000,1,1,,,0
UMTS,605,2,134,65543,0,10.189,36.801,1000,1,1,,,0
UMTS,605,1,10001,101906,0,10.182,36.801,1000,1,1,,,0
UMTS,605,2,134,71149,0,10.184,36.801,1000,1,1,,,0
LTE,605,3,4157,3840269,0,10.187,36.801,1000,1,1,,,0
UMTS,605,3,2125,68569,0,10.188,36.801,1000,1,1,,,0
GSM,605,1,10001,1832,0,10.181,36.801,1000,1,1,,,0
UMTS,605,2,134,71739,0,10.181,36.801,1000,1,1,,,0
UMTS,605,1,10001,70090,0,10.187,36.801,1000,1,1,,,0
GSM,605,1,10001,1836,0,10.182,36.801,1000,1,1,,,0
UMTS,605,3,2157,4112,0,10.191,36.801,1000,1,1,,,0
UMTS,605,2,134,71743,0,10.182,36.801,1000,1,1,,,0
GSM,605,3,1125,17269,0,10.19,36.801,1733,1,1,,,0
GSM,605,2,134,4,0,10.189,36.801,1000,1,1,,,0
LTE,605,3,4157,3853324,0,10.182,36.802,1000,1,1,,,0
GSM,605,3,1105,16667,0,10.181,36.802,1000,1,1,,,0
GSM,605,3,1105,15447,0,10.184,36.802,1000,1,1,,,0
LTE,605,2,134,11520001,0,10.19,36.802,1000,1,1,,,0
UMTS,605,2,240,137034,0,10.18,36.802,5762,1,1,,,0
LTE,605,3,4157,3853837,0,10.182,36.802,1000,1,1,,,0
UMTS,605,3,2157,526941,0,10.181,36.802,1000,1,1,,,0
LTE,605,2,134,11615235,0,10.184,36.802,1000,1,1,,,0
UMTS,605,2,417,121743,0,10.181,36.802,1000,1,1,,,0
GSM,605,3,1105,17948,0,10.18,36.802,1000,1,1,,,0
UMTS,605,2,134,71745,0,10.18,36.802,1000,1,1,,,0
LTE,605,1,10001,36102,0,10.183,36.802,1000,1,1,,,0
GSM,605,3,1105,15003,0,10.186,36.802,1000,1,1,,,0
UMTS,605,3,2157,556591,0,10.186,36.802,1000,1,1,,,0
GSM,605,1,10001,1411,0,10.188,36.802,1000,1,1,,,0
GSM,605,3,115,15443,0,10.181,36.802,1000,1,1,,,0
LTE,605,1,10006,21762,0,10.181,36.802,1000,1,1,,,0
GSM,605,2,417,50475,0,10.181,36.802,1000,1,1,,,0
UMTS,605,1,10001,67376,0,10.181,36.802,1000,1,1,,,0
UMTS,605,1,10001,67369,0,10.181,36.802,1000,1,1,,,0
UMTS,605,3,2157,526946,0,10.181,36.802,1000,1,1,,,0
UMTS,605,3,2157,556941,0,10.181,36.802,1000,1,1,,,0
UMTS,605,3,27912,526946,0,10.181,36.802,1000,1,1,,,0
UMTS,605,3,2157,556946,0,10.181,36.802,1000,1,1,,,0
LTE,605,2,134,11546113,0,10.181,36.802,1000,1,1,,,0
LTE,605,2,134,11546123,0,10.181,36.802,1000,1,1,,,0
GSM,605,2,417,56881,0,10.181,36.802,1000,1,1,,,0
GSM,605,2,417,51285,0,10.181,36.802,1000,1,1,,,0
LTE,605,3,4157,3923970,0,10.182,36.802,1000,1,1,,,0
UMTS,605,3,2157,585089,0,10.184,36.802,1000,1,1,,,0
LTE,605,1,10001,36099,0,10.184,36.802,1000,1,1,,,0
LTE,605,2,134,11615245,0,10.184,36.802,1000,1,1,,,0
UMTS,605,2,134,71155,0,10.184,36.802,1000,1,1,,,0
GSM,605,3,1105,60751,0,10.184,36.802,1000,1,1,,,0
UMTS,605,3,2157,556936,0,10.184,36.802,1000,1,1,,,0
UMTS,605,1,10006,67251,0,10.185,36.802,1000,1,1,,,0
UMTS,605,3,2157,556930,0,10.185,36.802,1000,1,1,,,0
GSM,605,2,417,53724,0,10.186,36.802,1000,1,1,,,0
GSM,605,3,1105,60881,0,10.186,36.802,1000,1,1,,,0
GSM,605,3,1105,15441,0,10.186,36.802,1000,1,1,,,0
UMTS,605,2,137,312152,0,10.186,36.802,1000,1,1,,,0
UMTS,605,1,10001,70817,0,10.186,36.802,1000,1,1,,,0
GSM,605,3,1105,15007,0,10.189,36.802,1000,1,1,,,0
UMTS,605,3,2157,527326,0,10.189,36.802,1000,1,1,,,0
UMTS,605,3,2157,527321,0,10.189,36.802,1000,1,1,,,0
UMTS,605,2,137,262148,0,10.189,36.802,1000,1,1,,,0
UMTS,605,1,10005,72766,0,10.189,36.802,1000,1,1,,,0
LTE,605,3,4157,3853580,0,10.191,36.802,1086,1,1,,,0
UMTS,605,2,134,71742,0,10.181,36.802,1000,1,1,,,0
UMTS,605,1,10001,67356,0,10.184,36.802,1000,1,1,,,0
LTE,605,2,4157,3853835,0,10.183,36.802,1000,1,1,,,0
UMTS,605,2,2157,556939,0,10.183,36.802,1000,1,1,,,0
LTE,605,2,4157,3856149,0,10.183,36.802,1000,1,1,,,0
LTE,605,2,134,11523094,0,10.189,36.802,1000,1,1,,,0
UMTS,605,1,10001,66949,0,10.184,36.802,1000,1,1,,,0
LTE,605,2,134,11601676,0,10.189,36.802,1000,1,1,,,0
LTE,605,2,134,11520011,0,10.189,36.802,1000,1,1,,,0
GSM,605,3,1105,60871,0,10.184,36.802,1000,1,1,,,0
UMTS,605,1,10001,67367,0,10.185,36.802,1000,1,1,,,0
GSM,605,2,134,6,0,10.189,36.803,1000,1,1,,,0
LTE,605,1,10006,21765,0,10.181,36.803,1000,1,1,,,0
UMTS,605,2,134,121743,0,10.182,36.803,1000,1,1,,,0
GSM,605,3,115,16942,0,10.185,36.803,1000,1,1,,,0
UMTS,605,1,10012,7276161,0,10.19,36.803,2260,1,1,,,0
UMTS,605,2,134,71152,0,10.183,36.803,1000,1,1,,,0
UMTS,605,1,10001,72767,0,10.187,36.803,1000,1,1,,,0
UMTS,605,2,134,65537,0,10.189,36.803,1000,1,1,,,0
UMTS,605,2,134,71737,0,10.182,36.803,1000,1,1,,,0
GSM,605,2,417,50004,0,10.189,36.803,1000,1,1,,,0
GSM,605,1,10006,751,0,10.18,36.803,1000,1,1,,,0
GSM,605,3,1105,61477,0,10.18,36.803,1000,1,1,,,0
GSM,605,1,10001,1833,0,10.182,36.803,1000,1,1,,,0
GSM,605,3,115,15003,0,10.186,36.803,1000,1,1,,,0
GSM,605,2,417,56201,0,10.184,36.803,1000,1,1,,,0
UMTS,605,1,10001,72766,0,10.188,36.803,1000,1,1,,,0
LTE,605,2,4157,3853825,0,10.183,36.803,1000,1,1,,,0
GSM,605,3,1105,16948,0,10.185,36.803,1000,1,1,,,0
GSM,605,3,115,15447,0,10.183,36.803,1391,1,1,,,0
GSM,605,3,115,15449,0,10.181,36.803,1000,1,1,,,0
UMTS,605,1,10001,72773,0,10.189,36.803,1000,1,1,,,0
UMTS,605,1,10006,66391,0,10.182,36.803,1000,1,1,,,0
UMTS,605,3,2157,557321,0,10.188,36.803,1000,1,1,,,0
UMTS,605,2,134,69578,0,10.187,36.803,1000,1,1,,,0
UMTS,605,1,10006,66836,0,10.181,36.803,1000,1,1,,,0
GSM,605,2,417,53726,0,10.184,36.803,1000,1,1,,,0
LTE,605,3,4157,3875597,0,10.192,36.803,1000,1,1,,,0
UMTS,605,3,2157,557880,0,10.181,36.804,1000,1,1,,,0
UMTS,605,2,134,116014,0,10.181,36.804,1000,1,1,,,0
UMTS,605,3,2157,557885,0,10.181,36.804,1000,1,1,,,0
UMTS,605,1,10006,66394,0,10.181,36.804,1000,1,1,,,0
UMTS,605,1,10001,67375,0,10.181,36.804,1000,1,1,,,0
GSM,605,3,1105,61061,0,10.181,36.804,1000,1,1,,,0
UMTS,605,2,134,66563,0,10.181,36.804,1000,1,1,,,0
UMTS,605,2,134,66014,0,10.181,36.804,1000,1,1,,,0
UMTS,605,3,27912,526936,0,10.182,36.804,1000,1,1,,,0
UMTS,605,2,134,71740,0,10.184,36.804,1000,1,1,,,0
LTE,605,3,4157,3853581,0,10.184,36.804,1000,1,1,,,0
LTE,605,2,134,11601153,0,10.184,36.804,1000,1,1,,,0
UMTS,605,3,2157,526935,0,10.185,36.804,1000,1,1,,,0
UMTS,605,2,134,115824,0,10.185,36.804,1000,1,1,,,0
UMTS,605,2,134,69581,0,10.186,36.804,1000,1,1,,,0
GSM,605,3,1125,16948,0,10.189,36.804,1000,1,1,,,0
UMTS,605,1,10020,65704,0,10.191,36.804,1000,1,1,,,0
UMTS,605,3,2157,526930,0,10.191,36.804,1000,1,1,,,0
GSM,605,3,1105,17942,0,10.18,36.804,1000,1,1,,,0
GSM,605,1,10006,754,0,10.181,36.804,1000,1,1,,,0
GSM,605,1,10006,855,0,10.181,36.804,1000,1,1,,,0
UMTS,605,1,10001,66388,0,10.182,36.804,1000,1,1,,,0
UMTS,605,3,2157,556931,0,10.182,36.804,1000,1,1,,,0
UMTS,605,2,134,69582,0,10.182,36.804,1000,1,1,,,0
UMTS,605,3,2157,526936,0,10.183,36.804,1000,1,1,,,0
UMTS,605,1,10006,66388,0,10.181,36.804,1000,1,1,,,0
UMTS,605,2,134,66271,0,10.181,36.804,1000,1,1,,,0
GSM,605,3,1105,16949,0,10.182,36.804,2192,1,1,,,0
UMTS,605,2,134,121745,0,10.181,36.804,1000,1,1,,,0
GSM,605,2,417,50125,0,10.188,36.804,1000,1,1,,,0
UMTS,605,1,10006,67248,0,10.186,36.804,1000,1,1,,,0
UMTS,605,1,10001,66391,0,10.182,36.804,1000,1,1,,,0
UMTS,605,2,134,65545,0,10.189,36.804,1000,1,1,,,0
LTE,605,2,134,11623446,0,10.189,36.804,1000,1,1,,,0
GSM,605,3,115,15009,0,10.186,36.804,1000,1,1,,,0
GSM,605,3,115,16949,0,10.183,36.804,1000,1,1,,,0
LTE,605,3,4157,3875607,0,10.189,36.804,1000,1,1,,,0
GSM,605,3,1105,16942,0,10.187,36.804,1000,1,1,,,0
GSM,605,2,417,50003,0,10.188,36.804,1000,1,1,,,0
GSM,605,2,134,50128,0,10.189,36.804,1000,1,1,,,0
UMTS,605,3,2157,527880,0,10.18,36.804,1000,1,1,,,0
UMTS,605,3,2157,526934,0,10.184,36.804,1000,1,1,,,0
GSM,605,3,1105,17313,0,10.188,36.804,1000,1,1,,,0
UMTS,605,2,134,69579,0,10.182,36.804,1000,1,1,,,0
GSM,605,3,103,15357,0,10.182,36.804,1000,1,1,,,0
GSM,605,2,417,50732,0,10.182,36.804,1000,1,1,,,0
UMTS,605,3,2157,526931,0,10.182,36.804,1000,1,1,,,0
UMTS,605,2,134,115664,0,10.188,36.804,1000,1,1,,,0
GSM,605,2,134,125,0,10.189,36.804,1000,1,1,,,0
GSM,605,3,1105,17319,0,10.189,36.805,1000,1,1,,,0
UMTS,605,3,2137,67839,0,10.186,36.805,1000,1,1,,,0
GSM,605,3,115,16943,0,10.181,36.805,1000,1,1,,,0
LTE,605,3,4157,3840257,0,10.192,36.805,2524,1,1,,,0
GSM,605,2,417,50474,0,10.181,36.805,1000,1,1,,,0
UMTS,605,3,2157,527885,0,10.181,36.805,1000,1,1,,,0
UMTS,605,2,134,116013,0,10.181,36.805,1000,1,1,,,0
UMTS,605,2,134,116274,0,10.181,36.805,1000,1,1,,,0
UMTS,605,2,134,66013,0,10.181,36.805,1000,1,1,,,0
LTE,605,2,134,11583234,0,10.185,36.805,1000,1,1,,,0
UMTS,605,3,2157,526596,0,10.186,36.805,1000,1,1,,,0
UMTS,605,2,134,68008,0,10.186,36.805,1000,1,1,,,0
UMTS,605,2,134,68011,0,10.186,36.805,1000,1,1,,,0
UMTS,605,2,134,69584,0,10.186,36.805,1000,1,1,,,0
UMTS,605,1,10006,72766,0,10.188,36.805,1000,1,1,,,0
UMTS,605,2,134,66274,0,10.182,36.805,1000,1,1,,,0
UMTS,605,3,2101,99178,0,10.189,36.805,1000,1,1,,,0
LTE,605,3,4157,3923980,0,10.181,36.805,1000,1,1,,,0
LTE,605,2,4157,3853324,0,10.182,36.805,1000,1,1,,,0
LTE,605,2,4157,3923990,0,10.182,36.805,1000,1,1,,,0
LTE,605,1,10001,4875,0,10.188,36.805,1000,1,1,,,0
LTE,605,2,4157,3923980,0,10.182,36.805,1000,1,1,,,0
LTE,605,2,4157,3923979,0,10.182,36.805,1000,1,1,,,0
GSM,605,2,417,54042,0,10.189,36.805,1000,1,1,,,0
GSM,605,2,134,1772,0,10.188,36.805,1000,1,1,,,0
UMTS,605,2,134,69577,0,10.185,36.805,1000,1,1,,,0
GSM,605,2,417,52475,0,10.186,36.805,1000,1,1,,,0
GSM,605,3,115,15028,0,10.183,36.805,1000,1,1,,,0
GSM,605,2,417,50735,0,10.182,36.805,1000,1,1,,,0
UMTS,605,2,134,66268,0,10.182,36.805,1000,1,1,,,0
GSM,605,2,134,122,0,10.189,36.805,1000,1,1,,,0
UMTS,605,1,10006,72517,0,10.182,36.806,1000,1,1,,,0
GSM,605,1,10006,852,0,10.182,36.806,1000,1,1,,,0
UMTS,605,3,2157,61634,0,10.189,36.806,1000,1,1,,,0
LTE,605,1,10006,73222,0,10.186,36.806,1000,1,1,,,0
GSM,605,2,417,50001,0,10.189,36.806,1000,1,1,,,0
LTE,605,1,10001,46852,0,10.187,36.806,1000,1,1,,,0
GSM,605,1,10001,1413,0,10.186,36.806,1000,1,1,,,0
UMTS,605,1,10001,67248,0,10.185,36.806,1000,1,1,,,0
LTE,605,2,134,11523084,0,10.189,36.806,1000,1,1,,,0
UMTS,605,1,10006,72520,0,10.182,36.806,1000,1,1,,,0
UMTS,605,3,2157,527878,0,10.181,36.806,1000,1,1,,,0
UMTS,605,3,2115,99129,0,10.18,36.806,1000,1,1,,,0
UMTS,605,2,134,68009,0,10.185,36.806,1000,1,1,,,0
GSM,605,3,115,17313,0,10.188,36.806,1000,1,1,,,0
LTE,605,3,4157,3934220,0,10.191,36.806,2394,1,1,,,0
UMTS,605,3,2157,557881,0,10.18,36.806,1000,1,1,,,0
UMTS,605,1,10006,66386,0,10.183,36.806,1000,1,1,,,0
UMTS,605,3,2157,556620,0,10.183,36.806,1000,1,1,,,0
UMTS,605,3,2115,67868,0,10.181,36.806,1000,1,1,,,0
UMTS,605,2,134,71201,0,10.181,36.806,1000,1,1,,,0
GSM,605,1,10006,65535,0,10.181,36.806,1000,1,1,,,0
GSM,605,1,10006,756,0,10.181,36.806,1000,1,1,,,0
GSM,605,1,10006,1841,0,10.181,36.806,1000,1,1,,,0
GSM,605,2,417,50736,0,10.181,36.806,1000,1,1,,,0
UMTS,605,3,2157,526626,0,10.181,36.806,1000,1,1,,,0
UMTS,605,3,2157,585529,0,10.181,36.806,1000,1,1,,,0
GSM,605,2,417,50733,0,10.181,36.806,1000,1,1,,,0
GSM,605,2,417,50731,0,10.181,36.806,1000,1,1,,,0
UMTS,605,2,134,11532043,0,10.181,36.806,1000,1,1,,,0
UMTS,605,2,134,66275,0,10.181,36.806,1000,1,1,,,0
GSM,605,2,417,55665,0,10.181,36.806,1000,1,1,,,0
GSM,605,1,10006,1716,0,10.181,36.806,1000,1,1,,,0
UMTS,605,3,27912,557879,0,10.182,36.806,1000,1,1,,,0
UMTS,605,3,2157,556625,0,10.182,36.806,1000,1,1,,,0
GSM,605,2,417,51352,0,10.182,36.806,1000,1,1,,,0
UMTS,605,3,2157,526625,0,10.184,36.806,1000,1,1,,,0
UMTS,605,2,134,69580,0,10.184,36.806,1000,1,1,,,0
LTE,605,3,4157,3841036,0,10.184,36.806,1000,1,1,,,0
GSM,605,2,417,52472,0,10.185,36.806,1000,1,1,,,0
GSM,605,1,1781,854,0,10.185,36.806,1000,1,1,,,0
UMTS,605,2,134,68015,0,10.185,36.806,1000,1,1,,,0
UMTS,605,2,134,69583,0,10.185,36.806,1000,1,1,,,0
UMTS,605,2,134,68014,0,10.185,36.806,1000,1,1,,,0
UMTS,605,2,134,118015,0,10.185,36.806,1000,1,1,,,0
LTE,605,3,4157,3853569,0,10.185,36.806,1000,1,1,,,0
UMTS,605,2,134,68012,0,10.186,36.806,1000,1,1,,,0
UMTS,605,1,10006,69836,0,10.186,36.806,1000,1,1,,,0
GSM,605,3,1105,16941,0,10.186,36.806,1000,1,1,,,0
GSM,605,1,10006,2861,0,10.186,36.806,1000,1,1,,,0
GSM,605,2,134,53197,0,10.188,36.806,1000,1,1,,,0
UMTS,605,2,134,68010,0,10.188,36.806,1000,1,1,,,0
UMTS,605,3,2100,527840,0,10.189,36.806,1000,1,1,,,0
GSM,605,2,417,51024,0,10.192,36.806,1052,1,1,,,0
LTE,605,2,134,11583243,0,10.188,36.806,1000,1,1,,,0
GSM,605,3,1105,16947,0,10.185,36.806,1000,1,1,,,0
LTE,605,3,4157,3923981,0,10.181,36.806,1000,1,1,,,0
GSM,605,3,115,15023,0,10.181,36.806,1000,1,1,,,0
UMTS,605,3,2157,557879,0,10.182,36.807,1000,1,1,,,0
GSM,605,2,417,54041,0,10.185,36.807,1000,1,1,,,0
GSM,605,3,1105,17943,0,10.182,36.807,1000,1,1,,,0
GSM,605,3,115,15022,0,10.183,36.807,1000,1,1,,,0
LTE,605,3,4157,3853579,0,10.185,36.807,1000,1,1,,,0
UMTS,605,1,10006,86316,0,10.186,36.807,1000,1,1,,,0
UMTS,605,1,10006,66393,0,10.181,36.807,1000,1,1,,,0
UMTS,605,1,10001,66387,0,10.183,36.807,1000,1,1,,,0
LTE,605,1,10006,43781,0,10.184,36.807,1000,1,1,,,0
UMTS,605,1,10006,66387,0,10.182,36.807,1000,1,1,,,0
UMTS,605,1,10006,68397,0,10.189,36.807,1000,1,1,,,0
LTE,605,2,417,50732,0,10.185,36.807,1000,1,1,,,0
UMTS,605,3,2157,556621,0,10.182,36.807,1000,1,1,,,0
UMTS,605,2,134,68007,0,10.188,36.807,1000,1,1,,,0
LTE,605,1,10001,4878,0,10.189,36.807,2097,1,1,,,0
LTE,605,3,4157,3923979,0,10.181,36.807,1000,1,1,,,0
LTE,605,1,10006,73220,0,10.188,36.807,1000,1,1,,,0
GSM,605,3,115,15029,0,10.181,36.807,1000,1,1,,,0
GSM,605,3,115,16947,0,10.185,36.807,1000,1,1,,,0
UMTS,605,3,2157,526620,0,10.183,36.807,1000,1,1,,,0
GSM,605,1,10006,854,0,10.184,36.807,1000,1,1,,,0
GSM,605,2,417,52476,0,10.187,36.807,1000,1,1,,,0
LTE,605,1,4157,3934220,0,10.189,36.807,1000,1,1,,,0
LTE,605,1,10006,73230,0,10.185,36.807,1000,1,1,,,0
GSM,605,1,10006,851,0,10.184,36.807,1000,1,1,,,0
UMTS,605,2,134,66269,0,10.18,36.807,1737,1,1,,,0
UMTS,605,2,134,66888,0,10.182,36.807,1000,1,1,,,0
GSM,605,2,417,52474,0,10.188,36.807,1000,1,1,,,0
UMTS,605,2,134,66267,0,10.181,36.807,1000,1,1,,,0
UMTS,605,3,2115,67869,0,10.181,36.807,1000,1,1,,,0
LTE,605,3,4157,4038411,0,10.191,36.808,1000,1,1,,,0
UMTS,605,3,2115,69127,0,10.18,36.808,1000,1,1,,,0
GSM,605,3,1105,15023,0,10.181,36.808,1000,1,1,,,0
GSM,605,3,1105,61241,0,10.181,36.808,1000,1,1,,,0
GSM,605,2,417,50734,0,10.183,36.808,1000,1,1,,,0
UMTS,605,2,134,66273,0,10.183,36.808,1000,1,1,,,0
UMTS,605,3,2137,98177,0,10.185,36.808,1000,1,1,,,0
GSM,605,2,417,52471,0,10.186,36.808,1000,1,1,,,0
GSM,605,3,1137,17802,0,10.189,36.808,1000,1,1,,,0
UMTS,605,3,2157,526621,0,10.181,36.808,1000,1,1,,,0
UMTS,605,3,2157,556624,0,10.181,36.808,1000,1,1,,,0
UMTS,605,2,134,116273,0,10.181,36.808,1000,1,1,,,0
UMTS,605,3,2157,556626,0,10.181,36.808,1000,1,1,,,0
LTE,605,3,4157,3841027,0,10.181,36.808,1000,1,1,,,0
GSM,605,3,1105,15022,0,10.182,36.808,1000,1,1,,,0
GSM,605,3,1105,15028,0,10.182,36.808,1000,1,1,,,0
GSM,605,3,1105,15021,0,10.182,36.808,1000,1,1,,,0
UMTS,605,1,10001,2100796,0,10.184,36.808,1000,1,1,,,0
UMTS,605,1,10006,69826,0,10.184,36.808,1000,1,1,,,0
UMTS,605,3,2157,526929,0,10.185,36.808,1000,1,1,,,0
GSM,605,2,417,52473,0,10.186,36.808,1000,1,1,,,0
GSM,605,1,10006,1711,0,10.188,36.808,1000,1,1,,,0
UMTS,605,1,10001,66393,0,10.188,36.808,1000,1,1,,,0
UMTS,605,1,10001,67370,0,10.188,36.808,1000,1,1,,,0
LTE,605,3,4157,3841037,0,10.181,36.808,1000,1,1,,,0
UMTS,605,1,10006,66390,0,10.182,36.808,1000,1,1,,,0
GSM,605,3,1105,17941,0,10.181,36.808,1000,1,1,,,0
UMTS,605,3,2157,527884,0,10.182,36.808,1000,1,1,,,0
LTE,605,3,4157,4038421,0,10.188,36.808,1000,1,1,,,0
UMTS,605,3,2157,556929,0,10.185,36.808,1000,1,1,,,0
GSM,605,1,10006,1712,0,10.187,36.808,1000,1,1,,,0
UMTS,605,3,2157,526591,0,10.196,36.797,7774,1,1,,,0
GSM,605,2,417,53195,0,10.192,36.798,1000,1,1,,,0
UMTS,605,2,137,265336,0,10.193,36.798,1000,1,1,,,0
UMTS,605,2,137,315342,0,10.193,36.799,1000,1,1,,,0
LTE,605,2,137,11562251,0,10.202,36.8,1000,1,1,,,0
UMTS,605,3,2157,527319,0,10.192,36.8,1000,1,1,,,0
GSM,605,3,1137,17808,0,10.192,36.8,2167,1,1,,,0
UMTS,605,3,2157,527324,0,10.194,36.801,1000,1,1,,,0
UMTS,605,2,134,68727,0,10.199,36.801,1000,1,1,,,0
UMTS,605,3,2157,37751888,0,10.193,36.801,1000,1,1,,,0
GSM,605,1,10004,2322,0,10.193,36.801,1000,1,1,,,0
UMTS,605,1,2157,7234,0,10.195,36.801,1000,1,1,,,0
UMTS,605,2,10001,36100,0,10.196,36.801,1000,1,1,,,0
LTE,605,3,4157,3875595,0,10.194,36.802,1000,1,1,,,0
LTE,605,2,134,11623436,0,10.196,36.802,1000,1,1,,,0
LTE,605,2,134,11678731,0,10.196,36.802,1000,1,1,,,0
LTE,605,3,4157,4038412,0,10.195,36.803,1000,1,1,,,0
UMTS,605,2,10006,13829,0,10.197,36.804,1000,1,1,,,0
LTE,605,1,10006,42757,0,10.194,36.804,1031,1,1,,,0
GSM,605,3,1105,15449,0,10.197,36.804,2113,1,1,,,0
GSM,605,1,10006,162,0,10.195,36.806,1000,1,1,,,0
LTE,605,2,134,11601675,0,10.194,36.807,1000,1,1,,,0
UMTS,605,2,10001,4878,0,10.195,36.807,1000,1,1,,,0
UMTS,605,2,10006,73220,0,10.193,36.807,1000,1,1,,,0
GSM,605,1,10001,841,0,10.206,36.797,2389,1,1,,,0
LTE,605,3,4164,3105808,0,10.205,36.797,4117,1,1,,,0
GSM,605,2,409,52003,0,10.215,36.799,16484,1,1,,,0
UMTS,605,1,10004,72346,0,10.206,36.801,1000,1,1,,,0
UMTS,605,2,134,118733,0,10.21,36.801,1000,1,1,,,0
UMTS,605,1,10004,67858,0,10.214,36.801,1000,1,1,,,0
UMTS,605,3,2157,557319,0,10.208,36.801,1210,1,1,,,0
LTE,605,3,4164,3102479,0,10.211,36.803,3977,1,1,,,0
UMTS,605,1,10005,77782,0,10.21,36.804,1000,1,1,,,0
GSM,605,1,10001,361,0,10.213,36.805,3729,1,1,,,0
GSM,605,1,10001,1831,0,10.216,36.806,2152,1,1,,,0
GSM,605,3,1108,12009,0,10.224,36.797,4058,1,1,,,0
UMTS,605,2,137,264850,0,10.228,36.798,3902,1,1,,,0
UMTS,605,1,10001,65900,0,10.225,36.799,1153,1,1,,,0
UMTS,605,3,2154,655792,0,10.217,36.802,1000,1,1,,,0
UMTS,605,3,2164,794879,0,10.218,36.802,1000,1,1,,,0
GSM,605,3,1118,18498,0,10.218,36.802,1000,1,1,,,0
UMTS,605,3,2154,139519,0,10.219,36.802,1000,1,1,,,0
UMTS,605,2,134,69338,0,10.221,36.802,1000,1,1,,,0
UMTS,605,2,137,315971,0,10.221,36.802,3666,1,1,,,0
LTE,605,2,134,11617291,0,10.224,36.803,1000,1,1,,,0
UMTS,605,2,134,69337,0,10.224,36.803,1000,1,1,,,0
UMTS,605,1,10004,72336,0,10.225,36.804,1000,1,1,,,0
UMTS,605,2,137,69337,0,10.226,36.804,1000,1,1,,,0
GSM,605,1,10005,341,0,10.221,36.804,4858,1,1,,,0
GSM,605,1,10005,10243,0,10.218,36.807,3336,1,1,,,0
GSM,605,3,1105,17311,0,10.228,36.798,3246,1,1,,,0
GSM,605,1,10001,891,0,10.239,36.8,1000,1,1,,,0
GSM,605,1,10005,10693,0,10.233,36.802,3361,1,1,,,0
UMTS,605,2,137,266655,0,10.229,36.804,1000,1,1,,,0
UMTS,605,3,2164,788618,0,10.237,36.804,4395,1,1,,,0
UMTS,605,2,137,69340,0,10.232,36.804,1000,1,1,,,0
GSM,605,2,401,52741,0,10.236,36.805,1000,1,1,,,0
UMTS,605,1,10004,67860,0,10.237,36.805,1000,1,1,,,0
UMTS,605,3,2164,818373,0,10.234,36.807,2804,1,1,,,0
GSM,605,1,10012,8025,0,10.246,36.798,4919,1,1,,,0
UMTS,605,1,10004,67857,0,10.247,36.804,1000,1,1,,,0
LTE,605,2,1000,11578390,0,10.244,36.806,1000,1,1,,,0
LTE,605,2,1000,11578380,0,10.244,36.806,1000,1,1,,,0
UMTS,605,1,10004,76199,0,10.244,36.806,1000,1,1,,,0
UMTS,605,1,10004,65694,0,10.248,36.808,1000,1,1,,,0
GSM,605,2,411,50624,0,10.261,36.797,4404,1,1,,,0
UMTS,605,1,10004,75619,0,10.263,36.798,1000,1,1,,,0
UMTS,605,1,10004,75932,0,10.262,36.798,2611,1,1,,,0
UMTS,605,2,137,267368,0,10.263,36.799,1000,1,1,,,0
GSM,605,2,401,53804,0,10.262,36.799,1000,1,1,,,0
UMTS,605,2,137,312661,0,10.262,36.799,1000,1,1,,,0
LTE,605,2,137,11745804,0,10.262,36.8,1000,1,1,,,0
GSM,605,2,137,3824,0,10.262,36.8,1000,1,1,,,0
UMTS,605,1,10005,75620,0,10.262,36.801,1000,1,1,,,0
UMTS,605,3,2164,788639,0,10.263,36.801,1000,1,1,,,0
LTE,605,2,137,11533323,0,10.262,36.801,1000,1,1,,,0
LTE,605,2,137,11533067,0,10.262,36.801,1000,1,1,,,0
GSM,605,3,1118,18497,0,10.258,36.802,1000,1,1,,,0
GSM,605,2,137,53827,0,10.262,36.802,1000,1,1,,,0
GSM,605,1,10005,10953,0,10.26,36.802,3925,1,1,,,0
UMTS,605,3,2154,133274,0,10.261,36.803,1000,1,1,,,0
GSM,605,2,409,53804,0,10.263,36.803,1596,1,1,,,0
GSM,605,2,137,511,0,10.261,36.803,1000,1,1,,,0
UMTS,605,1,10004,75937,0,10.261,36.804,1000,1,1,,,0
GSM,605,3,108,12447,0,10.262,36.804,1000,1,1,,,0
GSM,605,2,137,524,0,10.261,36.804,1000,1,1,,,0
GSM,605,3,1108,11142,0,10.261,36.804,2574,1,1,,,0
GSM,605,1,10004,10083,0,10.262,36.804,1712,1,1,,,0
GSM,605,2,401,52703,0,10.262,36.804,1000,1,1,,,0
UMTS,605,3,2164,818634,0,10.256,36.804,1000,1,1,,,0
UMTS,605,3,2165,818639,0,10.263,36.804,1000,1,1,,,0
UMTS,605,3,2165,818634,0,10.264,36.805,1000,1,1,,,0
UMTS,605,1,10012,7328536,0,10.261,36.805,1000,1,1,,,0
UMTS,605,1,10014,7282451,0,10.257,36.805,1000,1,1,,,0
GSM,605,3,1108,11148,0,10.259,36.805,2862,1,1,,,0
GSM,605,3,1108,11101,0,10.256,36.806,5710,1,1,,,0
UMTS,605,3,2154,133279,0,10.256,36.806,1000,1,1,,,0
UMTS,605,3,2154,163274,0,10.258,36.806,1000,1,1,,,0
GSM,605,2,137,3821,0,10.261,36.806,1000,1,1,,,0
GSM,605,3,1482,15301,0,10.264,36.807,1000,1,1,,,0
GSM,605,2,137,2706,0,10.261,36.807,1221,1,1,,,0
UMTS,605,1,10005,75989,0,10.252,36.808,1000,1,1,,,0
GSM,605,3,104,12261,0,10.261,36.808,1000,1,1,,,0
UMTS,605,3,2157,164305,0,10.261,36.808,1000,1,1,,,0
GSM,605,3,1118,18491,0,10.257,36.808,1277,1,1,,,0
GSM,605,3,1118,12447,0,10.269,36.797,1000,1,1,,,0
GSM,605,3,1108,12243,0,10.271,36.797,1000,1,1,,,0
LTE,605,1,10005,267523,0,10.271,36.797,1000,1,1,,,0
UMTS,605,1,10004,75957,0,10.27,36.797,1000,1,1,,,0
UMTS,605,3,2154,133273,0,10.27,36.797,1000,1,1,,,0
GSM,605,3,1108,12240,0,10.27,36.797,1000,1,1,,,0
UMTS,605,3,2154,132721,0,10.272,36.797,1000,1,1,,,0
UMTS,605,3,2154,132716,0,10.272,36.797,1000,1,1,,,0
UMTS,605,1,10004,75624,0,10.267,36.797,1000,1,1,,,0
GSM,605,1,10005,10836,0,10.266,36.798,4621,1,1,,,0
UMTS,605,1,10004,75621,0,10.267,36.798,1000,1,1,,,0
UMTS,605,1,10005,75621,0,10.265,36.798,1000,1,1,,,0
UMTS,605,1,10004,75622,0,10.265,36.798,1000,1,1,,,0
GSM,605,3,108,11002,0,10.266,36.798,1000,1,1,,,0
UMTS,605,3,2154,163273,0,10.27,36.798,1000,1,1,,,0
UMTS,605,3,2164,826508,0,10.27,36.798,1000,1,1,,,0
GSM,605,3,108,12249,0,10.272,36.798,1000,1,1,,,0
UMTS,605,3,2154,171143,0,10.272,36.798,1000,1,1,,,0
UMTS,605,3,2154,141148,0,10.272,36.798,1000,1,1,,,0
UMTS,605,3,2154,141143,0,10.272,36.798,1000,1,1,,,0
GSM,605,3,1118,11647,0,10.272,36.798,1000,1,1,,,0
UMTS,605,3,2154,171148,0,10.272,36.798,1000,1,1,,,0
UMTS,605,3,2154,141149,0,10.272,36.798,1000,1,1,,,0
GSM,605,3,1118,11641,0,10.272,36.798,1000,1,1,,,0
UMTS,605,3,2154,171144,0,10.272,36.798,1000,1,1,,,0
UMTS,605,3,2154,162855,0,10.272,36.798,1000,1,1,,,0
GSM,605,2,137,636,0,10.267,36.798,1000,1,1,,,0
LTE,605,2,137,11589132,0,10.269,36.799,1000,1,1,,,0
UMTS,605,2,137,264846,0,10.271,36.799,1000,1,1,,,0
GSM,605,2,401,52702,0,10.265,36.799,1000,1,1,,,0
GSM,605,3,1494,11002,0,10.273,36.8,1000,1,1,,,0
UMTS,605,2,137,264849,0,10.27,36.8,1000,1,1,,,0
GSM,605,3,1108,12249,0,10.271,36.8,1000,1,1,,,0
LTE,605,2,137,11589131,0,10.274,36.8,1263,1,1,,,0
GSM,605,2,411,52704,0,10.273,36.8,1000,1,1,,,0
GSM,605,2,411,52705,0,10.27,36.8,1000,1,1,,,0
GSM,605,1,10005,11511,0,10.27,36.8,1000,1,1,,,0
GSM,605,2,401,50636,0,10.267,36.8,4436,1,1,,,0
GSM,605,2,137,2703,0,10.265,36.8,1224,1,1,,,0
UMTS,605,2,137,264848,0,10.272,36.8,1000,1,1,,,0
GSM,605,2,411,52703,0,10.27,36.8,1000,1,1,,,0
GSM,605,3,1494,11147,0,10.27,36.8,695,1,1,,,0
GSM,605,3,1494,11007,0,10.275,36.8,1000,1,1,,,0
GSM,605,3,1494,11141,0,10.271,36.8,1000,1,1,,,0
GSM,605,2,411,52702,0,10.272,36.8,1000,1,1,,,0
GSM,605,2,401,50633,0,10.267,36.8,4448,1,1,,,0
UMTS,605,2,137,11589132,0,10.27,36.801,1000,1,1,,,0
LTE,605,2,137,11589122,0,10.27,36.801,1000,1,1,,,0
UMTS,605,2,137,264847,0,10.27,36.801,1000,1,1,,,0
LTE,605,2,137,11589133,0,10.27,36.801,1000,1,1,,,0
UMTS,605,3,2164,794878,0,10.265,36.801,1000,1,1,,,0
UMTS,605,2,137,314852,0,10.27,36.801,1000,1,1,,,0
LTE,605,3,4164,3098371,0,10.272,36.801,1000,1,1,,,0
LTE,605,3,4164,3098381,0,10.274,36.801,1000,1,1,,,0
UMTS,605,1,10004,75942,0,10.274,36.801,1000,1,1,,,0
GSM,605,1,10004,10082,0,10.266,36.802,1347,1,1,,,0
GSM,605,1,10005,10453,0,10.27,36.802,4200,1,1,,,0
GSM,605,3,1108,11141,0,10.275,36.802,1130,1,1,,,0
GSM,605,3,1494,11003,0,10.272,36.802,1000,1,1,,,0
GSM,605,1,10004,10081,0,10.265,36.802,1000,1,1,,,0
GSM,605,2,411,52701,0,10.272,36.803,1000,1,1,,,0
GSM,605,3,1108,11009,0,10.272,36.803,1000,1,1,,,0
GSM,605,3,1108,11147,0,10.272,36.803,1646,1,1,,,0
GSM,605,3,1494,11142,0,10.266,36.803,1000,1,1,,,0
GSM,605,1,10004,10406,0,10.268,36.804,1000,1,1,,,0
GSM,605,1,10004,10084,0,10.268,36.804,1000,1,1,,,0
GSM,605,3,1108,11003,0,10.272,36.804,1000,1,1,,,0
GSM,605,2,411,52706,0,10.268,36.804,1000,1,1,,,0
GSM,605,2,411,56413,0,10.27,36.804,1000,1,1,,,0
GSM,605,3,1494,11148,0,10.266,36.804,1000,1,1,,,0
GSM,605,2,411,58822,0,10.264,36.805,1000,1,1,,,0
GSM,605,1,10005,10281,0,10.266,36.805,1000,1,1,,,0
GSM,605,2,401,52706,0,10.267,36.805,1000,1,1,,,0
GSM,605,3,1493,18491,0,10.264,36.805,1000,1,1,,,0
GSM,605,3,1108,17793,0,10.275,36.805,1362,1,1,,,0
GSM,605,1,10004,2494,0,10.267,36.805,1000,1,1,,,0
UMTS,605,3,2165,788634,0,10.264,36.805,1000,1,1,,,0
GSM,605,2,411,58821,0,10.267,36.806,1000,1,1,,,0
GSM,605,1,10004,10403,0,10.268,36.807,2296,1,1,,,0
GSM,605,1,10004,2324,0,10.266,36.807,1000,1,1,,,0
GSM,605,3,1493,11641,0,10.268,36.807,1000,1,1,,,0
GSM,605,3,1494,17799,0,10.268,36.807,1000,1,1,,,0
UMTS,605,1,10004,68033,0,10.267,36.808,1000,1,1,,,0
UMTS,605,1,10004,86676,0,10.28,36.797,1000,1,1,,,0
UMTS,605,1,10005,76197,0,10.283,36.797,2325,1,1,,,0
GSM,605,3,1108,12241,0,10.278,36.799,1000,1,1,,,0
UMTS,605,1,10004,75938,0,10.279,36.799,1000,1,1,,,0
GSM,605,3,1108,12247,0,10.279,36.8,1000,1,1,,,0
GSM,605,3,1494,11001,0,10.277,36.8,1000,1,1,,,0
UMTS,605,1,10004,75939,0,10.276,36.801,1151,1,1,,,0
UMTS,605,2,137,266638,0,10.282,36.801,7961,1,1,,,0
LTE,605,2,137,11589141,0,10.278,36.802,1000,1,1,,,0
LTE,605,2,137,11684109,0,10.279,36.802,1000,1,1,,,0
GSM,605,2,401,50631,0,10.28,36.802,1106,1,1,,,0
GSM,605,3,1108,11002,0,10.281,36.802,1000,1,1,,,0
GSM,605,1,10004,10391,0,10.281,36.802,1000,1,1,,,0
GSM,605,1,10004,652,0,10.281,36.802,1000,1,1,,,0
UMTS,605,2,137,318561,0,10.288,36.805,1000,1,1,,,0
UMTS,605,2,137,264845,0,10.279,36.807,1000,1,1,,,0
GSM,605,2,401,50634,0,10.281,36.807,1000,1,1,,,0
GSM,605,1,10004,10402,0,10.277,36.807,3027,1,1,,,0
GSM,605,3,1480,10328,0,10.301,36.804,3184,1,1,,,0
GSM,605,3,1494,18488,0,10.311,36.805,1000,1,1,,,0
GSM,605,3,1108,18487,0,10.31,36.806,1584,1,1,,,0
GSM,605,3,1494,18489,0,10.303,36.808,1000,1,1,,,0
UMTS,605,1,10004,67654,0,10.322,36.804,1565,1,1,,,0
UMTS,605,3,2154,162813,0,10.32,36.808,1000,1,1,,,0
UMTS,605,3,2156,227670,0,10.121,36.808,1000,1,1,,,0
UMTS,605,3,2156,227270,0,10.123,36.809,1000,1,1,,,0
UMTS,605,1,10011,7275030,0,10.126,36.809,1000,1,1,,,0
UMTS,605,1,10017,7276407,0,10.131,36.809,1000,1,1,,,0
UMTS,605,1,10017,7277556,0,10.131,36.809,1000,1,1,,,0
UMTS,605,2,1020,853929,0,10.125,36.809,1000,1,1,,,0
UMTS,605,3,2100,656027,0,10.124,36.809,1000,1,1,,,0
UMTS,605,1,10017,7276413,0,10.129,36.809,1000,1,1,,,0
UMTS,605,3,2100,656029,0,10.122,36.81,1000,1,1,,,0
UMTS,605,2,1020,853933,0,10.123,36.81,1000,1,1,,,0
LTE,605,3,4100,3903757,0,10.13,36.81,1000,1,1,,,0
LTE,605,2,136,11553282,0,10.12,36.81,1000,1,1,,,0
GSM,605,2,418,56953,0,10.123,36.81,1000,1,1,,,0
LTE,605,3,4100,3868685,0,10.124,36.81,1000,1,1,,,0
UMTS,605,3,2106,197270,0,10.126,36.81,1000,1,1,,,0
UMTS,605,3,2106,197271,0,10.121,36.81,1000,1,1,,,0
UMTS,605,2,250,203561,0,10.121,36.81,1000,1,1,,,0
GSM,605,2,418,51963,0,10.12,36.81,1000,1,1,,,0
GSM,605,3,1143,15561,0,10.12,36.81,1000,1,1,,,0
GSM,605,1,10014,8353,0,10.12,36.81,1000,1,1,,,0
LTE,605,2,136,11528972,0,10.12,36.81,1000,1,1,,,0
GSM,605,3,1143,16761,0,10.12,36.81,1000,1,1,,,0
UMTS,605,2,1020,203561,0,10.12,36.81,1000,1,1,,,0
UMTS,605,3,2100,656022,0,10.123,36.81,1000,1,1,,,0
LTE,605,2,1020,11580173,0,10.123,36.81,1000,1,1,,,0
UMTS,605,2,1020,854321,0,10.123,36.81,1000,1,1,,,0
UMTS,605,3,2156,234409,0,10.125,36.81,1000,1,1,,,0
UMTS,605,3,2100,234409,0,10.125,36.81,1000,1,1,,,0
GSM,605,1,10011,533,0,10.125,36.81,1000,1,1,,,0
UMTS,605,2,250,203564,0,10.125,36.81,1000,1,1,,,0
UMTS,605,1,10017,7275138,0,10.126,36.81,1000,1,1,,,0
UMTS,605,3,2100,204409,0,10.126,36.81,1000,1,1,,,0
GSM,605,3,1143,15563,0,10.126,36.81,1000,1,1,,,0
GSM,605,3,1143,16003,0,10.126,36.81,1000,1,1,,,0
GSM,605,3,1143,16009,0,10.126,36.81,1000,1,1,,,0
GSM,605,3,1143,16002,0,10.126,36.81,1000,1,1,,,0
GSM,605,1,10017,2523,0,10.126,36.81,1000,1,1,,,0
UMTS,605,1,10017,7275575,0,10.126,36.81,1000,1,1,,,0
UMTS,605,2,1020,203559,0,10.126,36.81,1000,1,1,,,0
UMTS,605,3,2156,656027,0,10.129,36.81,1000,1,1,,,0
UMTS,605,3,2100,686024,0,10.129,36.81,1000,1,1,,,0
UMTS,605,2,1020,854320,0,10.129,36.81,1000,1,1,,,0
LTE,605,2,136,11553292,0,10.121,36.811,1000,1,1,,,0
UMTS,605,1,10017,7278366,0,10.121,36.811,1000,1,1,,,0
GSM,605,1,10017,1911,0,10.13,36.811,1000,1,1,,,0
UMTS,605,1,10017,7281956,0,10.121,36.811,1000,1,1,,,0
GSM,605,1,10011,12584,0,10.129,36.811,2860,1,1,,,0
UMTS,605,1,10017,7281957,0,10.12,36.811,1000,1,1,,,0
UMTS,605,3,2156,204409,0,10.125,36.811,1000,1,1,,,0
GSM,605,3,1143,16008,0,10.126,36.811,1000,1,1,,,0
GSM,605,1,10017,883,0,10.127,36.811,1000,1,1,,,0
UMTS,605,2,136,247916,0,10.123,36.811,1000,1,1,,,0
GSM,605,1,10017,1913,0,10.122,36.811,1000,1,1,,,0
GSM,605,2,418,56951,0,10.124,36.811,1000,1,1,,,0
GSM,605,1,10017,1073,0,10.128,36.811,1000,1,1,,,0
UMTS,605,3,2100,686022,0,10.123,36.811,1000,1,1,,,0
GSM,605,1,10017,1072,0,10.128,36.812,1000,1,1,,,0
GSM,605,2,418,53653,0,10.131,36.812,1000,1,1,,,0
GSM,605,2,416,51306,0,10.12,36.812,1000,1,1,,,0
UMTS,605,3,13320,656612,0,10.12,36.812,1000,1,1,,,0
UMTS,605,1,10017,7281619,0,10.12,36.812,1000,1,1,,,0
GSM,605,2,416,50482,0,10.12,36.812,1000,1,1,,,0
GSM,605,2,416,55202,0,10.12,36.812,1000,1,1,,,0
UMTS,605,3,2156,227754,0,10.12,36.812,1000,1,1,,,0
GSM,605,2,416,52552,0,10.12,36.812,1000,1,1,,,0
GSM,605,2,416,50485,0,10.12,36.812,1000,1,1,,,0
UMTS,605,1,10017,7279366,0,10.12,36.812,1000,1,1,,,0
UMTS,605,1,10022,7275623,0,10.12,36.812,1000,1,1,,,0
UMTS,605,2,250,253565,0,10.122,36.812,1000,1,1,,,0
UMTS,605,2,250,253567,0,10.122,36.812,1000,1,1,,,0
UMTS,605,2,1020,853932,0,10.122,36.812,1000,1,1,,,0
UMTS,605,2,250,203559,0,10.123,36.812,1000,1,1,,,0
UMTS,605,1,10017,7276415,0,10.123,36.812,1000,1,1,,,0
UMTS,605,1,10017,7280376,0,10.123,36.812,1000,1,1,,,0
UMTS,605,1,10017,7276412,0,10.123,36.812,1000,1,1,,,0
GSM,605,1,10017,1781,0,10.127,36.812,1000,1,1,,,0
UMTS,605,1,10017,7275571,0,10.131,36.812,1000,1,1,,,0
UMTS,605,1,10017,7281960,0,10.131,36.812,1000,1,1,,,0
UMTS,605,2,1020,853935,0,10.131,36.812,1000,1,1,,,0
GSM,605,2,418,52353,0,10.121,36.812,1000,1,1,,,0
LTE,605,1,10017,15886,0,10.121,36.813,2871,1,1,,,0
GSM,605,1,10017,7461,0,10.121,36.813,1000,1,1,,,0
LTE,605,1,10017,27398,0,10.129,36.813,1000,1,1,,,0
UMTS,605,1,10017,7280256,0,10.12,36.813,1000,1,1,,,0
GSM,605,2,416,51304,0,10.122,36.813,1000,1,1,,,0
UMTS,605,3,2100,197224,0,10.122,36.813,1000,1,1,,,0
UMTS,605,3,2100,656616,0,10.122,36.813,1000,1,1,,,0
UMTS,605,1,10017,7277052,0,10.122,36.813,1000,1,1,,,0
UMTS,605,1,10017,7277054,0,10.122,36.813,1000,1,1,,,0
UMTS,605,1,10017,7277049,0,10.122,36.813,1000,1,1,,,0
UMTS,605,2,1020,854325,0,10.127,36.813,1000,1,1,,,0
UMTS,605,1,10006,27398,0,10.127,36.813,1000,1,1,,,0
UMTS,605,3,2100,656538,0,10.13,36.813,1000,1,1,,,0
UMTS,605,3,2100,656533,0,10.13,36.813,1000,1,1,,,0
UMTS,605,2,136,252887,0,10.131,36.813,1000,1,1,,,0
UMTS,605,1,10017,7275569,0,10.13,36.813,1000,1,1,,,0
LTE,605,2,136,11553302,0,10.121,36.813,1000,1,1,,,0
UMTS,605,1,10017,7275572,0,10.129,36.814,1000,1,1,,,0
UMTS,605,1,10017,7281622,0,10.121,36.814,1000,1,1,,,0
GSM,605,3,1119,18357,0,10.129,36.814,1000,1,1,,,0
UMTS,605,2,1020,854319,0,10.129,36.814,1000,1,1,,,0
UMTS,605,1,10017,7275382,0,10.127,36.814,1115,1,1,,,0
UMTS,605,2,136,247915,0,10.122,36.814,1000,1,1,,,0
LTE,605,2,1020,11580163,0,10.121,36.814,1000,1,1,,,0
GSM,605,2,416,57882,0,10.121,36.814,1000,1,1,,,0
UMTS,605,2,136,197074,0,10.121,36.814,1792,1,1,,,0
UMTS,605,3,2100,665464,0,10.121,36.814,1000,1,1,,,0
UMTS,605,3,2100,665461,0,10.121,36.814,1000,1,1,,,0
UMTS,605,3,2100,656617,0,10.122,36.814,1000,1,1,,,0
LTE,605,3,4100,3868683,0,10.123,36.814,1000,1,1,,,0
GSM,605,3,119,16001,0,10.123,36.814,1000,1,1,,,0
LTE,605,1,10017,51982,0,10.127,36.814,1000,1,1,,,0
GSM,605,2,416,56812,0,10.129,36.814,1000,1,1,,,0
UMTS,605,3,2100,655953,0,10.129,36.814,1000,1,1,,,0
GSM,605,3,1143,17993,0,10.129,36.814,1000,1,1,,,0
GSM,605,3,1143,17999,0,10.129,36.814,1000,1,1,,,0
UMTS,605,2,1020,904325,0,10.129,36.814,1000,1,1,,,0
GSM,605,3,1143,10242,0,10.129,36.814,1000,1,1,,,0
GSM,605,3,1143,17991,0,10.129,36.814,1000,1,1,,,0
GSM,605,3,1143,15569,0,10.129,36.814,1000,1,1,,,0
UMTS,605,3,2100,685958,0,10.13,36.814,1000,1,1,,,0
UMTS,605,1,10017,7275134,0,10.12,36.814,1000,1,1,,,0
UMTS,605,1,10017,7275117,0,10.121,36.814,1000,1,1,,,0
LTE,605,2,136,11553281,0,10.121,36.814,1000,1,1,,,0
UMTS,605,1,10017,7275120,0,10.125,36.814,1000,1,1,,,0
UMTS,605,3,2100,656612,0,10.123,36.815,1000,1,1,,,0
GSM,605,1,10017,1076,0,10.13,36.815,1000,1,1,,,0
UMTS,605,2,136,198567,0,10.125,36.815,1000,1,1,,,0
GSM,605,2,416,51302,0,10.123,36.815,1000,1,1,,,0
LTE,605,3,4100,3865089,0,10.122,36.815,1000,1,1,,,0
LTE,605,3,4100,3893004,0,10.122,36.815,1000,1,1,,,0
LTE,605,3,4100,3912716,0,10.121,36.815,1000,1,1,,,0
UMTS,605,1,10017,7279806,0,10.125,36.815,1000,1,1,,,0
LTE,605,2,136,11553301,0,10.122,36.815,1000,1,1,,,0
LTE,605,3,4100,4042252,0,10.122,36.816,1000,1,1,,,0
LTE,605,3,4100,3957003,0,10.126,36.816,1000,1,1,,,0
LTE,605,2,136,11528962,0,10.121,36.816,1000,1,1,,,0
UMTS,605,1,10017,7277051,0,10.129,36.816,1000,1,1,,,0
LTE,605,2,240,11584002,0,10.122,36.816,1000,1,1,,,0
UMTS,605,2,136,254496,0,10.122,36.816,1000,1,1,,,0
UMTS,605,2,136,204490,0,10.122,36.816,1000,1,1,,,0
UMTS,605,2,136,197912,0,10.123,36.816,1000,1,1,,,0
UMTS,605,3,2100,656382,0,10.123,36.816,1000,1,1,,,0
UMTS,605,3,2100,686023,0,10.123,36.816,1000,1,1,,,0
UMTS,605,1,10017,7276535,0,10.125,36.816,1000,1,1,,,0
UMTS,605,3,2100,656021,0,10.125,36.816,1000,1,1,,,0
UMTS,605,3,2100,655958,0,10.127,36.816,1000,1,1,,,0
UMTS,605,1,10017,7276532,0,10.129,36.816,1000,1,1,,,0
GSM,605,2,418,52351,0,10.128,36.816,1154,1,1,,,0
LTE,605,2,136,11569932,0,10.129,36.816,1000,1,1,,,0
UMTS,605,3,2100,656672,0,10.125,36.816,1127,1,1,,,0
LTE,605,1,10017,65288,0,10.127,36.816,1000,1,1,,,0
LTE,605,1,10017,51977,0,10.127,36.816,1000,1,1,,,0
GSM,605,2,416,51953,0,10.128,36.816,1966,1,1,,,0
LTE,605,2,136,11553291,0,10.123,36.816,1000,1,1,,,0
GSM,605,1,10017,2033,0,10.124,36.816,1000,1,1,,,0
GSM,605,3,1143,17322,0,10.123,36.817,1000,1,1,,,0
GSM,605,3,1143,17309,0,10.124,36.817,1000,1,1,,,0
UMTS,605,1,10017,7276529,0,10.127,36.817,1000,1,1,,,0
LTE,605,1,10017,65285,0,10.127,36.817,1000,1,1,,,0
LTE,605,1,10017,51971,0,10.127,36.817,1000,1,1,,,0
LTE,605,3,4102,3868683,0,10.123,36.817,1000,1,1,,,0
GSM,605,2,416,51301,0,10.126,36.817,1000,1,1,,,0
LTE,605,1,10017,65385,0,10.127,36.817,1000,1,1,,,0
LTE,605,1,10017,51974,0,10.125,36.817,3144,1,1,,,0
LTE,605,3,4102,3912716,0,10.124,36.817,1000,1,1,,,0
UMTS,605,2,136,197909,0,10.123,36.817,1000,1,1,,,0
UMTS,605,2,136,248567,0,10.126,36.817,1000,1,1,,,0
UMTS,605,1,10017,7275556,0,10.127,36.817,2111,1,1,,,0
UMTS,605,3,2100,656611,0,10.12,36.817,1000,1,1,,,0
GSM,605,3,103,17322,0,10.125,36.817,1000,1,1,,,0
UMTS,605,3,2100,656387,0,10.125,36.817,1000,1,1,,,0
LTE,605,2,1020,11580171,0,10.125,36.817,1000,1,1,,,0
GSM,605,3,1143,17303,0,10.126,36.817,1000,1,1,,,0
UMTS,605,2,136,248967,0,10.126,36.817,1000,1,1,,,0
UMTS,605,2,136,904327,0,10.126,36.817,1000,1,1,,,0
UMTS,605,3,2100,656026,0,10.126,36.817,1000,1,1,,,0
UMTS,605,2,136,854319,0,10.126,36.817,1000,1,1,,,0
UMTS,605,2,1020,198567,0,10.126,36.817,1000,1,1,,,0
UMTS,605,1,10016,27398,0,10.127,36.817,1000,1,1,,,0
UMTS,605,2,136,202000,0,10.13,36.817,1000,1,1,,,0
LTE,605,2,1020,11580161,0,10.126,36.818,1000,1,1,,,0
LTE,605,2,136,11694348,0,10.126,36.818,1000,1,1,,,0
LTE,605,2,136,11569943,0,10.127,36.818,1000,1,1,,,0
UMTS,605,1,10017,7277496,0,10.127,36.818,1000,1,1,,,0
LTE,605,3,4100,3919885,0,10.128,36.818,1000,1,1,,,0
GSM,605,3,103,17303,0,10.126,36.819,1000,1,1,,,0
UMTS,605,2,136,198564,0,10.127,36.819,1000,1,1,,,0
UMTS,605,2,136,247077,0,10.127,36.819,1000,1,1,,,0
UMTS,605,2,136,197915,0,10.127,36.819,1000,1,1,,,0
UMTS,605,3,2100,686673,0,10.127,36.819,1000,1,1,,,0
UMTS,605,1,10017,7276530,0,10.129,36.819,1000,1,1,,,0
UMTS,605,2,136,252007,0,10.129,36.819,1000,1,1,,,0
UMTS,605,2,250,197589,0,10.129,36.819,1000,1,1,,,0
UMTS,605,3,2100,695464,0,10.129,36.819,1000,1,1,,,0
UMTS,605,1,10017,7276527,0,10.13,36.819,1000,1,1,,,0
UMTS,605,1,10017,7276686,0,10.13,36.819,1000,1,1,,,0
UMTS,605,3,2100,686672,0,10.13,36.819,1000,1,1,,,0
GSM,605,1,10017,2036,0,10.125,36.819,1000,1,1,,,0
UMTS,605,1,10017,7281467,0,10.125,36.819,1000,1,1,,,0
UMTS,605,2,136,198561,0,10.128,36.819,1000,1,1,,,0
LTE,605,3,4100,3919884,0,10.13,36.819,1000,1,1,,,0
UMTS,605,1,10017,7281466,0,10.125,36.819,1000,1,1,,,0
GSM,605,2,416,51954,0,10.131,36.819,1000,1,1,,,0
GSM,605,3,1485,17302,0,10.131,36.819,1000,1,1,,,0
GSM,605,3,1485,18048,0,10.132,36.819,1000,1,1,,,0
GSM,605,3,1485,17308,0,10.132,36.819,1000,1,1,,,0
LTE,605,1,10017,16145,0,10.124,36.82,1000,1,1,,,0
LTE,605,1,10017,16142,0,10.124,36.82,1000,1,1,,,0
GSM,605,1,10017,632,0,10.12,36.82,1000,1,1,,,0
GSM,605,3,1143,17591,0,10.123,36.82,1000,1,1,,,0
LTE,605,2,136,11546626,0,10.125,36.82,1000,1,1,,,0
UMTS,605,1,10017,7276528,0,10.13,36.82,1000,1,1,,,0
GSM,605,1,10017,633,0,10.122,36.82,1000,1,1,,,0
GSM,605,3,103,15729,0,10.125,36.82,1000,1,1,,,0
UMTS,605,1,10011,7287146,0,10.13,36.82,1000,1,1,,,0
GSM,605,3,1116,10824,0,10.131,36.82,1000,1,1,,,0
LTE,605,1,10017,51973,0,10.131,36.82,1000,1,1,,,0
LTE,605,3,4100,3941901,0,10.137,36.808,1000,1,1,,,0
GSM,605,1,10017,1093,0,10.136,36.808,1000,1,1,,,0
UMTS,605,2,1020,852057,0,10.136,36.808,1000,1,1,,,0
UMTS,605,1,2100,656418,0,10.144,36.808,1000,1,1,,,0
UMTS,605,2,1020,902057,0,10.135,36.808,1120,1,1,,,0
LTE,605,3,4100,3941900,0,10.142,36.808,1000,1,1,,,0
UMTS,605,2,1020,855623,0,10.14,36.808,1000,1,1,,,0
UMTS,605,1,10017,7276431,0,10.143,36.808,1000,1,1,,,0
UMTS,605,3,2100,656526,0,10.142,36.808,1000,1,1,,,0
LTE,605,2,1020,11697941,0,10.134,36.808,1000,1,1,,,0
LTE,605,3,4100,3941890,0,10.138,36.809,1000,1,1,,,0
GSM,605,3,119,17083,0,10.137,36.809,1000,1,1,,,0
GSM,605,3,119,15267,0,10.133,36.809,1000,1,1,,,0
UMTS,605,1,10017,7276410,0,10.133,36.809,1000,1,1,,,0
UMTS,605,2,136,196694,0,10.133,36.809,1000,1,1,,,0
UMTS,605,2,250,203560,0,10.133,36.809,1000,1,1,,,0
GSM,605,3,119,15261,0,10.134,36.809,1000,1,1,,,0
UMTS,605,3,2100,817469,0,10.134,36.809,1000,1,1,,,0
GSM,605,3,1119,17973,0,10.137,36.809,1000,1,1,,,0
UMTS,605,1,10017,7280636,0,10.137,36.809,1000,1,1,,,0
LTE,605,1,10017,27908,0,10.137,36.809,1000,1,1,,,0
UMTS,605,2,136,200263,0,10.138,36.809,1000,1,1,,,0
UMTS,605,2,136,196693,0,10.141,36.809,1000,1,1,,,0
UMTS,605,1,10017,7276428,0,10.142,36.809,1000,1,1,,,0
UMTS,605,1,10017,7276566,0,10.142,36.809,1000,1,1,,,0
GSM,605,2,418,52343,0,10.144,36.809,1000,1,1,,,0
GSM,605,2,418,50081,0,10.144,36.809,1000,1,1,,,0
UMTS,605,1,10017,7275577,0,10.144,36.809,1000,1,1,,,0
UMTS,605,3,2100,656527,0,10.144,36.809,1000,1,1,,,0
UMTS,605,3,2106,227069,0,10.132,36.809,1000,1,1,,,0
UMTS,605,2,1020,852054,0,10.137,36.809,1000,1,1,,,0
UMTS,605,2,1020,855626,0,10.141,36.809,1000,1,1,,,0
LTE,605,1,10017,70158,0,10.133,36.809,1000,1,1,,,0
GSM,605,3,119,16002,0,10.137,36.809,1000,1,1,,,0
GSM,605,3,119,15577,0,10.137,36.809,1000,1,1,,,0
GSM,605,3,1119,15261,0,10.132,36.809,1000,1,1,,,0
UMTS,605,2,1020,855620,0,10.14,36.809,1000,1,1,,,0
GSM,605,3,1119,17081,0,10.142,36.809,1000,1,1,,,0
UMTS,605,3,2106,197069,0,10.133,36.81,1000,1,1,,,0
UMTS,605,1,10011,7275590,0,10.139,36.81,1000,1,1,,,0
UMTS,605,3,2100,655821,0,10.134,36.81,1000,1,1,,,0
GSM,605,3,1119,17971,0,10.139,36.81,1000,1,1,,,0
UMTS,605,3,2100,686801,0,10.14,36.81,1000,1,1,,,0
GSM,605,3,1119,17977,0,10.14,36.81,1000,1,1,,,0
UMTS,605,2,136,196691,0,10.133,36.81,1000,1,1,,,0
UMTS,605,1,10017,7276432,0,10.137,36.81,1000,1,1,,,0
GSM,605,3,1116,15643,0,10.137,36.81,1000,1,1,,,0
UMTS,605,1,10017,7275590,0,10.138,36.81,1000,1,1,,,0
UMTS,605,1,10011,7276429,0,10.14,36.81,1000,1,1,,,0
UMTS,605,1,10011,7275028,0,10.14,36.81,1000,1,1,,,0
UMTS,605,2,136,200264,0,10.14,36.81,1000,1,1,,,0
UMTS,605,3,2100,656806,0,10.14,36.81,1000,1,1,,,0
UMTS,605,3,2100,686523,0,10.141,36.81,1000,1,1,,,0
GSM,605,1,10017,1933,0,10.142,36.81,1000,1,1,,,0
UMTS,605,2,136,248956,0,10.144,36.81,1000,1,1,,,0
UMTS,605,1,10011,7276428,0,10.14,36.81,1000,1,1,,,0
UMTS,605,1,10011,7276432,0,10.14,36.81,1000,1,1,,,0
GSM,605,3,1119,15267,0,10.133,36.811,1000,1,1,,,0
UMTS,605,3,2100,686532,0,10.139,36.811,1000,1,1,,,0
GSM,605,1,10017,1931,0,10.136,36.811,1000,1,1,,,0
GSM,605,3,103,15649,0,10.14,36.811,1000,1,1,,,0
UMTS,605,3,2106,198049,0,10.142,36.811,1000,1,1,,,0
UMTS,605,3,2100,685942,0,10.143,36.811,1000,1,1,,,0
UMTS,605,3,2100,688827,0,10.143,36.811,1000,1,1,,,0
LTE,605,3,4100,3864835,0,10.142,36.811,1000,1,1,,,0
GSM,605,2,418,50084,0,10.143,36.811,1000,1,1,,,0
GSM,605,2,418,53651,0,10.144,36.812,1000,1,1,,,0
UMTS,605,3,2100,685943,0,10.142,36.812,1000,1,1,,,0
UMTS,605,3,418,53653,0,10.137,36.812,1000,1,1,,,0
GSM,605,1,10017,1075,0,10.135,36.812,1000,1,1,,,0
UMTS,605,3,2106,197780,0,10.135,36.812,1000,1,1,,,0
GSM,605,3,1143,17998,0,10.138,36.812,1000,1,1,,,0
UMTS,605,3,2100,655948,0,10.142,36.812,1000,1,1,,,0
UMTS,605,1,10011,7276427,0,10.143,36.812,1000,1,1,,,0
UMTS,605,3,2106,197781,0,10.133,36.812,1000,1,1,,,0
GSM,605,2,418,54276,0,10.134,36.812,1000,1,1,,,0
UMTS,605,2,1020,854323,0,10.137,36.812,1000,1,1,,,0
UMTS,605,1,10017,7276429,0,10.138,36.812,1000,1,1,,,0
UMTS,605,2,136,246695,0,10.138,36.812,1000,1,1,,,0
UMTS,605,2,1020,855621,0,10.138,36.812,1000,1,1,,,0
UMTS,605,2,1020,852049,0,10.138,36.812,1000,1,1,,,0
UMTS,605,2,136,206009,0,10.14,36.812,1000,1,1,,,0
UMTS,605,2,1020,855619,0,10.14,36.812,1000,1,1,,,0
UMTS,605,2,136,200261,0,10.141,36.812,1000,1,1,,,0
LTE,605,1,10017,49414,0,10.141,36.812,1000,1,1,,,0
UMTS,605,2,136,196692,0,10.142,36.812,1000,1,1,,,0
UMTS,605,2,1020,852052,0,10.144,36.812,1000,1,1,,,0
UMTS,605,1,10017,7276430,0,10.144,36.812,1000,1,1,,,0
UMTS,605,1,10017,7276433,0,10.143,36.812,1000,1,1,,,0
GSM,605,3,103,15562,0,10.137,36.812,1000,1,1,,,0
UMTS,605,3,2100,656537,0,10.136,36.812,1000,1,1,,,0
UMTS,605,1,10017,7281470,0,10.139,36.812,1000,1,1,,,0
UMTS,605,3,2100,655943,0,10.144,36.812,1000,1,1,,,0
UMTS,605,3,2100,686537,0,10.136,36.812,1000,1,1,,,0
UMTS,605,3,2100,656532,0,10.135,36.813,1000,1,1,,,0
LTE,605,1,10017,27397,0,10.132,36.813,1000,1,1,,,0
GSM,605,3,103,15568,0,10.137,36.813,1000,1,1,,,0
UMTS,605,2,136,252886,0,10.136,36.813,1000,1,1,,,0
UMTS,605,1,10017,7275568,0,10.136,36.813,1000,1,1,,,0
GSM,605,2,416,56272,0,10.137,36.813,1000,1,1,,,0
UMTS,605,3,2100,686531,0,10.137,36.813,1000,1,1,,,0
UMTS,605,3,2100,656536,0,10.137,36.813,1000,1,1,,,0
GSM,605,3,1143,15568,0,10.137,36.813,1000,1,1,,,0
GSM,605,2,416,56271,0,10.137,36.813,1000,1,1,,,0
UMTS,605,2,1020,905627,0,10.137,36.813,1000,1,1,,,0
UMTS,605,2,136,202886,0,10.137,36.813,1000,1,1,,,0
UMTS,605,2,136,200884,0,10.14,36.813,1000,1,1,,,0
UMTS,605,2,136,200880,0,10.144,36.813,1000,1,1,,,0
GSM,605,3,1143,17992,0,10.135,36.813,1000,1,1,,,0
UMTS,605,1,10017,7276586,0,10.143,36.813,1000,1,1,,,0
UMTS,605,3,2100,686536,0,10.133,36.814,1000,1,1,,,0
GSM,605,3,1116,15641,0,10.142,36.814,1000,1,1,,,0
UMTS,605,2,136,196689,0,10.138,36.814,1000,1,1,,,0
GSM,605,1,10017,1786,0,10.14,36.814,1000,1,1,,,0
UMTS,605,3,2100,686557,0,10.14,36.814,1000,1,1,,,0
UMTS,605,2,136,253435,0,10.14,36.814,1000,1,1,,,0
GSM,605,3,1116,17218,0,10.14,36.814,1000,1,1,,,0
UMTS,605,3,2119,197800,0,10.144,36.814,1000,1,1,,,0
UMTS,605,3,2119,197189,0,10.144,36.814,1000,1,1,,,0
UMTS,605,3,2119,197191,0,10.144,36.814,1000,1,1,,,0
GSM,605,3,1116,15647,0,10.144,36.814,1000,1,1,,,0
UMTS,605,2,136,200882,0,10.144,36.814,1000,1,1,,,0
UMTS,605,2,1020,857363,0,10.144,36.815,1000,1,1,,,0
UMTS,605,3,2100,655952,0,10.134,36.816,1000,1,1,,,0
UMTS,605,2,136,202882,0,10.136,36.816,1000,1,1,,,0
UMTS,605,2,136,202883,0,10.138,36.816,1000,1,1,,,0
UMTS,605,2,136,200883,0,10.141,36.816,1000,1,1,,,0
UMTS,605,3,2100,686552,0,10.144,36.816,1000,1,1,,,0
GSM,605,2,418,54273,0,10.144,36.816,1000,1,1,,,0
GSM,605,3,1116,17212,0,10.144,36.816,1000,1,1,,,0
UMTS,605,2,1020,856242,0,10.144,36.816,1000,1,1,,,0
LTE,605,3,1604,605712,0,10.143,36.816,1000,1,1,,,0
UMTS,605,3,2100,658822,0,10.143,36.817,1000,1,1,,,0
LTE,605,1,10017,45570,0,10.143,36.817,1000,1,1,,,0
UMTS,605,3,2100,656557,0,10.143,36.817,1000,1,1,,,0
UMTS,605,3,2100,661323,0,10.144,36.817,1065,1,1,,,0
UMTS,605,2,1020,854315,0,10.143,36.817,1000,1,1,,,0
UMTS,605,1,10017,7276280,0,10.142,36.817,1000,1,1,,,0
GSM,605,2,418,54272,0,10.142,36.817,1000,1,1,,,0
UMTS,605,1,10011,7276278,0,10.144,36.817,1000,1,1,,,0
UMTS,605,2,1020,856239,0,10.144,36.817,1000,1,1,,,0
UMTS,605,3,2100,686558,0,10.143,36.817,1000,1,1,,,0
UMTS,605,3,2100,695467,0,10.143,36.817,1000,1,1,,,0
UMTS,605,1,2100,883,0,10.143,36.817,1000,1,1,,,0
UMTS,605,1,2100,1785,0,10.143,36.817,1000,1,1,,,0
UMTS,605,3,2100,656552,0,10.144,36.818,1177,1,1,,,0
LTE,605,1,10017,45571,0,10.142,36.818,1000,1,1,,,0
UMTS,605,2,4100,3865100,0,10.136,36.818,1000,1,1,,,0
LTE,605,3,4100,3865100,0,10.136,36.818,1000,1,1,,,0
LTE,605,2,1020,11657986,0,10.142,36.818,1000,1,1,,,0
LTE,605,3,4100,3906839,0,10.142,36.818,1000,1,1,,,0
UMTS,605,3,2100,655941,0,10.14,36.819,1000,1,1,,,0
UMTS,605,1,10017,7277019,0,10.137,36.819,1000,1,1,,,0
UMTS,605,1,10017,7277022,0,10.137,36.819,1000,1,1,,,0
UMTS,605,1,10017,7275379,0,10.138,36.819,1000,1,1,,,0
UMTS,605,3,2100,685941,0,10.138,36.819,1000,1,1,,,0
UMTS,605,1,10017,7277021,0,10.141,36.819,1000,1,1,,,0
UMTS,605,3,2100,686553,0,10.141,36.819,1000,1,1,,,0
GSM,605,3,1143,15728,0,10.144,36.819,1000,1,1,,,0
LTE,605,1,10017,45572,0,10.141,36.819,1000,1,1,,,0
UMTS,605,3,2100,656553,0,10.141,36.819,1000,1,1,,,0
UMTS,605,1,10011,7275379,0,10.143,36.819,1000,1,1,,,0
UMTS,605,2,1020,857360,0,10.141,36.819,1000,1,1,,,0
GSM,605,2,416,51951,0,10.134,36.819,2272,1,1,,,0
LTE,605,2,1020,11531789,0,10.134,36.819,1000,1,1,,,0
UMTS,605,2,1020,857366,0,10.141,36.819,1000,1,1,,,0
UMTS,605,3,2100,656558,0,10.141,36.819,1164,1,1,,,0
LTE,605,2,136,11569941,0,10.132,36.819,1000,1,1,,,0
LTE,605,3,4156,3928332,0,10.138,36.82,1000,1,1,,,0
LTE,605,2,1020,11657996,0,10.14,36.82,1000,1,1,,,0
UMTS,605,2,136,248565,0,10.132,36.82,1000,1,1,,,0
UMTS,605,3,2100,656677,0,10.132,36.82,1000,1,1,,,0
UMTS,605,2,136,202004,0,10.133,36.82,1000,1,1,,,0
GSM,605,3,1116,10820,0,10.136,36.82,1000,1,1,,,0
GSM,605,3,1143,17308,0,10.133,36.82,1000,1,1,,,0
UMTS,605,1,10017,7277025,0,10.133,36.82,1000,1,1,,,0
UMTS,605,1,10017,7281717,0,10.133,36.82,1000,1,1,,,0
UMTS,605,1,10017,7281720,0,10.133,36.82,1000,1,1,,,0
UMTS,605,2,136,198559,0,10.133,36.82,1000,1,1,,,0
UMTS,605,2,136,198562,0,10.133,36.82,1000,1,1,,,0
UMTS,605,2,136,198565,0,10.133,36.82,1000,1,1,,,0
UMTS,605,3,2100,665468,0,10.133,36.82,1000,1,1,,,0
UMTS,605,3,2100,685951,0,10.134,36.82,1000,1,1,,,0
GSM,605,3,1116,10821,0,10.134,36.82,1000,1,1,,,0
GSM,605,1,10017,2521,0,10.136,36.82,1000,1,1,,,0
GSM,605,1,10017,7221,0,10.136,36.82,1000,1,1,,,0
UMTS,605,2,136,202001,0,10.136,36.82,1000,1,1,,,0
UMTS,605,3,2100,656413,0,10.148,36.808,1000,1,1,,,0
UMTS,605,2,136,201821,0,10.149,36.808,1000,1,1,,,0
UMTS,605,3,2119,197659,0,10.149,36.808,1000,1,1,,,0
GSM,605,1,10017,7451,0,10.149,36.808,1000,1,1,,,0
GSM,605,3,1119,17381,0,10.146,36.809,1000,1,1,,,0
LTE,605,3,4100,3897367,0,10.148,36.809,1000,1,1,,,0
UMTS,605,1,10017,7275578,0,10.145,36.809,1000,1,1,,,0
UMTS,605,2,136,248957,0,10.145,36.809,1000,1,1,,,0
GSM,605,2,418,55216,0,10.147,36.809,1000,1,1,,,0
GSM,605,2,418,52342,0,10.147,36.809,1000,1,1,,,0
UMTS,605,2,136,200260,0,10.148,36.809,1000,1,1,,,0
UMTS,605,2,136,197404,0,10.148,36.809,1000,1,1,,,0
LTE,605,3,4100,3897357,0,10.148,36.809,1000,1,1,,,0
UMTS,605,1,10017,7280576,0,10.148,36.809,1000,1,1,,,0
GSM,605,2,418,50796,0,10.149,36.809,1000,1,1,,,0
GSM,605,2,418,50082,0,10.149,36.809,1000,1,1,,,0
UMTS,605,1,10017,7281947,0,10.149,36.809,1000,1,1,,,0
GSM,605,3,1119,17059,0,10.149,36.809,1000,1,1,,,0
UMTS,605,2,1020,852767,0,10.149,36.809,1000,1,1,,,0
UMTS,605,2,134,71522,0,10.151,36.809,1000,1,1,,,0
UMTS,605,2,136,198862,0,10.151,36.809,1000,1,1,,,0
UMTS,605,2,136,201819,0,10.152,36.809,1000,1,1,,,0
UMTS,605,3,2100,686416,0,10.152,36.809,1000,1,1,,,0
UMTS,605,2,136,247406,0,10.155,36.809,1000,1,1,,,0
GSM,605,2,418,52263,0,10.155,36.809,1000,1,1,,,0
UMTS,605,2,1020,854237,0,10.155,36.809,1000,1,1,,,0
UMTS,605,2,1020,854230,0,10.155,36.809,1000,1,1,,,0
UMTS,605,2,1020,852122,0,10.155,36.809,1000,1,1,,,0
UMTS,605,2,1020,904236,0,10.155,36.809,1000,1,1,,,0
GSM,605,2,418,52266,0,10.155,36.809,1000,1,1,,,0
UMTS,605,2,1020,852119,0,10.155,36.809,1000,1,1,,,0
UMTS,605,2,1020,904237,0,10.155,36.809,1000,1,1,,,0
UMTS,605,1,10017,7276277,0,10.15,36.809,1000,1,1,,,0
GSM,605,2,418,52265,0,10.156,36.809,1000,1,1,,,0
UMTS,605,3,2100,656416,0,10.151,36.809,1000,1,1,,,0
UMTS,605,1,2100,1893,0,10.155,36.809,1000,1,1,,,0
UMTS,605,2,136,197403,0,10.156,36.809,1000,1,1,,,0
LTE,605,2,1020,11569421,0,10.155,36.81,1000,1,1,,,0
LTE,605,2,1020,11540237,0,10.153,36.81,1000,1,1,,,0
UMTS,605,3,2100,688826,0,10.154,36.81,1000,1,1,,,0
UMTS,605,3,2100,686521,0,10.145,36.81,1000,1,1,,,0
UMTS,605,2,1020,857187,0,10.147,36.81,1000,1,1,,,0
UMTS,605,2,1020,852764,0,10.152,36.81,1000,1,1,,,0
GSM,605,3,119,17057,0,10.154,36.81,1000,1,1,,,0
UMTS,605,3,2100,658826,0,10.155,36.81,1000,1,1,,,0
UMTS,605,1,10017,7276678,0,10.155,36.81,1000,1,1,,,0
LTE,605,2,1020,11540236,0,10.155,36.81,1000,1,1,,,0
UMTS,605,2,136,197400,0,10.153,36.81,1000,1,1,,,0
UMTS,605,1,10017,7276402,0,10.154,36.81,1000,1,1,,,0
UMTS,605,1,10011,7276495,0,10.147,36.81,1064,1,1,,,0
UMTS,605,2,136,198951,0,10.147,36.81,1000,1,1,,,0
UMTS,605,2,1020,857184,0,10.147,36.81,1000,1,1,,,0
UMTS,605,2,1020,854316,0,10.147,36.81,1000,1,1,,,0
UMTS,605,2,1020,854313,0,10.148,36.81,1000,1,1,,,0
GSM,605,2,418,50794,0,10.151,36.81,1000,1,1,,,0
LTE,605,2,136,11644417,0,10.151,36.81,1000,1,1,,,0
UMTS,605,3,2119,230069,0,10.152,36.81,1000,1,1,,,0
UMTS,605,1,10017,7281950,0,10.152,36.81,1000,1,1,,,0
GSM,605,1,10006,283,0,10.152,36.81,1000,1,1,,,0
UMTS,605,2,136,198853,0,10.153,36.81,1000,1,1,,,0
UMTS,605,3,2100,656411,0,10.153,36.81,1000,1,1,,,0
UMTS,605,2,1020,902766,0,10.153,36.81,1000,1,1,,,0
UMTS,605,2,1020,858180,0,10.153,36.81,1000,1,1,,,0
UMTS,605,1,10017,7274747,0,10.155,36.81,1000,1,1,,,0
UMTS,605,2,136,202820,0,10.155,36.81,1000,1,1,,,0
UMTS,605,2,135,132564,0,10.155,36.81,1000,1,1,,,0
GSM,605,2,418,52341,0,10.155,36.81,1000,1,1,,,0
GSM,605,3,1116,10828,0,10.155,36.81,1000,1,1,,,0
UMTS,605,2,1020,853837,0,10.154,36.811,3603,1,1,,,0
UMTS,605,2,136,197401,0,10.151,36.811,1000,1,1,,,0
UMTS,605,3,2100,656801,0,10.144,36.811,1000,1,1,,,0
UMTS,605,2,1020,907366,0,10.152,36.811,1289,1,1,,,0
LTE,605,3,4100,3949324,0,10.155,36.811,1000,1,1,,,0
LTE,605,1,10017,49412,0,10.147,36.812,1000,1,1,,,0
UMTS,605,2,136,197402,0,10.153,36.812,1000,1,1,,,0
LTE,605,3,4100,3907087,0,10.151,36.812,1000,1,1,,,0
UMTS,605,3,2100,658827,0,10.148,36.812,1000,1,1,,,0
UMTS,605,2,1020,908186,0,10.154,36.812,1000,1,1,,,0
UMTS,605,2,136,198949,0,10.145,36.812,1000,1,1,,,0
UMTS,605,2,136,247407,0,10.145,36.812,1000,1,1,,,0
UMTS,605,3,2100,658821,0,10.152,36.812,1000,1,1,,,0
UMTS,605,1,10011,7287567,0,10.153,36.812,1000,1,1,,,0
UMTS,605,2,1020,852759,0,10.156,36.812,1000,1,1,,,0
GSM,605,3,1119,17387,0,10.15,36.812,1135,1,1,,,0
UMTS,605,3,2100,658823,0,10.152,36.812,2359,1,1,,,0
UMTS,605,1,10017,7276435,0,10.145,36.812,1000,1,1,,,0
UMTS,605,3,2100,688822,0,10.147,36.812,1000,1,1,,,0
UMTS,605,2,1020,902765,0,10.155,36.813,1000,1,1,,,0
LTE,605,3,4100,3906837,0,10.145,36.813,1000,1,1,,,0
UMTS,605,3,2106,197190,0,10.145,36.813,1000,1,1,,,0
UMTS,605,1,10017,7276427,0,10.144,36.813,1000,1,1,,,0
LTE,605,3,4100,3907094,0,10.145,36.813,1000,1,1,,,0
UMTS,605,2,136,198955,0,10.145,36.813,1000,1,1,,,0
UMTS,605,2,1020,854309,0,10.145,36.813,1000,1,1,,,0
UMTS,605,2,1020,854314,0,10.145,36.813,1000,1,1,,,0
UMTS,605,2,1020,854312,0,10.145,36.813,1000,1,1,,,0
UMTS,605,2,136,248955,0,10.147,36.813,1000,1,1,,,0
GSM,605,2,418,50791,0,10.153,36.813,1000,1,1,,,0
UMTS,605,3,2100,658828,0,10.153,36.813,1000,1,1,,,0
UMTS,605,1,10017,7281567,0,10.145,36.813,1652,1,1,,,0
GSM,605,3,103,15648,0,10.147,36.813,1000,1,1,,,0
UMTS,605,3,2106,197799,0,10.148,36.813,1000,1,1,,,0
UMTS,605,3,2100,665793,0,10.155,36.813,1000,1,1,,,0
UMTS,605,3,2100,655947,0,10.146,36.813,1000,1,1,,,0
LTE,605,3,4100,3897365,0,10.146,36.813,1000,1,1,,,0
LTE,605,3,4100,3907074,0,10.149,36.814,1000,1,1,,,0
UMTS,605,2,136,198952,0,10.149,36.814,1000,1,1,,,0
UMTS,605,3,2100,655942,0,10.146,36.814,1000,1,1,,,0
UMTS,605,2,1020,852762,0,10.155,36.814,1000,1,1,,,0
GSM,605,3,1489,15277,0,10.155,36.814,1000,1,1,,,0
UMTS,605,1,10017,7280076,0,10.151,36.814,1319,1,1,,,0
UMTS,605,3,2100,691323,0,10.148,36.814,1000,1,1,,,0
GSM,605,1,10006,1893,0,10.151,36.814,2466,1,1,,,0
LTE,605,3,4100,3949334,0,10.155,36.814,1000,1,1,,,0
UMTS,605,3,2100,686411,0,10.152,36.814,1000,1,1,,,0
LTE,605,3,4100,3897355,0,10.153,36.814,1000,1,1,,,0
LTE,605,3,4100,3907093,0,10.155,36.814,1000,1,1,,,0
GSM,605,1,10017,55813,0,10.153,36.814,1000,1,1,,,0
GSM,605,1,10017,9989,0,10.153,36.814,1000,1,1,,,0
LTE,605,2,1020,11528461,0,10.155,36.814,1000,1,1,,,0
UMTS,605,1,10017,7280086,0,10.147,36.814,1000,1,1,,,0
UMTS,605,1,10017,7276376,0,10.147,36.814,1000,1,1,,,0
GSM,605,1,10017,2183,0,10.148,36.814,1000,1,1,,,0
UMTS,605,1,10011,7276281,0,10.149,36.814,1000,1,1,,,0
UMTS,605,2,1020,908187,0,10.149,36.814,1000,1,1,,,0
GSM,605,3,103,17102,0,10.151,36.814,1000,1,1,,,0
UMTS,605,1,10011,7276680,0,10.151,36.814,1000,1,1,,,0
UMTS,605,3,2100,661327,0,10.151,36.814,1000,1,1,,,0
GSM,605,2,418,51425,0,10.153,36.814,1000,1,1,,,0
UMTS,605,2,136,196941,0,10.155,36.814,1000,1,1,,,0
UMTS,605,2,1020,852304,0,10.155,36.814,1000,1,1,,,0
LTE,605,1,10017,9475,0,10.155,36.814,1000,1,1,,,0
UMTS,605,2,1020,902307,0,10.155,36.814,1000,1,1,,,0
UMTS,605,2,1020,858187,0,10.148,36.814,1000,1,1,,,0
UMTS,605,2,1020,858184,0,10.15,36.814,1000,1,1,,,0
LTE,605,2,1020,11528451,0,10.153,36.814,1000,1,1,,,0
UMTS,605,3,2100,661322,0,10.155,36.814,1000,1,1,,,0
UMTS,605,3,2106,202570,0,10.155,36.814,1000,1,1,,,0
UMTS,605,3,2100,655946,0,10.145,36.815,1000,1,1,,,0
GSM,605,1,10017,55812,0,10.153,36.815,1000,1,1,,,0
LTE,605,1,10017,55814,0,10.151,36.815,1000,1,1,,,0
LTE,605,3,4100,3907075,0,10.151,36.815,1000,1,1,,,0
UMTS,605,3,2106,200071,0,10.152,36.815,1000,1,1,,,0
UMTS,605,2,136,196944,0,10.152,36.815,1000,1,1,,,0
GSM,605,3,103,17383,0,10.152,36.815,1000,1,1,,,0
UMTS,605,2,1020,903396,0,10.154,36.815,1000,1,1,,,0
UMTS,605,3,2100,656551,0,10.147,36.815,1000,1,1,,,0
LTE,605,1,10017,45573,0,10.145,36.815,1000,1,1,,,0
LTE,605,3,4100,3907085,0,10.152,36.815,1000,1,1,,,0
GSM,605,3,1489,17381,0,10.155,36.815,1000,1,1,,,0
LTE,605,2,1020,11592715,0,10.155,36.815,1349,1,1,,,0
UMTS,605,3,2100,656556,0,10.145,36.815,1000,1,1,,,0
UMTS,605,2,136,200879,0,10.145,36.815,1000,1,1,,,0
GSM,605,2,418,50336,0,10.147,36.815,1000,1,1,,,0
LTE,605,2,1020,11579905,0,10.148,36.815,1000,1,1,,,0
UMTS,605,2,136,197399,0,10.153,36.815,1000,1,1,,,0
GSM,605,3,1116,17102,0,10.155,36.815,1000,1,1,,,0
UMTS,605,3,2100,686551,0,10.146,36.815,1000,1,1,,,0
GSM,605,3,1119,17051,0,10.15,36.815,1322,1,1,,,0
UMTS,605,3,2100,688823,0,10.154,36.816,1000,1,1,,,0
GSM,605,3,1489,17057,0,10.154,36.816,1000,1,1,,,0
UMTS,605,2,1020,856245,0,10.145,36.816,1000,1,1,,,0
UMTS,605,1,10017,7276281,0,10.147,36.816,1000,1,1,,,0
UMTS,605,2,1020,11522049,0,10.147,36.816,1000,1,1,,,0
LTE,605,2,1020,11629313,0,10.147,36.816,1000,1,1,,,0
UMTS,605,2,1020,906245,0,10.147,36.816,1000,1,1,,,0
GSM,605,2,418,54275,0,10.148,36.816,1000,1,1,,,0
GSM,605,2,418,56213,0,10.148,36.816,1000,1,1,,,0
GSM,605,2,418,56212,0,10.148,36.816,1000,1,1,,,0
GSM,605,2,418,50333,0,10.148,36.816,1000,1,1,,,0
UMTS,605,2,1020,858182,0,10.153,36.816,1000,1,1,,,0
UMTS,605,2,136,198033,0,10.154,36.816,1206,1,1,,,0
GSM,605,3,1489,17051,0,10.154,36.816,1000,1,1,,,0
UMTS,605,3,2100,661328,0,10.146,36.816,1000,1,1,,,0
UMTS,605,2,1020,852765,0,10.154,36.816,1000,1,1,,,0
UMTS,605,2,240,134987,0,10.156,36.816,1000,1,1,,,0
UMTS,605,2,1020,853391,0,10.153,36.817,1000,1,1,,,0
UMTS,605,3,2100,665458,0,10.153,36.817,1745,1,1,,,0
UMTS,605,2,1020,908185,0,10.153,36.817,1000,1,1,,,0
GSM,605,2,418,54271,0,10.145,36.817,1000,1,1,,,0
GSM,605,2,418,54274,0,10.145,36.817,1000,1,1,,,0
UMTS,605,3,2100,691321,0,10.147,36.817,1000,1,1,,,0
UMTS,605,3,2100,661326,0,10.146,36.817,1000,1,1,,,0
GSM,605,3,1489,16718,0,10.153,36.817,1000,1,1,,,0
UMTS,605,3,2100,661321,0,10.146,36.817,1000,1,1,,,0
UMTS,605,1,10017,7274891,0,10.152,36.817,1000,1,1,,,0
UMTS,605,2,136,198540,0,10.153,36.817,1000,1,1,,,0
LTE,605,3,4100,4004098,0,10.153,36.818,1000,1,1,,,0
GSM,605,3,1489,11874,0,10.152,36.818,1000,1,1,,,0
LTE,605,2,1020,11702541,0,10.152,36.818,1000,1,1,,,0
LTE,605,2,1020,11540235,0,10.152,36.818,1000,1,1,,,0
GSM,605,1,10017,373,0,10.15,36.818,1634,1,1,,,0
UMTS,605,3,2100,656562,0,10.152,36.819,1000,1,1,,,0
UMTS,605,3,2100,656567,0,10.152,36.819,1000,1,1,,,0
GSM,605,3,1119,17057,0,10.152,36.819,1000,1,1,,,0
LTE,605,3,4100,3907330,0,10.152,36.819,1000,1,1,,,0
UMTS,605,3,2119,227669,0,10.148,36.819,1000,1,1,,,0
UMTS,605,2,1020,853396,0,10.152,36.819,1000,1,1,,,0
LTE,605,1,10017,12293,0,10.15,36.82,22337,1,1,,,0
LTE,605,3,4100,3907350,0,10.151,36.82,1000,1,1,,,0
UMTS,605,1,10017,7276683,0,10.149,36.82,1000,1,1,,,0
UMTS,605,2,136,248036,0,10.151,36.82,1000,1,1,,,0
UMTS,605,3,2100,686562,0,10.151,36.82,1000,1,1,,,0
UMTS,605,2,1020,853394,0,10.151,36.82,1000,1,1,,,0
UMTS,605,2,136,247405,0,10.152,36.82,1000,1,1,,,0
UMTS,605,3,2100,657892,0,10.161,36.808,1000,1,1,,,0
LTE,605,3,4100,3849485,0,10.159,36.808,1000,1,1,,,0
LTE,605,3,4100,3853058,0,10.166,36.808,1000,1,1,,,0
LTE,605,1,10006,266,0,10.16,36.808,1000,1,1,,,0
UMTS,605,3,2157,659032,0,10.165,36.808,1000,1,1,,,0
GSM,605,2,418,52851,0,10.157,36.808,1000,1,1,,,0
UMTS,605,1,10001,72900,0,10.164,36.808,1000,1,1,,,0
UMTS,605,3,2123,230649,0,10.167,36.808,1000,1,1,,,0
UMTS,605,3,2100,657891,0,10.161,36.808,1000,1,1,,,0
UMTS,605,2,1020,853901,0,10.159,36.809,1000,1,1,,,0
UMTS,605,1,10006,67432,0,10.156,36.809,1000,1,1,,,0
GSM,605,3,1119,15274,0,10.159,36.809,1000,1,1,,,0
UMTS,605,2,1020,853902,0,10.161,36.809,1000,1,1,,,0
LTE,605,3,4100,3849484,0,10.157,36.809,1000,1,1,,,0
UMTS,605,2,134,67469,0,10.159,36.809,1000,1,1,,,0
UMTS,605,1,10006,67427,0,10.16,36.809,1000,1,1,,,0
UMTS,605,3,2100,688821,0,10.156,36.809,1000,1,1,,,0
UMTS,605,2,1020,852763,0,10.156,36.809,1000,1,1,,,0
UMTS,605,3,2100,695791,0,10.156,36.809,1000,1,1,,,0
UMTS,605,2,1020,904815,0,10.156,36.809,1000,1,1,,,0
UMTS,605,2,136,198544,0,10.158,36.809,1000,1,1,,,0
UMTS,605,2,136,199459,0,10.158,36.809,1000,1,1,,,0
UMTS,605,2,136,248545,0,10.159,36.809,1000,1,1,,,0
UMTS,605,3,2100,687894,0,10.159,36.809,1000,1,1,,,0
UMTS,605,2,1020,853907,0,10.159,36.809,1000,1,1,,,0
UMTS,605,3,2100,665796,0,10.159,36.809,1000,1,1,,,0
UMTS,605,3,2100,665797,0,10.159,36.809,1000,1,1,,,0
GSM,605,3,103,15270,0,10.16,36.809,1000,1,1,,,0
UMTS,605,1,10006,67430,0,10.16,36.809,1000,1,1,,,0
UMTS,605,2,136,248546,0,10.16,36.809,1000,1,1,,,0
GSM,605,3,2100,32531,0,10.16,36.809,1000,1,1,,,0
UMTS,605,1,10006,65803,0,10.162,36.809,1000,1,1,,,0
UMTS,605,3,2100,695792,0,10.162,36.809,1000,1,1,,,0
UMTS,605,3,2100,687892,0,10.164,36.809,1000,1,1,,,0
UMTS,605,2,136,197972,0,10.167,36.809,1000,1,1,,,0
UMTS,605,2,136,198542,0,10.167,36.809,1000,1,1,,,0
UMTS,605,2,136,247975,0,10.167,36.809,1000,1,1,,,0
UMTS,605,2,1020,854221,0,10.167,36.809,1000,1,1,,,0
UMTS,605,1,10017,7276680,0,10.156,36.809,1000,1,1,,,0
UMTS,605,2,1020,903907,0,10.158,36.809,1000,1,1,,,0
UMTS,605,2,1020,853904,0,10.158,36.809,1000,1,1,,,0
GSM,605,3,1119,10898,0,10.161,36.809,1000,1,1,,,0
GSM,605,3,1119,17969,0,10.162,36.809,1000,1,1,,,0
UMTS,605,3,2100,657894,0,10.159,36.809,1000,1,1,,,0
UMTS,605,2,134,67472,0,10.158,36.809,1000,1,1,,,0
LTE,605,3,4100,3849496,0,10.159,36.809,1000,1,1,,,0
UMTS,605,3,2123,199142,0,10.161,36.809,1000,1,1,,,0
GSM,605,3,1489,15278,0,10.159,36.809,1000,1,1,,,0
LTE,605,3,4100,3849486,0,10.16,36.809,1000,1,1,,,0
GSM,605,3,1119,17963,0,10.165,36.809,1341,1,1,,,0
LTE,605,3,4100,3877389,0,10.165,36.809,1918,1,1,,,0
GSM,605,3,1489,15279,0,10.158,36.809,1000,1,1,,,0
UMTS,605,3,2100,657899,0,10.16,36.809,1000,1,1,,,0
GSM,605,1,10017,251,0,10.157,36.809,1000,1,1,,,0
GSM,605,3,1489,15271,0,10.158,36.81,1000,1,1,,,0
GSM,605,3,1116,10192,0,10.158,36.81,1000,1,1,,,0
UMTS,605,3,2123,199139,0,10.162,36.81,1000,1,1,,,0
GSM,605,3,1489,15273,0,10.158,36.81,1000,1,1,,,0
LTE,605,3,4100,3849483,0,10.162,36.81,1000,1,1,,,0
UMTS,605,3,2100,686417,0,10.16,36.81,1000,1,1,,,0
UMTS,605,3,2100,659037,0,10.167,36.81,1000,1,1,,,0
GSM,605,3,103,15279,0,10.158,36.81,1000,1,1,,,0
UMTS,605,3,2100,689037,0,10.167,36.81,1000,1,1,,,0
LTE,605,2,1020,11569419,0,10.16,36.81,1000,1,1,,,0
UMTS,605,3,2119,199142,0,10.158,36.81,1000,1,1,,,0
UMTS,605,3,2100,659032,0,10.165,36.81,1000,1,1,,,0
LTE,605,3,4100,3938573,0,10.163,36.81,1000,1,1,,,0
UMTS,605,3,2123,200280,0,10.164,36.81,1000,1,1,,,0
UMTS,605,1,10017,7276397,0,10.158,36.81,1000,1,1,,,0
UMTS,605,3,2157,657713,0,10.164,36.81,1000,1,1,,,0
GSM,605,3,103,15273,0,10.159,36.81,1000,1,1,,,0
GSM,605,1,10017,2173,0,10.16,36.81,1000,1,1,,,0
UMTS,605,2,1020,852300,0,10.16,36.81,1000,1,1,,,0
GSM,605,1,10006,1872,0,10.162,36.81,1000,1,1,,,0
LTE,605,3,4100,3889155,0,10.156,36.81,1000,1,1,,,0
GSM,605,3,1119,10892,0,10.156,36.81,1000,1,1,,,0
UMTS,605,3,2100,695797,0,10.158,36.81,1000,1,1,,,0
UMTS,605,3,2100,656017,0,10.16,36.81,1000,1,1,,,0
UMTS,605,1,10006,65799,0,10.162,36.81,1000,1,1,,,0
UMTS,605,1,10006,65802,0,10.163,36.81,1000,1,1,,,0
UMTS,605,2,136,246946,0,10.163,36.81,1000,1,1,,,0
UMTS,605,3,2100,689038,0,10.163,36.81,1000,1,1,,,0
UMTS,605,2,134,71518,0,10.164,36.81,1000,1,1,,,0
UMTS,605,1,10006,72306,0,10.164,36.81,1000,1,1,,,0
UMTS,605,2,134,71519,0,10.166,36.81,1000,1,1,,,0
UMTS,605,2,1020,854224,0,10.167,36.81,1000,1,1,,,0
UMTS,605,3,2100,665792,0,10.156,36.811,1000,1,1,,,0
UMTS,605,2,136,198030,0,10.157,36.811,1000,1,1,,,0
GSM,605,3,1489,17963,0,10.157,36.811,1000,1,1,,,0
UMTS,605,2,1020,852760,0,10.156,36.811,1000,1,1,,,0
UMTS,605,2,1020,853390,0,10.157,36.811,1000,1,1,,,0
UMTS,605,2,136,196943,0,10.159,36.811,1000,1,1,,,0
UMTS,605,3,2123,200281,0,10.163,36.811,1000,1,1,,,0
UMTS,605,2,1020,904246,0,10.166,36.811,1000,1,1,,,0
GSM,605,3,1119,16711,0,10.166,36.811,1000,1,1,,,0
GSM,605,2,418,55985,0,10.168,36.811,1000,1,1,,,0
GSM,605,3,1119,17962,0,10.166,36.811,1000,1,1,,,0
GSM,605,3,1119,17968,0,10.165,36.811,1000,1,1,,,0
GSM,605,3,1484,10192,0,10.157,36.811,1000,1,1,,,0
LTE,605,3,4100,3938572,0,10.166,36.811,1000,1,1,,,0
GSM,605,3,1489,16712,0,10.157,36.812,1000,1,1,,,0
GSM,605,3,103,15277,0,10.166,36.812,1000,1,1,,,0
GSM,605,3,1489,15274,0,10.157,36.812,1000,1,1,,,0
UMTS,605,2,1020,852301,0,10.157,36.812,1000,1,1,,,0
UMTS,605,3,2100,686561,0,10.157,36.812,1000,1,1,,,0
GSM,605,2,418,51934,0,10.16,36.812,1000,1,1,,,0
UMTS,605,1,10006,69776,0,10.164,36.812,1000,1,1,,,0
UMTS,605,2,1020,852303,0,10.164,36.812,1000,1,1,,,0
UMTS,605,2,1020,854815,0,10.156,36.812,1000,1,1,,,0
UMTS,605,3,2106,230281,0,10.158,36.812,1000,1,1,,,0
UMTS,605,3,2100,656012,0,10.158,36.812,1000,1,1,,,0
LTE,605,3,4100,3897345,0,10.158,36.812,1000,1,1,,,0
UMTS,605,2,1020,852306,0,10.162,36.812,1000,1,1,,,0
UMTS,605,3,2123,230281,0,10.163,36.812,1000,1,1,,,0
UMTS,605,3,2123,197660,0,10.163,36.812,1000,1,1,,,0
UMTS,605,2,134,69987,0,10.163,36.812,1000,1,1,,,0
GSM,605,2,418,52273,0,10.164,36.812,1000,1,1,,,0
UMTS,605,1,10006,67412,0,10.166,36.812,1000,1,1,,,0
GSM,605,3,1119,17967,0,10.166,36.812,1000,1,1,,,0
UMTS,605,1,10006,71926,0,10.166,36.812,1000,1,1,,,0
UMTS,605,1,10006,67411,0,10.167,36.812,1000,1,1,,,0
UMTS,605,1,10006,65796,0,10.167,36.812,1000,1,1,,,0
UMTS,605,2,1020,857957,0,10.167,36.812,1000,1,1,,,0
LTE,605,3,4100,3907349,0,10.157,36.812,1000,1,1,,,0
GSM,605,3,1119,15277,0,10.159,36.812,1000,1,1,,,0
LTE,605,1,10006,48390,0,10.158,36.812,1000,1,1,,,0
UMTS,605,1,10017,7275206,0,10.156,36.812,1000,1,1,,,0
LTE,605,3,4100,3902209,0,10.162,36.812,1000,1,1,,,0
GSM,605,3,1119,17961,0,10.166,36.812,1000,1,1,,,0
UMTS,605,1,10006,71936,0,10.166,36.812,1000,1,1,,,0
UMTS,605,3,2100,689032,0,10.166,36.812,1000,1,1,,,0
UMTS,605,2,1020,857951,0,10.166,36.812,1000,1,1,,,0
LTE,605,2,1020,11673101,0,10.167,36.812,1000,1,1,,,0
GSM,605,3,1484,17101,0,10.156,36.813,1000,1,1,,,0
UMTS,605,3,2106,232570,0,10.156,36.813,1000,1,1,,,0
GSM,605,1,10006,264,0,10.163,36.813,1000,1,1,,,0
GSM,605,3,1119,15653,0,10.166,36.813,1000,1,1,,,0
UMTS,605,3,2119,200069,0,10.158,36.813,1000,1,1,,,0
GSM,605,3,1489,17387,0,10.156,36.813,1000,1,1,,,0
UMTS,605,1,10006,67407,0,10.168,36.813,1000,1,1,,,0
UMTS,605,3,2100,659031,0,10.166,36.813,1000,1,1,,,0
UMTS,605,3,2106,229701,0,10.156,36.813,1000,1,1,,,0
UMTS,605,1,10011,7287573,0,10.158,36.813,1000,1,1,,,0
GSM,605,1,10011,13071,0,10.158,36.813,1000,1,1,,,0
UMTS,605,1,10011,7287570,0,10.158,36.813,1000,1,1,,,0
GSM,605,3,103,17381,0,10.159,36.813,1000,1,1,,,0
UMTS,605,1,10006,67409,0,10.166,36.813,1000,1,1,,,0
UMTS,605,2,136,248547,0,10.167,36.813,1000,1,1,,,0
LTE,605,2,1020,11673091,0,10.167,36.813,1000,1,1,,,0
UMTS,605,3,2106,200069,0,10.158,36.813,1000,1,1,,,0
LTE,605,3,4100,3877644,0,10.159,36.813,1000,1,1,,,0
LTE,605,2,1020,11528450,0,10.159,36.813,1000,1,1,,,0
UMTS,605,1,10011,7276493,0,10.161,36.813,1000,1,1,,,0
GSM,605,3,1119,16717,0,10.166,36.813,1000,1,1,,,0
LTE,605,1,10006,6662,0,10.159,36.813,1000,1,1,,,0
UMTS,605,2,1020,902306,0,10.159,36.813,1000,1,1,,,0
UMTS,605,1,10017,7276706,0,10.156,36.814,1000,1,1,,,0
UMTS,605,3,2119,199710,0,10.159,36.814,1000,1,1,,,0
GSM,605,1,10006,1873,0,10.167,36.814,1330,1,1,,,0
UMTS,605,3,2100,658441,0,10.16,36.814,1616,1,1,,,0
UMTS,605,3,2100,658466,0,10.165,36.814,1000,1,1,,,0
UMTS,605,3,2119,200279,0,10.167,36.814,1000,1,1,,,0
GSM,605,3,103,16712,0,10.16,36.815,1000,1,1,,,0
LTE,605,2,1020,11528460,0,10.16,36.815,1000,1,1,,,0
GSM,605,1,10017,1372,0,10.166,36.815,1000,1,1,,,0
UMTS,605,3,2106,199710,0,10.16,36.815,1000,1,1,,,0
GSM,605,3,1119,15270,0,10.162,36.816,1000,1,1,,,0
UMTS,605,3,2100,659033,0,10.158,36.816,3859,1,1,,,0
LTE,605,1,10017,55557,0,10.16,36.817,1000,1,1,,,0
UMTS,605,2,1020,852302,0,10.161,36.817,1000,1,1,,,0
GSM,605,1,10019,2464,0,10.159,36.817,1000,1,1,,,0
LTE,605,2,1020,11528459,0,10.162,36.817,1000,1,1,,,0
UMTS,605,3,2100,658462,0,10.163,36.817,1000,1,1,,,0
UMTS,605,3,2100,658467,0,10.164,36.817,1000,1,1,,,0
UMTS,605,2,1020,902305,0,10.162,36.818,1000,1,1,,,0
UMTS,605,3,2119,199709,0,10.163,36.818,1000,1,1,,,0
UMTS,605,3,2106,199709,0,10.163,36.818,1000,1,1,,,0
UMTS,605,3,2123,199709,0,10.165,36.818,1000,1,1,,,0
LTE,605,1,10017,35078,0,10.165,36.818,1000,1,1,,,0
LTE,605,1,10017,55558,0,10.159,36.818,1000,1,1,,,0
UMTS,605,2,1020,852299,0,10.16,36.818,1000,1,1,,,0
UMTS,605,2,1020,855051,0,10.165,36.818,1000,1,1,,,0
LTE,605,1,10017,9988,0,10.165,36.818,1000,1,1,,,0
GSM,605,3,103,16717,0,10.167,36.818,1000,1,1,,,0
UMTS,605,2,1020,903395,0,10.159,36.819,1000,1,1,,,0
UMTS,605,3,2119,202449,0,10.163,36.819,1000,1,1,,,0
UMTS,605,3,2119,199711,0,10.163,36.819,1000,1,1,,,0
UMTS,605,3,2154,68357,0,10.163,36.819,1000,1,1,,,0
UMTS,605,3,2119,230279,0,10.164,36.819,1000,1,1,,,0
UMTS,605,3,2106,199711,0,10.164,36.819,1000,1,1,,,0
UMTS,605,1,10017,7275869,0,10.166,36.819,1000,1,1,,,0
UMTS,605,2,1020,855054,0,10.166,36.819,1000,1,1,,,0
UMTS,605,3,2100,661202,0,10.167,36.819,1000,1,1,,,0
UMTS,605,2,1020,854242,0,10.167,36.819,1000,1,1,,,0
UMTS,605,2,1020,854245,0,10.167,36.819,1000,1,1,,,0
UMTS,605,3,2123,229711,0,10.164,36.819,1000,1,1,,,0
UMTS,605,3,2123,229709,0,10.165,36.819,1000,1,1,,,0
UMTS,605,2,1020,905057,0,10.165,36.819,1000,1,1,,,0
UMTS,605,2,1020,905055,0,10.166,36.819,1000,1,1,,,0
UMTS,605,2,1020,855052,0,10.167,36.819,1000,1,1,,,0
UMTS,605,3,2123,202450,0,10.168,36.819,1000,1,1,,,0
GSM,605,2,8514,47108,0,10.166,36.819,1000,1,1,,,0
GSM,605,1,8514,47108,0,10.166,36.819,1000,1,1,,,0
GSM,605,3,8514,47108,0,10.166,36.819,1000,1,1,,,0
UMTS,605,1,10017,7279879,0,10.156,36.819,1000,1,1,,,0
LTE,605,2,1020,11528449,0,10.168,36.819,1000,1,1,,,0
UMTS,605,3,2123,232451,0,10.163,36.819,1000,1,1,,,0
LTE,605,2,134,11664899,0,10.163,36.819,1000,1,1,,,0
UMTS,605,3,2100,691203,0,10.167,36.819,1000,1,1,,,0
GSM,605,3,1119,10128,0,10.167,36.82,1000,1,1,,,0
GSM,605,3,1119,10122,0,10.167,36.82,1000,1,1,,,0
GSM,605,3,1119,10123,0,10.167,36.82,1000,1,1,,,0
UMTS,605,3,2119,232451,0,10.163,36.82,1000,1,1,,,0
UMTS,605,3,2119,230649,0,10.163,36.82,1000,1,1,,,0
GSM,605,3,1119,10129,0,10.166,36.82,1000,1,1,,,0
UMTS,605,2,136,249695,0,10.167,36.82,1000,1,1,,,0
UMTS,605,3,2100,659406,0,10.169,36.808,1000,1,1,,,0
UMTS,605,1,10006,67252,0,10.18,36.808,1000,1,1,,,0
UMTS,605,3,2157,526610,0,10.17,36.808,1000,1,1,,,0
UMTS,605,1,10006,67249,0,10.18,36.808,1000,1,1,,,0
UMTS,605,3,2157,657987,0,10.175,36.808,1000,1,1,,,0
UMTS,605,3,2157,526635,0,10.18,36.808,1000,1,1,,,0
UMTS,605,3,2115,67867,0,10.18,36.808,1000,1,1,,,0
UMTS,605,1,10006,65808,0,10.177,36.809,1000,1,1,,,0
GSM,605,3,1105,15351,0,10.178,36.809,1000,1,1,,,0
UMTS,605,2,1020,854240,0,10.169,36.809,1000,1,1,,,0
UMTS,605,2,1020,854243,0,10.169,36.809,1000,1,1,,,0
UMTS,605,2,1020,904227,0,10.169,36.809,1000,1,1,,,0
UMTS,605,3,2157,662733,0,10.169,36.809,1000,1,1,,,0
LTE,605,3,4157,3840770,0,10.17,36.809,1000,1,1,,,0
UMTS,605,3,2100,692732,0,10.171,36.809,1000,1,1,,,0
GSM,605,3,1119,18238,0,10.171,36.809,1000,1,1,,,0
GSM,605,3,1119,18239,0,10.171,36.809,1000,1,1,,,0
UMTS,605,3,2100,662731,0,10.171,36.809,1000,1,1,,,0
LTE,605,3,4157,3840780,0,10.171,36.809,1000,1,1,,,0
UMTS,605,3,2157,662736,0,10.173,36.809,1000,1,1,,,0
UMTS,605,3,2100,662732,0,10.173,36.809,1000,1,1,,,0
UMTS,605,3,2100,662737,0,10.173,36.809,1000,1,1,,,0
UMTS,605,3,2157,556611,0,10.174,36.809,1000,1,1,,,0
UMTS,605,2,136,199681,0,10.174,36.809,1000,1,1,,,0
GSM,605,3,1105,15359,0,10.174,36.809,1000,1,1,,,0
UMTS,605,2,137,263426,0,10.175,36.809,1000,1,1,,,0
UMTS,605,1,10006,72700,0,10.177,36.809,1000,1,1,,,0
UMTS,605,1,10006,65809,0,10.177,36.809,1000,1,1,,,0
LTE,605,1,10006,21761,0,10.178,36.809,1000,1,1,,,0
GSM,605,3,1105,15038,0,10.18,36.809,1000,1,1,,,0
UMTS,605,3,2157,556630,0,10.18,36.809,1000,1,1,,,0
LTE,605,1,10006,51460,0,10.175,36.809,1000,1,1,,,0
UMTS,605,1,10006,65814,0,10.179,36.809,1000,1,1,,,0
GSM,605,1,10006,1713,0,10.179,36.809,1000,1,1,,,0
LTE,605,3,4100,3853068,0,10.169,36.809,1000,1,1,,,0
UMTS,605,3,2115,67859,0,10.175,36.809,1000,1,1,,,0
UMTS,605,3,2115,67878,0,10.178,36.809,1000,1,1,,,0
UMTS,605,1,10006,67553,0,10.175,36.809,1000,1,1,,,0
UMTS,605,1,10006,65811,0,10.179,36.809,1000,1,1,,,0
GSM,605,1,10006,275,0,10.179,36.81,1000,1,1,,,0
GSM,605,3,103,15359,0,10.174,36.81,1000,1,1,,,0
UMTS,605,3,2100,692736,0,10.172,36.81,1000,1,1,,,0
UMTS,605,3,2157,556616,0,10.173,36.81,1000,1,1,,,0
UMTS,605,3,2100,662736,0,10.171,36.81,1000,1,1,,,0
GSM,605,3,1105,15353,0,10.174,36.81,1000,1,1,,,0
UMTS,605,2,134,71202,0,10.178,36.81,1000,1,1,,,0
LTE,605,1,10006,19457,0,10.173,36.81,1429,1,1,,,0
UMTS,605,2,134,68608,0,10.178,36.81,1000,1,1,,,0
UMTS,605,3,2115,97878,0,10.178,36.81,1000,1,1,,,0
UMTS,605,3,2157,526611,0,10.174,36.81,1000,1,1,,,0
UMTS,605,2,134,66892,0,10.179,36.81,1000,1,1,,,0
UMTS,605,3,2100,687982,0,10.17,36.81,1000,1,1,,,0
UMTS,605,2,134,66889,0,10.179,36.81,1000,1,1,,,0
LTE,605,3,4157,3841292,0,10.179,36.81,1000,1,1,,,0
UMTS,605,2,134,68611,0,10.178,36.81,1000,1,1,,,0
UMTS,605,3,2100,657987,0,10.17,36.81,1000,1,1,,,0
UMTS,605,3,2157,526616,0,10.173,36.81,1000,1,1,,,0
UMTS,605,3,2100,526616,0,10.173,36.81,1000,1,1,,,0
GSM,605,1,10006,2014,0,10.176,36.81,1000,1,1,,,0
UMTS,605,3,2115,67879,0,10.178,36.81,1000,1,1,,,0
UMTS,605,2,134,68613,0,10.179,36.81,1000,1,1,,,0
UMTS,605,2,134,68607,0,10.179,36.81,1000,1,1,,,0
GSM,605,3,1105,15039,0,10.179,36.81,1000,1,1,,,0
UMTS,605,3,2100,692731,0,10.17,36.81,1000,1,1,,,0
GSM,605,3,103,15422,0,10.171,36.81,1000,1,1,,,0
GSM,605,3,103,15353,0,10.171,36.81,1000,1,1,,,0
UMTS,605,2,1020,854219,0,10.171,36.81,1000,1,1,,,0
LTE,605,3,4157,3840771,0,10.171,36.81,1000,1,1,,,0
UMTS,605,3,2123,67859,0,10.173,36.81,1000,1,1,,,0
UMTS,605,1,10006,67550,0,10.173,36.81,1000,1,1,,,0
UMTS,605,2,136,198859,0,10.173,36.81,1000,1,1,,,0
UMTS,605,2,134,71521,0,10.173,36.81,1000,1,1,,,0
UMTS,605,2,136,198850,0,10.173,36.81,1000,1,1,,,0
UMTS,605,2,1020,854213,0,10.173,36.81,1000,1,1,,,0
UMTS,605,2,134,199681,0,10.173,36.81,1000,1,1,,,0
UMTS,605,3,2157,657986,0,10.174,36.81,1000,1,1,,,0
UMTS,605,2,136,249686,0,10.174,36.81,1000,1,1,,,0
UMTS,605,2,1020,249687,0,10.174,36.81,1000,1,1,,,0
UMTS,605,2,136,249687,0,10.174,36.81,1000,1,1,,,0
UMTS,605,3,2157,199229,0,10.175,36.81,1000,1,1,,,0
UMTS,605,3,2119,526611,0,10.175,36.81,1000,1,1,,,0
UMTS,605,1,10006,72697,0,10.177,36.81,1000,1,1,,,0
UMTS,605,2,136,197070,0,10.178,36.81,1000,1,1,,,0
UMTS,605,2,2115,97879,0,10.178,36.81,1000,1,1,,,0
UMTS,605,3,2115,97879,0,10.178,36.81,1000,1,1,,,0
UMTS,605,3,2157,526630,0,10.178,36.81,1000,1,1,,,0
GSM,605,2,417,56005,0,10.18,36.81,1000,1,1,,,0
UMTS,605,1,10006,67208,0,10.18,36.81,1000,1,1,,,0
UMTS,605,2,134,116954,0,10.18,36.81,1000,1,1,,,0
LTE,605,3,4157,3841282,0,10.18,36.81,1000,1,1,,,0
UMTS,605,3,2100,687987,0,10.17,36.81,1000,1,1,,,0
UMTS,605,2,134,66952,0,10.179,36.811,1000,1,1,,,0
LTE,605,3,4157,3841291,0,10.18,36.811,1000,1,1,,,0
UMTS,605,3,2100,657982,0,10.17,36.811,1000,1,1,,,0
GSM,605,1,10006,7164,0,10.177,36.811,1000,1,1,,,0
LTE,605,3,4157,3840781,0,10.171,36.811,1000,1,1,,,0
GSM,605,2,418,52272,0,10.169,36.811,1195,1,1,,,0
UMTS,605,3,2123,199230,0,10.172,36.811,1000,1,1,,,0
UMTS,605,2,1020,904235,0,10.172,36.811,1000,1,1,,,0
UMTS,605,1,10006,70567,0,10.173,36.811,1000,1,1,,,0
UMTS,605,2,134,71199,0,10.177,36.811,1000,1,1,,,0
GSM,605,3,1105,15033,0,10.179,36.811,1000,1,1,,,0
UMTS,605,2,134,70594,0,10.18,36.811,1000,1,1,,,0
GSM,605,1,10006,274,0,10.179,36.812,1000,1,1,,,0
UMTS,605,2,134,71200,0,10.179,36.812,120581,1,1,,,0
GSM,605,1,10006,261,0,10.17,36.812,1000,1,1,,,0
UMTS,605,1,10006,69366,0,10.171,36.812,1000,1,1,,,0
GSM,605,2,417,51413,0,10.176,36.812,1000,1,1,,,0
GSM,605,2,417,51416,0,10.177,36.812,1000,1,1,,,0
UMTS,605,2,134,116955,0,10.177,36.812,1000,1,1,,,0
UMTS,605,3,2157,657967,0,10.177,36.812,1000,1,1,,,0
UMTS,605,3,2157,526629,0,10.179,36.812,1000,1,1,,,0
UMTS,605,3,2157,556629,0,10.179,36.812,1000,1,1,,,0
GSM,605,3,1105,15032,0,10.179,36.812,1000,1,1,,,0
UMTS,605,1,10006,67408,0,10.169,36.812,1000,1,1,,,0
GSM,605,3,103,16237,0,10.171,36.812,1000,1,1,,,0
UMTS,605,1,10006,65780,0,10.171,36.812,1000,1,1,,,0
UMTS,605,1,10006,65777,0,10.171,36.812,1000,1,1,,,0
GSM,605,1,10006,244,0,10.171,36.812,1000,1,1,,,0
UMTS,605,3,2157,199210,0,10.175,36.812,1000,1,1,,,0
GSM,605,2,417,53071,0,10.175,36.812,1000,1,1,,,0
GSM,605,2,418,53082,0,10.175,36.812,1000,1,1,,,0
UMTS,605,3,2157,526631,0,10.175,36.812,1000,1,1,,,0
UMTS,605,3,2157,556631,0,10.175,36.812,1000,1,1,,,0
UMTS,605,3,2119,526631,0,10.175,36.812,1000,1,1,,,0
UMTS,605,3,2119,199229,0,10.175,36.812,1000,1,1,,,0
UMTS,605,1,10011,7276486,0,10.177,36.812,1000,1,1,,,0
UMTS,605,1,10011,7276490,0,10.177,36.812,1000,1,1,,,0
UMTS,605,1,10006,65826,0,10.177,36.812,1000,1,1,,,0
UMTS,605,1,10017,7277536,0,10.177,36.812,1000,1,1,,,0
UMTS,605,3,2119,229210,0,10.177,36.812,1000,1,1,,,0
UMTS,605,3,2157,526636,0,10.177,36.812,1000,1,1,,,0
UMTS,605,1,10006,65807,0,10.178,36.812,1000,1,1,,,0
UMTS,605,3,2119,199210,0,10.178,36.812,1000,1,1,,,0
UMTS,605,2,134,71541,0,10.178,36.812,1000,1,1,,,0
LTE,605,3,4100,3852546,0,10.178,36.812,1000,1,1,,,0
UMTS,605,2,134,66955,0,10.178,36.812,1000,1,1,,,0
UMTS,605,1,10006,65810,0,10.18,36.812,1000,1,1,,,0
UMTS,605,3,2157,526634,0,10.18,36.812,1000,1,1,,,0
UMTS,605,3,2157,687981,0,10.18,36.812,1000,1,1,,,0
LTE,605,3,4157,3841281,0,10.18,36.812,1000,1,1,,,0
GSM,605,2,417,55664,0,10.18,36.812,1000,1,1,,,0
UMTS,605,3,2100,657981,0,10.173,36.812,1000,1,1,,,0
UMTS,605,2,134,70592,0,10.179,36.812,672,1,1,,,0
UMTS,605,1,10006,71916,0,10.172,36.812,1000,1,1,,,0
UMTS,605,2,134,71197,0,10.179,36.812,554,1,1,,,0
GSM,605,1,10006,273,0,10.175,36.812,1000,1,1,,,0
UMTS,605,1,10006,67213,0,10.18,36.812,1000,1,1,,,0
UMTS,605,2,134,66949,0,10.179,36.812,1000,1,1,,,0
GSM,605,3,1105,15037,0,10.179,36.812,1000,1,1,,,0
UMTS,605,2,134,70589,0,10.179,36.812,648,1,1,,,0
LTE,605,1,10006,51457,0,10.176,36.812,1000,1,1,,,0
UMTS,605,2,1020,857953,0,10.17,36.812,1000,1,1,,,0
GSM,605,1,10006,271,0,10.179,36.812,1000,1,1,,,0
GSM,605,3,1105,15031,0,10.18,36.812,1000,1,1,,,0
UMTS,605,2,134,66951,0,10.179,36.812,1000,1,1,,,0
UMTS,605,2,134,66950,0,10.179,36.812,610,1,1,,,0
GSM,605,3,105,15653,0,10.171,36.812,1000,1,1,,,0
UMTS,605,3,2100,657986,0,10.174,36.812,1000,1,1,,,0
UMTS,605,1,10006,65815,0,10.175,36.812,1000,1,1,,,0
UMTS,605,1,10006,67576,0,10.18,36.812,1000,1,1,,,0
UMTS,605,2,134,66947,0,10.179,36.812,609,1,1,,,0
UMTS,605,2,134,66948,0,10.179,36.812,1000,1,1,,,0
LTE,605,1,10017,35077,0,10.17,36.813,1000,1,1,,,0
LTE,605,2,134,11673612,0,10.177,36.813,1000,1,1,,,0
UMTS,605,3,2100,687986,0,10.174,36.813,1000,1,1,,,0
LTE,605,2,134,11664907,0,10.179,36.813,1000,1,1,,,0
UMTS,605,3,2123,199229,0,10.174,36.813,1000,1,1,,,0
LTE,605,3,4157,4053262,0,10.174,36.813,1000,1,1,,,0
LTE,605,2,134,11673603,0,10.177,36.813,1000,1,1,,,0
UMTS,605,1,10006,65800,0,10.169,36.813,1000,1,1,,,0
UMTS,605,3,2100,3938571,0,10.169,36.813,1000,1,1,,,0
UMTS,605,2,1020,857956,0,10.17,36.813,1000,1,1,,,0
UMTS,605,2,134,857950,0,10.171,36.813,1000,1,1,,,0
UMTS,605,2,1020,904217,0,10.173,36.813,1000,1,1,,,0
UMTS,605,3,2100,687988,0,10.173,36.813,1000,1,1,,,0
GSM,605,1,10006,761,0,10.174,36.813,1000,1,1,,,0
GSM,605,1,10006,241,0,10.174,36.813,1000,1,1,,,0
GSM,605,1,10006,281,0,10.174,36.813,1000,1,1,,,0
GSM,605,2,418,52243,0,10.174,36.813,1000,1,1,,,0
GSM,605,2,418,52242,0,10.174,36.813,1000,1,1,,,0
GSM,605,2,418,52241,0,10.174,36.813,1000,1,1,,,0
GSM,605,2,418,52245,0,10.174,36.813,1000,1,1,,,0
UMTS,605,1,10006,65806,0,10.174,36.813,1000,1,1,,,0
UMTS,605,1,10006,69176,0,10.174,36.813,1000,1,1,,,0
UMTS,605,1,10006,65812,0,10.174,36.813,1000,1,1,,,0
UMTS,605,3,2100,657983,0,10.174,36.813,1000,1,1,,,0
UMTS,605,2,1020,854210,0,10.174,36.813,1000,1,1,,,0
GSM,605,3,1119,15421,0,10.174,36.813,1000,1,1,,,0
UMTS,605,2,1020,857952,0,10.174,36.813,1000,1,1,,,0
UMTS,605,2,1020,854215,0,10.174,36.813,1000,1,1,,,0
LTE,605,1,10017,22533,0,10.174,36.813,1000,1,1,,,0
UMTS,605,3,2157,687988,0,10.174,36.813,1000,1,1,,,0
UMTS,605,3,2157,687986,0,10.174,36.813,1000,1,1,,,0
UMTS,605,3,2157,687987,0,10.174,36.813,1000,1,1,,,0
GSM,605,2,417,56006,0,10.175,36.813,1000,1,1,,,0
UMTS,605,2,136,198849,0,10.175,36.813,1000,1,1,,,0
UMTS,605,2,134,71538,0,10.177,36.813,1000,1,1,,,0
LTE,605,1,10006,6913,0,10.177,36.813,1000,1,1,,,0
GSM,605,1,10006,1671,0,10.178,36.813,1000,1,1,,,0
UMTS,605,1,10001,66395,0,10.178,36.813,1000,1,1,,,0
UMTS,605,2,1020,857950,0,10.17,36.813,1000,1,1,,,0
LTE,605,2,1020,11673090,0,10.17,36.813,1000,1,1,,,0
UMTS,605,1,10006,67410,0,10.171,36.813,1000,1,1,,,0
UMTS,605,3,2123,199231,0,10.172,36.813,1000,1,1,,,0
UMTS,605,1,10006,70099,0,10.174,36.813,1000,1,1,,,0
GSM,605,3,103,15421,0,10.176,36.813,1000,1,1,,,0
UMTS,605,1,10006,65813,0,10.176,36.813,1000,1,1,,,0
UMTS,605,1,10006,67212,0,10.178,36.813,1000,1,1,,,0
GSM,605,2,417,51411,0,10.179,36.813,1000,1,1,,,0
LTE,605,2,134,11673602,0,10.177,36.813,1000,1,1,,,0
LTE,605,3,4100,3853073,0,10.173,36.813,1000,1,1,,,0
UMTS,605,3,2123,200279,0,10.169,36.813,1000,1,1,,,0
GSM,605,2,417,56004,0,10.178,36.813,1000,1,1,,,0
UMTS,605,3,2100,657967,0,10.178,36.813,1000,1,1,,,0
LTE,605,2,134,11673613,0,10.175,36.813,1000,1,1,,,0
LTE,605,3,4100,3853067,0,10.175,36.813,1000,1,1,,,0
GSM,605,3,105,15658,0,10.178,36.814,1000,1,1,,,0
UMTS,605,3,2100,687962,0,10.18,36.814,1000,1,1,,,0
GSM,605,2,417,51414,0,10.18,36.814,1000,1,1,,,0
LTE,605,3,4100,3938571,0,10.17,36.814,1000,1,1,,,0
LTE,605,2,1020,11673100,0,10.169,36.814,1000,1,1,,,0
GSM,605,3,1105,61221,0,10.176,36.814,1000,1,1,,,0
UMTS,605,2,134,854209,0,10.174,36.814,1000,1,1,,,0
GSM,605,1,10006,683,0,10.175,36.814,1000,1,1,,,0
UMTS,605,2,1020,852127,0,10.177,36.814,1000,1,1,,,0
GSM,605,3,1105,61341,0,10.176,36.814,1000,1,1,,,0
UMTS,605,3,2100,689036,0,10.169,36.814,1000,1,1,,,0
UMTS,605,3,2100,657988,0,10.174,36.814,1000,1,1,,,0
GSM,605,1,10006,1871,0,10.172,36.814,1000,1,1,,,0
UMTS,605,1,10006,72703,0,10.175,36.814,1000,1,1,,,0
UMTS,605,2,134,71539,0,10.175,36.814,1000,1,1,,,0
GSM,605,2,418,52246,0,10.174,36.814,1000,1,1,,,0
GSM,605,2,418,52244,0,10.175,36.814,1000,1,1,,,0
UMTS,605,1,10006,67206,0,10.175,36.814,1000,1,1,,,0
UMTS,605,2,136,248855,0,10.175,36.814,1000,1,1,,,0
UMTS,605,2,1020,71539,0,10.175,36.814,1000,1,1,,,0
GSM,605,1,10006,1673,0,10.177,36.814,1000,1,1,,,0
UMTS,605,2,134,70595,0,10.177,36.814,1000,1,1,,,0
GSM,605,3,1119,15659,0,10.177,36.814,1000,1,1,,,0
UMTS,605,2,134,71537,0,10.178,36.814,1000,1,1,,,0
UMTS,605,3,2100,657962,0,10.18,36.814,1000,1,1,,,0
UMTS,605,3,2100,716827,0,10.18,36.814,1000,1,1,,,0
UMTS,605,2,1020,857955,0,10.171,36.814,1000,1,1,,,0
GSM,605,3,1119,15423,0,10.172,36.814,1000,1,1,,,0
GSM,605,3,105,15659,0,10.175,36.815,1000,1,1,,,0
LTE,605,2,134,11673611,0,10.178,36.815,1000,1,1,,,0
GSM,605,2,417,55056,0,10.179,36.815,1000,1,1,,,0
UMTS,605,3,2100,689031,0,10.172,36.815,1000,1,1,,,0
UMTS,605,2,1020,904215,0,10.173,36.815,1000,1,1,,,0
UMTS,605,2,1020,854209,0,10.174,36.815,1000,1,1,,,0
GSM,605,2,418,55986,0,10.169,36.815,1000,1,1,,,0
LTE,605,2,1020,11523841,0,10.176,36.815,1000,1,1,,,0
GSM,605,2,417,52142,0,10.178,36.815,1000,1,1,,,0
LTE,605,3,4100,3852557,0,10.176,36.815,1000,1,1,,,0
GSM,605,1,10006,276,0,10.173,36.815,1000,1,1,,,0
UMTS,605,2,134,71542,0,10.175,36.815,1000,1,1,,,0
UMTS,605,3,2100,657963,0,10.177,36.815,1000,1,1,,,0
UMTS,605,1,10006,70529,0,10.177,36.815,1000,1,1,,,0
UMTS,605,1,10006,66806,0,10.177,36.815,1000,1,1,,,0
GSM,605,1,10006,7141,0,10.178,36.815,1000,1,1,,,0
UMTS,605,1,10001,67210,0,10.18,36.815,1000,1,1,,,0
UMTS,605,3,2100,659036,0,10.169,36.815,1477,1,1,,,0
UMTS,605,2,134,116953,0,10.178,36.815,1000,1,1,,,0
GSM,605,3,1119,15429,0,10.171,36.815,1000,1,1,,,0
GSM,605,3,1119,61467,0,10.178,36.815,1000,1,1,,,0
UMTS,605,3,2100,657966,0,10.178,36.815,1000,1,1,,,0
UMTS,605,2,134,71540,0,10.179,36.815,1000,1,1,,,0
GSM,605,3,1119,10483,0,10.177,36.816,1000,1,1,,,0
UMTS,605,1,10006,72680,0,10.178,36.816,1000,1,1,,,0
LTE,605,3,4100,3852555,0,10.178,36.816,1000,1,1,,,0
GSM,605,3,1119,10482,0,10.178,36.816,1000,1,1,,,0
UMTS,605,3,2100,694118,0,10.176,36.816,1000,1,1,,,0
UMTS,605,1,10006,268435455,0,10.177,36.816,1000,1,1,,,0
UMTS,605,3,2123,199209,0,10.178,36.816,1000,1,1,,,0
GSM,605,3,1119,15651,0,10.178,36.816,1000,1,1,,,0
UMTS,605,3,2100,716807,0,10.18,36.816,1000,1,1,,,0
UMTS,605,3,2100,687963,0,10.174,36.816,1000,1,1,,,0
UMTS,605,1,10006,67209,0,10.175,36.816,1000,1,1,,,0
UMTS,605,3,2119,199211,0,10.175,36.816,1000,1,1,,,0
UMTS,605,3,2157,657962,0,10.177,36.816,1000,1,1,,,0
LTE,605,2,1020,11673099,0,10.177,36.816,1000,1,1,,,0
GSM,605,2,417,52141,0,10.178,36.816,1000,1,1,,,0
UMTS,605,3,2100,657961,0,10.178,36.816,1000,1,1,,,0
GSM,605,2,417,54575,0,10.18,36.816,1000,1,1,,,0
UMTS,605,2,134,70108,0,10.18,36.816,1000,1,1,,,0
UMTS,605,2,134,70111,0,10.18,36.816,1000,1,1,,,0
UMTS,605,2,134,66953,0,10.18,36.816,1000,1,1,,,0
LTE,605,1,10006,42755,0,10.176,36.816,1000,1,1,,,0
UMTS,605,3,2100,687981,0,10.177,36.816,1000,1,1,,,0
LTE,605,3,4100,3853069,0,10.173,36.816,1000,1,1,,,0
UMTS,605,1,10006,72676,0,10.177,36.816,1000,1,1,,,0
LTE,605,1,10006,65797,0,10.18,36.816,1432,1,1,,,0
UMTS,605,1,10006,67215,0,10.175,36.816,1000,1,1,,,0
UMTS,605,3,2157,659031,0,10.168,36.816,1000,1,1,,,0
LTE,605,3,4100,3954701,0,10.176,36.816,1000,1,1,,,0
LTE,605,2,134,11649293,0,10.177,36.816,1000,1,1,,,0
UMTS,605,1,10006,72677,0,10.18,36.816,1000,1,1,,,0
LTE,605,1,10017,42755,0,10.177,36.816,1000,1,1,,,0
LTE,605,1,10006,6660,0,10.176,36.817,1000,1,1,,,0
LTE,605,1,10006,6657,0,10.176,36.817,1000,1,1,,,0
UMTS,605,2,1020,857949,0,10.17,36.817,1000,1,1,,,0
LTE,605,1,10006,42758,0,10.176,36.817,1000,1,1,,,0
LTE,605,1,10006,6918,0,10.176,36.817,1000,1,1,,,0
LTE,605,1,10006,6916,0,10.176,36.817,1000,1,1,,,0
LTE,605,1,10006,48389,0,10.176,36.817,1000,1,1,,,0
LTE,605,2,1020,11673089,0,10.175,36.817,1000,1,1,,,0
UMTS,605,3,2100,664113,0,10.176,36.817,1000,1,1,,,0
UMTS,605,3,2123,229231,0,10.172,36.817,1000,1,1,,,0
UMTS,605,3,2100,687983,0,10.169,36.817,1000,1,1,,,0
UMTS,605,2,134,70112,0,10.178,36.817,1000,1,1,,,0
GSM,605,3,1119,10488,0,10.178,36.817,1000,1,1,,,0
UMTS,605,2,134,70109,0,10.178,36.817,1000,1,1,,,0
UMTS,605,2,134,65628,0,10.174,36.817,1000,1,1,,,0
UMTS,605,3,2100,659038,0,10.173,36.817,1086,1,1,,,0
LTE,605,3,4100,3954691,0,10.175,36.817,1000,1,1,,,0
UMTS,605,3,2100,657968,0,10.175,36.817,1000,1,1,,,0
UMTS,605,1,10017,7275868,0,10.168,36.817,1000,1,1,,,0
UMTS,605,2,134,71545,0,10.172,36.817,1000,1,1,,,0
GSM,605,2,417,50092,0,10.178,36.817,1000,1,1,,,0
GSM,605,3,1119,15657,0,10.178,36.817,1000,1,1,,,0
UMTS,605,3,2157,657983,0,10.169,36.817,1000,1,1,,,0
UMTS,605,1,10017,7279106,0,10.169,36.817,1000,1,1,,,0
UMTS,605,1,10017,7275871,0,10.169,36.817,1000,1,1,,,0
LTE,605,2,1020,11578113,0,10.17,36.817,1000,1,1,,,0
GSM,605,1,10006,1676,0,10.171,36.817,1000,1,1,,,0
LTE,605,2,134,11665667,0,10.171,36.817,1000,1,1,,,0
UMTS,605,2,1020,857564,0,10.171,36.817,1000,1,1,,,0
UMTS,605,3,2100,694113,0,10.175,36.817,1000,1,1,,,0
UMTS,605,2,1020,70595,0,10.175,36.817,1000,1,1,,,0
UMTS,605,3,2119,199209,0,10.177,36.817,1000,1,1,,,0
GSM,605,3,1119,17908,0,10.177,36.817,1000,1,1,,,0
UMTS,605,2,134,857952,0,10.177,36.817,1000,1,1,,,0
GSM,605,2,418,50332,0,10.178,36.817,1000,1,1,,,0
UMTS,605,3,2100,664117,0,10.178,36.817,1000,1,1,,,0
UMTS,605,3,2100,664112,0,10.178,36.817,1000,1,1,,,0
GSM,605,2,417,51013,0,10.18,36.817,1000,1,1,,,0
UMTS,605,1,10006,66222,0,10.18,36.817,1000,1,1,,,0
LTE,605,2,1020,11619585,0,10.171,36.817,1000,1,1,,,0
UMTS,605,2,1020,70589,0,10.173,36.817,1000,1,1,,,0
UMTS,605,2,134,133290,0,10.176,36.817,1000,1,1,,,0
LTE,605,1,10017,9474,0,10.169,36.817,1000,1,1,,,0
UMTS,605,1,10006,72683,0,10.177,36.818,1000,1,1,,,0
UMTS,605,1,10006,66225,0,10.178,36.818,1000,1,1,,,0
GSM,605,2,417,54576,0,10.178,36.818,1000,1,1,,,0
UMTS,605,3,2100,657713,0,10.175,36.818,1244,1,1,,,0
LTE,605,1,10006,17414,0,10.177,36.818,1000,1,1,,,0
LTE,605,1,10006,17411,0,10.178,36.818,1000,1,1,,,0
UMTS,605,1,10006,66216,0,10.176,36.818,1000,1,1,,,0
UMTS,605,3,2123,229211,0,10.173,36.818,1000,1,1,,,0
GSM,605,2,417,50095,0,10.178,36.818,1000,1,1,,,0
UMTS,605,2,134,70110,0,10.18,36.818,1000,1,1,,,0
LTE,605,2,134,11522306,0,10.178,36.818,1000,1,1,,,0
UMTS,605,3,2100,664118,0,10.176,36.818,1000,1,1,,,0
UMTS,605,3,2100,661207,0,10.168,36.818,1000,1,1,,,0
UMTS,605,2,134,65634,0,10.177,36.818,1000,1,1,,,0
LTE,605,3,4100,3938561,0,10.174,36.818,1000,1,1,,,0
UMTS,605,2,1020,70592,0,10.169,36.819,1000,1,1,,,0
UMTS,605,1,10017,7275791,0,10.169,36.819,1000,1,1,,,0
UMTS,605,1,10017,65800,0,10.169,36.819,1000,1,1,,,0
UMTS,605,2,1020,71545,0,10.171,36.819,1000,1,1,,,0
UMTS,605,3,2100,685793,0,10.177,36.819,1000,1,1,,,0
LTE,605,3,4100,3954690,0,10.177,36.819,1000,1,1,,,0
UMTS,605,1,10006,66219,0,10.178,36.819,1000,1,1,,,0
UMTS,605,3,2119,198960,0,10.178,36.819,1000,1,1,,,0
GSM,605,2,417,52143,0,10.18,36.819,1000,1,1,,,0
UMTS,605,3,2100,657712,0,10.18,36.819,1000,1,1,,,0
GSM,605,3,1123,10122,0,10.171,36.819,1000,1,1,,,0
UMTS,605,3,2123,199211,0,10.174,36.819,1000,1,1,,,0
UMTS,605,3,2123,232450,0,10.169,36.819,1000,1,1,,,0
UMTS,605,3,2123,50594049,0,10.17,36.819,1308,1,1,,,0
UMTS,605,3,2100,664116,0,10.178,36.819,1000,1,1,,,0
GSM,605,3,1123,15429,0,10.173,36.819,1000,1,1,,,0
UMTS,605,3,2100,691202,0,10.171,36.819,1000,1,1,,,0
GSM,605,2,418,52271,0,10.169,36.819,1000,1,1,,,0
UMTS,605,2,134,69289,0,10.177,36.819,1000,1,1,,,0
GSM,605,2,417,53756,0,10.173,36.82,1000,1,1,,,0
UMTS,605,2,134,115634,0,10.177,36.82,1000,1,1,,,0
UMTS,605,3,2123,197611,0,10.169,36.82,1000,1,1,,,0
UMTS,605,1,10017,7280016,0,10.169,36.82,1000,1,1,,,0
UMTS,605,1,10017,7275867,0,10.169,36.82,1000,1,1,,,0
GSM,605,1,10017,1371,0,10.169,36.82,1000,1,1,,,0
GSM,605,1,10017,372,0,10.169,36.82,1000,1,1,,,0
UMTS,605,1,10017,7275870,0,10.169,36.82,1000,1,1,,,0
UMTS,605,1,10017,7274868,0,10.169,36.82,1000,1,1,,,0
GSM,605,1,10017,371,0,10.169,36.82,1000,1,1,,,0
UMTS,605,1,10017,7274870,0,10.169,36.82,1000,1,1,,,0
GSM,605,1,10017,1373,0,10.169,36.82,1000,1,1,,,0
UMTS,605,1,10017,7275875,0,10.169,36.82,1000,1,1,,,0
UMTS,605,1,10017,7278856,0,10.169,36.82,1000,1,1,,,0
UMTS,605,1,10017,7280026,0,10.169,36.82,1000,1,1,,,0
UMTS,605,3,2100,686362,0,10.169,36.82,1000,1,1,,,0
UMTS,605,3,2100,661208,0,10.169,36.82,1000,1,1,,,0
UMTS,605,3,2100,661206,0,10.169,36.82,1000,1,1,,,0
UMTS,605,3,2100,661201,0,10.169,36.82,1000,1,1,,,0
GSM,605,1,10017,374,0,10.169,36.82,1000,1,1,,,0
UMTS,605,2,134,131744,0,10.17,36.82,1000,1,1,,,0
UMTS,605,2,134,199689,0,10.17,36.82,1000,1,1,,,0
GSM,605,3,1123,17909,0,10.174,36.82,1000,1,1,,,0
UMTS,605,3,2123,69127,0,10.174,36.82,1000,1,1,,,0
UMTS,605,3,2105,68357,0,10.174,36.82,1000,1,1,,,0
UMTS,605,3,2123,228960,0,10.174,36.82,1000,1,1,,,0
UMTS,605,2,1020,115635,0,10.174,36.82,1000,1,1,,,0
UMTS,605,2,1020,65629,0,10.174,36.82,1000,1,1,,,0
UMTS,605,3,2100,664111,0,10.178,36.82,1000,1,1,,,0
LTE,605,3,4100,3954689,0,10.178,36.82,1000,1,1,,,0
LTE,605,1,10006,21764,0,10.184,36.808,1000,1,1,,,0
UMTS,605,2,134,66270,0,10.181,36.808,1000,1,1,,,0
UMTS,605,3,2157,557884,0,10.182,36.808,1000,1,1,,,0
UMTS,605,1,10006,66081,0,10.191,36.808,1000,1,1,,,0
GSM,605,1,10006,1262,0,10.186,36.809,1000,1,1,,,0
UMTS,605,1,10006,66078,0,10.191,36.809,1398,1,1,,,0
LTE,605,2,134,11565324,0,10.188,36.809,1000,1,1,,,0
GSM,605,3,115,15021,0,10.186,36.809,1000,1,1,,,0
UMTS,605,2,134,65661,0,10.186,36.809,1000,1,1,,,0
UMTS,605,2,4157,3853580,0,10.187,36.809,1000,1,1,,,0
GSM,605,2,134,50127,0,10.188,36.809,1000,1,1,,,0
GSM,605,3,115,16941,0,10.187,36.809,1000,1,1,,,0
UMTS,605,1,10001,66390,0,10.181,36.809,1000,1,1,,,0
UMTS,605,3,2157,556900,0,10.181,36.809,1000,1,1,,,0
LTE,605,3,4157,3923969,0,10.181,36.809,1000,1,1,,,0
UMTS,605,2,134,116894,0,10.181,36.809,1000,1,1,,,0
UMTS,605,2,134,66894,0,10.181,36.809,1000,1,1,,,0
UMTS,605,2,134,65659,0,10.182,36.809,1000,1,1,,,0
GSM,605,3,1137,15027,0,10.182,36.809,1000,1,1,,,0
UMTS,605,3,2157,526624,0,10.182,36.809,1000,1,1,,,0
UMTS,605,3,2157,526619,0,10.182,36.809,1000,1,1,,,0
GSM,605,3,1137,16947,0,10.184,36.809,1000,1,1,,,0
LTE,605,3,4157,3841025,0,10.184,36.809,1000,1,1,,,0
UMTS,605,1,10001,67247,0,10.185,36.809,1000,1,1,,,0
UMTS,605,3,2137,69127,0,10.185,36.809,1000,1,1,,,0
UMTS,605,1,10006,66801,0,10.185,36.809,1000,1,1,,,0
UMTS,605,3,2157,527879,0,10.185,36.809,1000,1,1,,,0
UMTS,605,2,134,65664,0,10.185,36.809,1000,1,1,,,0
GSM,605,1,10006,2866,0,10.185,36.809,1000,1,1,,,0
GSM,605,2,417,53192,0,10.188,36.809,1000,1,1,,,0
UMTS,605,1,10001,66084,0,10.188,36.809,1000,1,1,,,0
UMTS,605,1,10006,66084,0,10.188,36.809,1000,1,1,,,0
UMTS,605,1,10020,66081,0,10.188,36.809,1000,1,1,,,0
UMTS,605,3,2157,527935,0,10.188,36.809,1000,1,1,,,0
UMTS,605,3,2157,61646,0,10.188,36.809,1000,1,1,,,0
UMTS,605,1,10006,72767,0,10.188,36.809,1000,1,1,,,0
UMTS,605,2,134,65662,0,10.18,36.809,1761,1,1,,,0
UMTS,605,2,134,66891,0,10.181,36.809,1000,1,1,,,0
GSM,605,2,417,51355,0,10.181,36.809,1000,1,1,,,0
UMTS,605,1,10001,66798,0,10.183,36.809,1000,1,1,,,0
UMTS,605,1,10001,66801,0,10.183,36.809,1000,1,1,,,0
UMTS,605,1,10006,67247,0,10.184,36.809,1000,1,1,,,0
UMTS,605,2,134,65658,0,10.187,36.809,2709,1,1,,,0
UMTS,605,3,2157,527930,0,10.188,36.809,1000,1,1,,,0
UMTS,605,2,134,65657,0,10.187,36.809,1000,1,1,,,0
UMTS,605,3,2157,556619,0,10.181,36.809,1000,1,1,,,0
GSM,605,3,115,15027,0,10.182,36.809,1000,1,1,,,0
LTE,605,1,10006,43780,0,10.186,36.809,1000,1,1,,,0
LTE,605,3,4157,3840259,0,10.192,36.809,2041,1,1,,,0
UMTS,605,1,10006,71007,0,10.181,36.809,1000,1,1,,,0
GSM,605,3,1105,15027,0,10.182,36.809,1000,1,1,,,0
UMTS,605,1,10006,66798,0,10.184,36.809,1000,1,1,,,0
UMTS,605,1,10006,66796,0,10.185,36.809,1000,1,1,,,0
UMTS,605,1,10006,67250,0,10.186,36.809,1000,1,1,,,0
GSM,605,3,115,17319,0,10.188,36.81,1000,1,1,,,0
GSM,605,2,134,1775,0,10.188,36.81,1000,1,1,,,0
LTE,605,2,134,11523075,0,10.183,36.81,1000,1,1,,,0
UMTS,605,2,134,66893,0,10.181,36.81,1000,1,1,,,0
UMTS,605,2,134,115663,0,10.187,36.81,1000,1,1,,,0
UMTS,605,1,10006,70046,0,10.188,36.81,1000,1,1,,,0
UMTS,605,1,10001,66078,0,10.186,36.81,1877,1,1,,,0
UMTS,605,2,134,67308,0,10.188,36.81,1000,1,1,,,0
GSM,605,3,1105,15582,0,10.182,36.81,1000,1,1,,,0
GSM,605,3,1105,15588,0,10.182,36.81,1000,1,1,,,0
GSM,605,1,10006,1265,0,10.187,36.81,1000,1,1,,,0
GSM,605,2,134,51778,0,10.188,36.81,1000,1,1,,,0
LTE,605,1,10006,32261,0,10.185,36.81,1000,1,1,,,0
UMTS,605,2,134,115665,0,10.183,36.81,1000,1,1,,,0
GSM,605,1,10001,196,0,10.184,36.81,1000,1,1,,,0
UMTS,605,2,134,65660,0,10.186,36.81,1000,1,1,,,0
UMTS,605,2,134,116895,0,10.181,36.81,1000,1,1,,,0
UMTS,605,2,134,116893,0,10.181,36.81,1000,1,1,,,0
UMTS,605,3,2157,526905,0,10.182,36.81,1000,1,1,,,0
UMTS,605,3,2157,526900,0,10.182,36.81,1000,1,1,,,0
GSM,605,3,1105,15581,0,10.182,36.81,1000,1,1,,,0
GSM,605,3,1105,15587,0,10.182,36.81,1000,1,1,,,0
UMTS,605,2,134,65663,0,10.182,36.81,1000,1,1,,,0
GSM,605,2,1781,50125,0,10.185,36.81,1000,1,1,,,0
GSM,605,2,417,51275,0,10.188,36.81,1000,1,1,,,0
UMTS,605,2,134,117314,0,10.188,36.81,1000,1,1,,,0
UMTS,605,2,134,66887,0,10.18,36.811,1000,1,1,,,0
LTE,605,3,4157,3934230,0,10.188,36.811,1000,1,1,,,0
GSM,605,3,1105,17947,0,10.183,36.811,1000,1,1,,,0
GSM,605,2,417,50123,0,10.185,36.811,1000,1,1,,,0
UMTS,605,2,134,66890,0,10.181,36.811,1000,1,1,,,0
UMTS,605,3,2101,99177,0,10.188,36.811,1000,1,1,,,0
UMTS,605,1,10020,68116,0,10.189,36.811,1000,1,1,,,0
GSM,605,2,417,50285,0,10.189,36.811,1000,1,1,,,0
LTE,605,3,4157,3852811,0,10.184,36.811,1000,1,1,,,0
GSM,605,2,417,50121,0,10.185,36.811,1000,1,1,,,0
GSM,605,2,134,1771,0,10.188,36.811,1000,1,1,,,0
GSM,605,3,1105,15583,0,10.183,36.811,1000,1,1,,,0
GSM,605,2,417,50126,0,10.183,36.812,1000,1,1,,,0
GSM,605,3,105,15037,0,10.18,36.812,1000,1,1,,,0
GSM,605,2,417,51415,0,10.181,36.812,1000,1,1,,,0
LTE,605,2,134,11551490,0,10.181,36.812,1000,1,1,,,0
UMTS,605,1,10001,72590,0,10.182,36.812,1000,1,1,,,0
LTE,605,1,10006,32262,0,10.182,36.812,1000,1,1,,,0
UMTS,605,3,2157,3045033,0,10.182,36.812,1000,1,1,,,0
LTE,605,2,134,11523085,0,10.183,36.812,1000,1,1,,,0
UMTS,605,3,2157,556899,0,10.183,36.812,1000,1,1,,,0
GSM,605,2,417,50124,0,10.188,36.812,1000,1,1,,,0
UMTS,605,1,10001,66802,0,10.181,36.812,1000,1,1,,,0
GSM,605,3,1105,60791,0,10.181,36.812,1000,1,1,,,0
GSM,605,3,1105,60811,0,10.181,36.812,1000,1,1,,,0
UMTS,605,1,10006,69486,0,10.181,36.812,1000,1,1,,,0
UMTS,605,1,10006,66802,0,10.181,36.812,1000,1,1,,,0
UMTS,605,3,2157,585081,0,10.181,36.812,1000,1,1,,,0
UMTS,605,3,2100,556899,0,10.181,36.812,1000,1,1,,,0
UMTS,605,3,2119,230190,0,10.181,36.812,1000,1,1,,,0
UMTS,605,3,2119,200190,0,10.181,36.812,1000,1,1,,,0
UMTS,605,3,2119,228960,0,10.181,36.812,1000,1,1,,,0
UMTS,605,2,134,11523074,0,10.181,36.812,1000,1,1,,,0
GSM,605,2,417,51351,0,10.181,36.812,1000,1,1,,,0
GSM,605,2,417,51353,0,10.181,36.812,1000,1,1,,,0
GSM,605,2,417,53072,0,10.181,36.812,1000,1,1,,,0
GSM,605,1,10006,1266,0,10.181,36.812,1000,1,1,,,0
UMTS,605,1,10006,68653,0,10.181,36.812,1000,1,1,,,0
UMTS,605,2,134,66771,0,10.182,36.812,1000,1,1,,,0
UMTS,605,2,134,66768,0,10.182,36.812,1000,1,1,,,0
UMTS,605,2,134,66809,0,10.182,36.812,1000,1,1,,,0
UMTS,605,3,2157,556906,0,10.182,36.812,1000,1,1,,,0
LTE,605,3,4157,3852812,0,10.182,36.812,1000,1,1,,,0
GSM,605,2,1781,50124,0,10.185,36.812,1000,1,1,,,0
GSM,605,1,10006,1522,0,10.186,36.812,1000,1,1,,,0
LTE,605,3,4157,3934211,0,10.188,36.812,1000,1,1,,,0
LTE,605,2,134,11551500,0,10.182,36.812,1000,1,1,,,0
GSM,605,2,417,51354,0,10.181,36.812,1000,1,1,,,0
UMTS,605,2,134,66774,0,10.182,36.812,1000,1,1,,,0
GSM,605,1,10006,542,0,10.188,36.812,1000,1,1,,,0
GSM,605,2,417,51235,0,10.181,36.812,1000,1,1,,,0
LTE,605,1,10006,13829,0,10.188,36.812,1000,1,1,,,0
UMTS,605,1,10006,70459,0,10.181,36.812,1000,1,1,,,0
LTE,605,2,134,11552524,0,10.189,36.813,1000,1,1,,,0
LTE,605,3,4157,3852813,0,10.183,36.813,1000,1,1,,,0
UMTS,605,1,10006,70528,0,10.18,36.813,1000,1,1,,,0
UMTS,605,1,10006,66805,0,10.181,36.813,1000,1,1,,,0
LTE,605,2,134,11523073,0,10.182,36.813,1000,1,1,,,0
LTE,605,3,4157,3852803,0,10.183,36.813,1000,1,1,,,0
UMTS,605,3,2157,526901,0,10.184,36.813,1000,1,1,,,0
LTE,605,1,10006,13826,0,10.187,36.813,1000,1,1,,,0
LTE,605,2,134,11649292,0,10.181,36.813,1000,1,1,,,0
LTE,605,2,134,11551501,0,10.182,36.813,1000,1,1,,,0
UMTS,605,2,134,66775,0,10.182,36.813,1000,1,1,,,0
UMTS,605,2,134,66772,0,10.181,36.813,1000,1,1,,,0
GSM,605,3,107,15048,0,10.181,36.813,1000,1,1,,,0
GSM,605,2,417,51232,0,10.181,36.813,1000,1,1,,,0
GSM,605,2,417,51233,0,10.181,36.813,1000,1,1,,,0
UMTS,605,3,2100,687712,0,10.181,36.813,1000,1,1,,,0
UMTS,605,3,2100,585081,0,10.181,36.813,1000,1,1,,,0
UMTS,605,2,134,11664897,0,10.181,36.813,1000,1,1,,,0
LTE,605,3,4100,3841548,0,10.181,36.813,1000,1,1,,,0
UMTS,605,2,134,66767,0,10.182,36.813,1000,1,1,,,0
UMTS,605,2,134,66769,0,10.182,36.813,1000,1,1,,,0
UMTS,605,2,134,116774,0,10.182,36.813,1000,1,1,,,0
UMTS,605,2,134,66773,0,10.182,36.813,1000,1,1,,,0
UMTS,605,1,10006,66797,0,10.184,36.813,1000,1,1,,,0
UMTS,605,3,2157,526899,0,10.184,36.813,1000,1,1,,,0
UMTS,605,3,2157,527931,0,10.184,36.813,1000,1,1,,,0
UMTS,605,3,2157,526904,0,10.184,36.813,1000,1,1,,,0
UMTS,605,2,134,66770,0,10.184,36.813,1000,1,1,,,0
UMTS,605,3,2157,557931,0,10.184,36.813,1000,1,1,,,0
UMTS,605,3,2157,556901,0,10.185,36.813,1000,1,1,,,0
GSM,605,1,10006,1261,0,10.188,36.813,1000,1,1,,,0
GSM,605,2,417,51272,0,10.189,36.813,1000,1,1,,,0
UMTS,605,3,2157,527934,0,10.189,36.813,1000,1,1,,,0
UMTS,605,3,2157,61635,0,10.189,36.813,1000,1,1,,,0
UMTS,605,1,10020,66077,0,10.191,36.813,1000,1,1,,,0
GSM,605,3,1119,15652,0,10.18,36.813,1000,1,1,,,0
GSM,605,3,1119,61447,0,10.18,36.813,1000,1,1,,,0
UMTS,605,3,2157,556634,0,10.18,36.813,1000,1,1,,,0
GSM,605,2,417,51236,0,10.181,36.813,1000,1,1,,,0
GSM,605,2,417,51234,0,10.182,36.813,1000,1,1,,,0
UMTS,605,2,134,116775,0,10.182,36.813,1000,1,1,,,0
GSM,605,2,417,51011,0,10.185,36.813,1000,1,1,,,0
LTE,605,3,4157,3934221,0,10.187,36.813,1000,1,1,,,0
UMTS,605,1,10006,65697,0,10.192,36.813,1865,1,1,,,0
GSM,605,1,10020,162,0,10.191,36.813,1000,1,1,,,0
LTE,605,2,134,11551491,0,10.181,36.813,1213,1,1,,,0
GSM,605,2,417,51772,0,10.189,36.813,1000,1,1,,,0
UMTS,605,2,134,70591,0,10.181,36.813,1000,1,1,,,0
GSM,605,3,1105,15589,0,10.183,36.813,1000,1,1,,,0
GSM,605,2,417,51773,0,10.189,36.813,1000,1,1,,,0
UMTS,605,1,10006,67211,0,10.182,36.814,1000,1,1,,,0
GSM,605,1,10001,3106,0,10.184,36.814,1000,1,1,,,0
UMTS,605,1,10006,70457,0,10.184,36.814,1000,1,1,,,0
LTE,605,2,134,11565323,0,10.189,36.814,1000,1,1,,,0
GSM,605,3,1119,15048,0,10.181,36.814,1000,1,1,,,0
GSM,605,3,1119,15658,0,10.181,36.814,1000,1,1,,,0
LTE,605,3,4157,3934229,0,10.189,36.814,1000,1,1,,,0
UMTS,605,2,134,70588,0,10.182,36.814,1000,1,1,,,0
GSM,605,2,417,50122,0,10.19,36.814,1000,1,1,,,0
GSM,605,3,1119,17902,0,10.182,36.814,1000,1,1,,,0
UMTS,605,1,10006,67207,0,10.181,36.814,1000,1,1,,,0
UMTS,605,1,10006,67196,0,10.181,36.814,1000,1,1,,,0
GSM,605,2,417,51412,0,10.182,36.814,1000,1,1,,,0
UMTS,605,1,10006,66799,0,10.182,36.814,1000,1,1,,,0
UMTS,605,3,2100,688947,0,10.182,36.814,1000,1,1,,,0
UMTS,605,3,2123,69179,0,10.184,36.814,1000,1,1,,,0
UMTS,605,3,2137,68148,0,10.184,36.814,1000,1,1,,,0
GSM,605,2,417,51231,0,10.184,36.814,1000,1,1,,,0
UMTS,605,1,10006,68126,0,10.184,36.814,1000,1,1,,,0
UMTS,605,3,2157,527936,0,10.184,36.814,1000,1,1,,,0
UMTS,605,2,134,116773,0,10.184,36.814,1000,1,1,,,0
UMTS,605,3,2100,526899,0,10.184,36.814,1000,1,1,,,0
UMTS,605,3,2100,658947,0,10.184,36.814,1000,1,1,,,0
GSM,605,2,1781,55055,0,10.185,36.814,1000,1,1,,,0
UMTS,605,3,2100,527845,0,10.188,36.814,1000,1,1,,,0
UMTS,605,3,2100,527934,0,10.189,36.814,1000,1,1,,,0
UMTS,605,2,134,66815,0,10.189,36.814,1000,1,1,,,0
GSM,605,2,417,51776,0,10.191,36.814,1000,1,1,,,0
UMTS,605,2,134,117313,0,10.191,36.814,1000,1,1,,,0
UMTS,605,2,134,66954,0,10.181,36.814,1000,1,1,,,0
LTE,605,2,134,11551489,0,10.181,36.814,1000,1,1,,,0
UMTS,605,1,10006,67210,0,10.182,36.814,1000,1,1,,,0
LTE,605,3,4100,3923713,0,10.184,36.814,1000,1,1,,,0
GSM,605,3,1119,17907,0,10.187,36.814,1000,1,1,,,0
GSM,605,2,134,1774,0,10.19,36.815,1000,1,1,,,0
UMTS,605,3,2157,527929,0,10.19,36.815,1281,1,1,,,0
GSM,605,3,105,15657,0,10.18,36.815,1000,1,1,,,0
UMTS,605,3,2123,200189,0,10.184,36.815,1000,1,1,,,0
GSM,605,1,10012,812,0,10.189,36.815,1000,1,1,,,0
GSM,605,2,417,51775,0,10.191,36.815,1013,1,1,,,0
LTE,605,1,10006,13830,0,10.184,36.815,1000,1,1,,,0
GSM,605,2,417,54645,0,10.19,36.815,1000,1,1,,,0
UMTS,605,3,2100,658941,0,10.184,36.815,1000,1,1,,,0
GSM,605,2,417,51015,0,10.183,36.815,1000,1,1,,,0
GSM,605,2,417,55055,0,10.184,36.815,1000,1,1,,,0
GSM,605,1,10006,764,0,10.189,36.815,1005,1,1,,,0
GSM,605,1,10006,1264,0,10.191,36.815,1000,1,1,,,0
GSM,605,2,417,55054,0,10.181,36.815,1000,1,1,,,0
LTE,605,1,10006,32260,0,10.186,36.815,1612,1,1,,,0
UMTS,605,3,2100,688941,0,10.184,36.815,1000,1,1,,,0
GSM,605,2,417,50282,0,10.192,36.815,1000,1,1,,,0
UMTS,605,3,2100,658946,0,10.186,36.815,1000,1,1,,,0
LTE,605,3,4100,3923724,0,10.181,36.815,1000,1,1,,,0
GSM,605,2,134,4645,0,10.191,36.816,1000,1,1,,,0
UMTS,605,3,2157,658941,0,10.186,36.816,1000,1,1,,,0
UMTS,605,2,134,70587,0,10.181,36.816,1000,1,1,,,0
UMTS,605,3,2123,200190,0,10.181,36.816,1000,1,1,,,0
GSM,605,1,10006,1263,0,10.182,36.816,1000,1,1,,,0
UMTS,605,3,2119,200191,0,10.183,36.816,1000,1,1,,,0
UMTS,605,2,134,66811,0,10.187,36.816,1000,1,1,,,0
GSM,605,3,107,16728,0,10.187,36.816,1000,1,1,,,0
GSM,605,2,134,4642,0,10.191,36.816,1000,1,1,,,0
UMTS,605,1,10020,67207,0,10.181,36.816,1000,1,1,,,0
UMTS,605,2,134,70590,0,10.181,36.816,1000,1,1,,,0
UMTS,605,3,2100,658942,0,10.181,36.816,1000,1,1,,,0
UMTS,605,3,2100,688942,0,10.181,36.816,1000,1,1,,,0
UMTS,605,2,134,70593,0,10.181,36.816,1000,1,1,,,0
UMTS,605,1,10006,66800,0,10.182,36.816,1000,1,1,,,0
UMTS,605,1,10006,66079,0,10.184,36.816,1000,1,1,,,0
UMTS,605,3,2100,526885,0,10.184,36.816,1000,1,1,,,0
GSM,605,1,1781,546,0,10.184,36.816,1000,1,1,,,0
GSM,605,1,1781,1264,0,10.185,36.816,1000,1,1,,,0
UMTS,605,3,2157,658946,0,10.186,36.816,1000,1,1,,,0
UMTS,605,2,134,66808,0,10.186,36.816,1000,1,1,,,0
GSM,605,3,107,16722,0,10.188,36.816,1000,1,1,,,0
UMTS,605,1,10006,66080,0,10.188,36.816,1000,1,1,,,0
UMTS,605,1,10012,7274660,0,10.191,36.816,1000,1,1,,,0
UMTS,605,1,10006,65698,0,10.191,36.816,1000,1,1,,,0
UMTS,605,1,10006,68116,0,10.191,36.816,1000,1,1,,,0
UMTS,605,3,2157,479889,0,10.192,36.816,1000,1,1,,,0
UMTS,605,1,10005,65698,0,10.192,36.816,1000,1,1,,,0
LTE,605,2,134,11545858,0,10.18,36.816,1000,1,1,,,0
LTE,605,3,4157,3852290,0,10.187,36.816,1941,1,1,,,0
LTE,605,3,4157,3918102,0,10.191,36.816,1000,1,1,,,0
UMTS,605,2,134,67309,0,10.184,36.816,1000,1,1,,,0
GSM,605,3,107,16727,0,10.188,36.816,1092,1,1,,,0
UMTS,605,3,2157,557929,0,10.192,36.816,1137,1,1,,,0
GSM,605,1,10006,1672,0,10.181,36.816,1000,1,1,,,0
LTE,605,2,134,11551499,0,10.185,36.816,1000,1,1,,,0
UMTS,605,1,10006,65701,0,10.189,36.816,1000,1,1,,,0
UMTS,605,2,134,70181,0,10.191,36.816,1000,1,1,,,0
GSM,605,1,10006,2572,0,10.187,36.816,1000,1,1,,,0
GSM,605,3,107,16721,0,10.188,36.816,1000,1,1,,,0
UMTS,605,1,10006,66082,0,10.184,36.816,1000,1,1,,,0
LTE,605,3,4157,3852300,0,10.184,36.816,1000,1,1,,,0
UMTS,605,1,10006,68108,0,10.186,36.816,1000,1,1,,,0
LTE,605,1,10020,4101,0,10.19,36.816,1000,1,1,,,0
UMTS,605,3,2119,230191,0,10.184,36.816,1000,1,1,,,0
UMTS,605,2,134,70178,0,10.192,36.816,1000,1,1,,,0
GSM,605,2,417,54574,0,10.181,36.817,1000,1,1,,,0
UMTS,605,3,2100,658948,0,10.182,36.817,1000,1,1,,,0
UMTS,605,2,134,116554,0,10.184,36.817,1000,1,1,,,0
UMTS,605,2,134,116814,0,10.189,36.817,1000,1,1,,,0
UMTS,605,3,2101,99088,0,10.191,36.817,1000,1,1,,,0
LTE,605,2,134,11673601,0,10.181,36.817,1000,1,1,,,0
GSM,605,2,134,312,0,10.192,36.817,1000,1,1,,,0
GSM,605,2,417,53755,0,10.182,36.817,1000,1,1,,,0
UMTS,605,1,10006,71258,0,10.182,36.817,1000,1,1,,,0
LTE,605,3,4157,3918092,0,10.19,36.817,1423,1,1,,,0
GSM,605,2,417,51271,0,10.191,36.817,1000,1,1,,,0
GSM,605,1,10006,682,0,10.181,36.817,1000,1,1,,,0
UMTS,605,1,10006,66803,0,10.181,36.817,1000,1,1,,,0
UMTS,605,1,10006,66224,0,10.181,36.817,1000,1,1,,,0
UMTS,605,3,2100,688943,0,10.181,36.817,1000,1,1,,,0
UMTS,605,3,2100,687961,0,10.181,36.817,1000,1,1,,,0
GSM,605,2,417,51012,0,10.182,36.817,1000,1,1,,,0
GSM,605,2,417,51016,0,10.182,36.817,1000,1,1,,,0
UMTS,605,3,2100,688948,0,10.182,36.817,1000,1,1,,,0
UMTS,605,1,10001,50594049,0,10.184,36.817,1000,1,1,,,0
GSM,605,1,10001,685,0,10.184,36.817,1000,1,1,,,0
UMTS,605,1,10001,66803,0,10.184,36.817,1000,1,1,,,0
UMTS,605,3,2119,200196,0,10.184,36.817,1000,1,1,,,0
GSM,605,2,417,51276,0,10.184,36.817,1000,1,1,,,0
UMTS,605,3,2157,658943,0,10.184,36.817,1000,1,1,,,0
UMTS,605,3,2100,526880,0,10.184,36.817,1000,1,1,,,0
LTE,605,2,200,11545868,0,10.184,36.817,1000,1,1,,,0
UMTS,605,1,10006,68115,0,10.185,36.817,1000,1,1,,,0
UMTS,605,3,2119,227039,0,10.185,36.817,1000,1,1,,,0
GSM,605,1,10006,2575,0,10.186,36.817,1000,1,1,,,0
UMTS,605,1,10020,65705,0,10.188,36.817,1000,1,1,,,0
UMTS,605,3,2100,556901,0,10.188,36.817,1000,1,1,,,0
GSM,605,1,10006,546,0,10.19,36.817,1000,1,1,,,0
LTE,605,2,134,11545878,0,10.185,36.817,1000,1,1,,,0
UMTS,605,3,2157,526880,0,10.184,36.818,1000,1,1,,,0
UMTS,605,2,134,67312,0,10.186,36.818,1157,1,1,,,0
LTE,605,2,134,11649281,0,10.182,36.818,1000,1,1,,,0
LTE,605,3,4100,3923725,0,10.183,36.818,1000,1,1,,,0
UMTS,605,1,10006,70286,0,10.183,36.818,1000,1,1,,,0
LTE,605,2,134,11545868,0,10.185,36.818,1000,1,1,,,0
UMTS,605,2,134,70107,0,10.18,36.818,1000,1,1,,,0
LTE,605,3,4157,3852301,0,10.184,36.818,1000,1,1,,,0
GSM,605,1,10006,2574,0,10.186,36.818,1000,1,1,,,0
GSM,605,2,417,51014,0,10.186,36.818,1000,1,1,,,0
UMTS,605,3,2157,527840,0,10.189,36.818,1000,1,1,,,0
LTE,605,2,134,11545859,0,10.181,36.818,1000,1,1,,,0
UMTS,605,1,10006,68114,0,10.185,36.818,1000,1,1,,,0
GSM,605,3,107,15047,0,10.184,36.818,1000,1,1,,,0
GSM,605,1,10006,1674,0,10.188,36.818,3017,1,1,,,0
GSM,605,3,1137,16728,0,10.183,36.818,1000,1,1,,,0
GSM,605,1,10006,2573,0,10.184,36.818,1000,1,1,,,0
GSM,605,1,10006,686,0,10.181,36.819,1000,1,1,,,0
GSM,605,3,1119,10481,0,10.182,36.819,1000,1,1,,,0
GSM,605,3,1119,15043,0,10.182,36.819,1000,1,1,,,0
GSM,605,3,1137,16723,0,10.182,36.819,1000,1,1,,,0
GSM,605,3,1119,15042,0,10.182,36.819,1000,1,1,,,0
UMTS,605,3,2119,556881,0,10.182,36.819,1000,1,1,,,0
LTE,605,2,134,11545869,0,10.182,36.819,1000,1,1,,,0
LTE,605,2,134,11545857,0,10.184,36.819,1000,1,1,,,0
LTE,605,3,4157,3852289,0,10.186,36.819,1000,1,1,,,0
UMTS,605,2,134,66810,0,10.186,36.819,1000,1,1,,,0
UMTS,605,1,10006,66085,0,10.186,36.819,1000,1,1,,,0
UMTS,605,2,134,65818,0,10.192,36.819,1000,1,1,,,0
GSM,605,1,10006,543,0,10.18,36.819,1000,1,1,,,0
UMTS,605,3,2100,556880,0,10.183,36.819,1000,1,1,,,0
LTE,605,3,4100,3841547,0,10.184,36.819,1000,1,1,,,0
UMTS,605,1,10006,68111,0,10.185,36.819,1000,1,1,,,0
GSM,605,1,10006,2571,0,10.185,36.819,1000,1,1,,,0
UMTS,605,1,10006,66083,0,10.187,36.819,1000,1,1,,,0
LTE,605,2,134,11527170,0,10.188,36.819,1000,1,1,,,0
UMTS,605,1,10020,65701,0,10.19,36.819,1000,1,1,,,0
GSM,605,2,417,51274,0,10.191,36.819,1000,1,1,,,0
LTE,605,1,10006,17410,0,10.181,36.819,1000,1,1,,,0
LTE,605,3,4157,3852291,0,10.185,36.819,1000,1,1,,,0
UMTS,605,1,10006,66218,0,10.181,36.819,1000,1,1,,,0
UMTS,605,2,134,66551,0,10.186,36.819,1000,1,1,,,0
UMTS,605,3,2100,687716,0,10.184,36.819,1000,1,1,,,0
GSM,605,1,10006,2576,0,10.184,36.819,1000,1,1,,,0
LTE,605,1,10006,65798,0,10.181,36.819,1919,1,1,,,0
UMTS,605,3,2157,557840,0,10.191,36.819,1000,1,1,,,0
LTE,605,2,134,11545867,0,10.186,36.82,1000,1,1,,,0
UMTS,605,3,2100,657716,0,10.183,36.82,1000,1,1,,,0
LTE,605,3,4100,3923715,0,10.186,36.82,1000,1,1,,,0
UMTS,605,1,10006,66221,0,10.181,36.82,1000,1,1,,,0
GSM,605,3,1119,15041,0,10.181,36.82,1000,1,1,,,0
UMTS,605,3,2100,687711,0,10.182,36.82,1000,1,1,,,0
UMTS,605,2,134,66550,0,10.184,36.82,1000,1,1,,,0
UMTS,605,3,2157,556881,0,10.184,36.82,1000,1,1,,,0
UMTS,605,2,134,65798,0,10.184,36.82,1000,1,1,,,0
UMTS,605,3,2157,65798,0,10.184,36.82,1000,1,1,,,0
GSM,605,3,1137,16722,0,10.185,36.82,1000,1,1,,,0
UMTS,605,1,10006,68110,0,10.186,36.82,1000,1,1,,,0
UMTS,605,3,2157,657711,0,10.186,36.82,1000,1,1,,,0
UMTS,605,1,10006,69246,0,10.186,36.82,1000,1,1,,,0
UMTS,605,1,10006,68107,0,10.188,36.82,1000,1,1,,,0
GSM,605,3,1137,17712,0,10.193,36.808,2392,1,1,,,0
UMTS,605,2,10001,46852,0,10.193,36.808,1000,1,1,,,0
UMTS,605,3,2157,557930,0,10.196,36.808,1790,1,1,,,0
LTE,605,2,134,11523083,0,10.197,36.808,2450,1,1,,,0
GSM,605,2,417,50062,0,10.196,36.81,3306,1,1,,,0
GSM,605,3,1137,17809,0,10.192,36.81,1947,1,1,,,0
LTE,605,2,134,11570691,0,10.194,36.811,1239,1,1,,,0
UMTS,605,3,2157,527845,0,10.193,36.811,1000,1,1,,,0
UMTS,605,1,2157,1674,0,10.194,36.811,1000,1,1,,,0
GSM,605,3,1137,17801,0,10.193,36.812,1000,1,1,,,0
UMTS,605,3,4157,3934210,0,10.203,36.812,1912,1,1,,,0
LTE,605,3,4164,3085325,0,10.194,36.813,3805,1,1,,,0
UMTS,605,1,10001,68108,0,10.193,36.813,1000,1,1,,,0
GSM,605,1,10001,7234,0,10.198,36.813,1041,1,1,,,0
LTE,605,1,10020,4098,0,10.192,36.814,1617,1,1,,,0
UMTS,605,3,2157,531604,0,10.204,36.814,5329,1,1,,,0
LTE,605,3,4157,3853570,0,10.195,36.815,1377,1,1,,,0
UMTS,605,1,10020,67250,0,10.195,36.816,1000,1,1,,,0
LTE,605,3,4157,3934219,0,10.192,36.816,1359,1,1,,,0
LTE,605,3,4100,3923723,0,10.192,36.816,3344,1,1,,,0
UMTS,605,2,134,65821,0,10.194,36.817,1000,1,1,,,0
UMTS,605,2,10006,13828,0,10.196,36.817,1000,1,1,,,0
GSM,605,2,417,51771,0,10.193,36.817,1000,1,1,,,0
UMTS,605,2,134,66812,0,10.193,36.817,1000,1,1,,,0
GSM,605,1,10006,541,0,10.193,36.817,1000,1,1,,,0
UMTS,605,2,134,66554,0,10.193,36.817,1000,1,1,,,0
UMTS,605,3,2157,1048576,0,10.196,36.817,1000,1,1,,,0
UMTS,605,2,134,70180,0,10.193,36.817,1000,1,1,,,0
UMTS,605,1,10020,66080,0,10.193,36.818,1000,1,1,,,0
GSM,605,3,1137,17718,0,10.194,36.818,1000,1,1,,,0
GSM,605,2,417,51774,0,10.194,36.818,1000,1,1,,,0
UMTS,605,2,10020,4100,0,10.197,36.818,1000,1,1,,,0
UMTS,605,3,2101,99087,0,10.195,36.819,1000,1,1,,,0
GSM,605,1,10006,7234,0,10.195,36.819,1000,1,1,,,0
UMTS,605,3,2157,527844,0,10.195,36.819,1000,1,1,,,0
UMTS,605,1,10005,65697,0,10.195,36.819,1000,1,1,,,0
UMTS,605,1,10020,65703,0,10.199,36.819,1000,1,1,,,0
LTE,605,1,10006,13828,0,10.193,36.819,1000,1,1,,,0
UMTS,605,2,134,70177,0,10.194,36.819,1000,1,1,,,0
GSM,605,3,1118,11320,0,10.199,36.819,1510,1,1,,,0
UMTS,605,1,10006,66766,0,10.193,36.819,1000,1,1,,,0
GSM,605,1,10020,161,0,10.194,36.819,1000,1,1,,,0
UMTS,605,1,10020,67236,0,10.195,36.819,1000,1,1,,,0
UMTS,605,2,134,67307,0,10.193,36.819,1098,1,1,,,0
GSM,605,3,1137,17711,0,10.195,36.82,1000,1,1,,,0
UMTS,605,2,134,115854,0,10.195,36.82,1000,1,1,,,0
UMTS,605,1,10005,65700,0,10.195,36.82,1000,1,1,,,0
UMTS,605,3,2157,479888,0,10.196,36.82,1000,1,1,,,0
UMTS,605,1,10005,67236,0,10.196,36.82,1000,1,1,,,0
LTE,605,3,4164,3890443,0,10.212,36.811,3254,1,1,,,0
GSM,605,3,1116,15892,0,10.208,36.813,4962,1,1,,,0
UMTS,605,3,2157,556596,0,10.215,36.82,1000,1,1,,,0
GSM,605,3,1116,17018,0,10.206,36.82,2796,1,1,,,0
GSM,605,2,417,51805,0,10.219,36.81,1000,1,1,,,0
GSM,605,2,134,4641,0,10.219,36.814,3793,1,1,,,0
GSM,605,1,10013,11003,0,10.219,36.815,2341,1,1,,,0
GSM,605,2,409,52782,0,10.227,36.82,2783,1,1,,,0
GSM,605,3,1108,12650,0,10.232,36.812,4296,1,1,,,0
GSM,605,3,1108,11237,0,10.238,36.812,2248,1,1,,,0
LTE,605,3,4164,3115275,0,10.232,36.813,5133,1,1,,,0
UMTS,605,2,137,313111,0,10.232,36.814,4287,1,1,,,0
GSM,605,2,409,41308,0,10.231,36.815,5546,1,1,,,0
GSM,605,1,10017,8521,0,10.25,36.81,1057,1,1,,,0
UMTS,605,1,10005,75995,0,10.252,36.814,1589,1,1,,,0
LTE,605,3,4157,3898636,0,10.241,36.814,3351,1,1,,,0
LTE,605,3,4164,3098379,0,10.26,36.808,1000,1,1,,,0
GSM,605,1,10004,2321,0,10.259,36.808,1793,1,1,,,0
GSM,605,2,409,55842,0,10.257,36.809,1022,1,1,,,0
UMTS,605,1,10004,75620,0,10.26,36.809,1000,1,1,,,0
GSM,605,2,137,2701,0,10.261,36.81,1000,1,1,,,0
UMTS,605,2,137,69341,0,10.263,36.81,1000,1,1,,,0
GSM,605,2,139,9674,0,10.26,36.81,1000,1,1,,,0
GSM,605,3,125,15602,0,10.259,36.81,1000,1,1,,,0
GSM,605,2,409,50636,0,10.259,36.81,1000,1,1,,,0
UMTS,605,3,2164,788634,0,10.261,36.81,1000,1,1,,,0
LTE,605,1,10001,4865,0,10.262,36.81,1000,1,1,,,0
LTE,605,3,4154,3083265,0,10.262,36.81,1000,1,1,,,0
LTE,605,2,230,11679501,0,10.263,36.811,1718,1,1,,,0
LTE,605,2,137,11745803,0,10.263,36.811,1000,1,1,,,0
GSM,605,2,139,2785,0,10.263,36.811,1000,1,1,,,0
LTE,605,3,4164,3092235,0,10.261,36.811,1000,1,1,,,0
GSM,605,2,135,5823,0,10.263,36.811,1000,1,1,,,0
LTE,605,3,4164,3101963,0,10.261,36.811,1000,1,1,,,0
GSM,605,3,137,16721,0,10.261,36.812,1000,1,1,,,0
LTE,605,3,4154,3888899,0,10.261,36.812,1000,1,1,,,0
GSM,605,1,10004,10393,0,10.254,36.812,2603,1,1,,,0
UMTS,605,3,2154,139518,0,10.263,36.813,1000,1,1,,,0
UMTS,605,3,2154,162713,0,10.273,36.809,1000,1,1,,,0
UMTS,605,3,2165,818515,0,10.273,36.809,1000,1,1,,,0
GSM,605,2,137,50527,0,10.264,36.809,1000,1,1,,,0
GSM,605,2,409,53183,0,10.267,36.81,9070,1,1,,,0
GSM,605,2,137,2785,0,10.265,36.81,1000,1,1,,,0
GSM,605,2,137,631,0,10.272,36.81,1000,1,1,,,0
GSM,605,2,137,53183,0,10.265,36.81,1000,1,1,,,0
GSM,605,3,1101,10379,0,10.265,36.81,1000,1,1,,,0
UMTS,605,1,10004,67651,0,10.266,36.81,1000,1,1,,,0
UMTS,605,3,2164,818515,0,10.266,36.81,1000,1,1,,,0
UMTS,605,3,2154,163155,0,10.269,36.81,1000,1,1,,,0
UMTS,605,1,10004,75617,0,10.27,36.81,1000,1,1,,,0
GSM,605,3,108,11003,0,10.273,36.81,1000,1,1,,,0
UMTS,605,3,2245,39502558,0,10.273,36.81,1000,1,1,,,0
UMTS,605,3,2164,788520,0,10.273,36.81,1000,1,1,,,0
UMTS,605,2,139,118725,0,10.271,36.811,1000,1,1,,,0
GSM,605,2,137,2704,0,10.273,36.811,1000,1,1,,,0
UMTS,605,2,139,264848,0,10.274,36.811,1000,1,1,,,0
UMTS,605,1,10004,68068,0,10.269,36.811,1000,1,1,,,0
GSM,605,2,417,53191,0,10.265,36.812,1000,1,1,,,0
UMTS,605,3,2154,133160,0,10.273,36.812,1000,1,1,,,0
UMTS,605,3,2154,133155,0,10.274,36.812,1000,1,1,,,0
UMTS,605,3,2154,133153,0,10.274,36.812,1000,1,1,,,0
UMTS,605,3,2164,789670,0,10.274,36.812,1000,1,1,,,0
GSM,605,2,409,52704,0,10.276,36.812,1000,1,1,,,0
UMTS,605,3,2154,68788,0,10.276,36.812,1000,1,1,,,0
GSM,605,2,401,53183,0,10.273,36.812,1000,1,1,,,0
GSM,605,3,1108,17799,0,10.274,36.813,1000,1,1,,,0
UMTS,605,3,2154,164305,0,10.273,36.813,1000,1,1,,,0
GSM,605,1,10020,652,0,10.271,36.816,1000,1,1,,,0
LTE,605,1,10004,44037,0,10.266,36.818,1478,1,1,,,0
GSM,605,1,10004,10401,0,10.278,36.81,3275,1,1,,,0
GSM,605,2,401,52704,0,10.276,36.812,2290,1,1,,,0
GSM,605,2,139,2704,0,10.278,36.812,1000,1,1,,,0
UMTS,605,2,1000,72437,0,10.278,36.812,1000,1,1,,,0
GSM,605,2,401,52701,0,10.283,36.812,1000,1,1,,,0
GSM,605,2,139,53183,0,10.278,36.813,1000,1,1,,,0
GSM,605,3,1101,10378,0,10.277,36.813,1000,1,1,,,0
UMTS,605,2,409,116365,0,10.278,36.813,1000,1,1,,,0
GSM,605,3,108,11001,0,10.28,36.813,1000,1,1,,,0
GSM,605,3,1137,18188,0,10.28,36.813,1000,1,1,,,0
GSM,605,3,1121,18519,0,10.28,36.813,1000,1,1,,,0
UMTS,605,1,10020,75617,0,10.28,36.813,1000,1,1,,,0
UMTS,605,3,2154,134310,0,10.281,36.813,1000,1,1,,,0
LTE,605,1,10004,45320,0,10.28,36.813,1000,1,1,,,0
UMTS,605,2,139,68722,0,10.287,36.814,1000,1,1,,,0
UMTS,605,3,2154,163153,0,10.281,36.814,1000,1,1,,,0
LTE,605,3,4154,3098381,0,10.284,36.814,1000,1,1,,,0
LTE,605,3,4154,3888909,0,10.284,36.814,1000,1,1,,,0
LTE,605,2,1000,11588876,0,10.281,36.815,1000,1,1,,,0
LTE,605,3,4185,4003340,0,10.283,36.816,1000,1,1,,,0
UMTS,605,3,2101,164305,0,10.281,36.816,1000,1,1,,,0
LTE,605,1,10004,57369,0,10.284,36.817,1000,1,1,,,0
GSM,605,2,139,3184,0,10.283,36.817,1000,1,1,,,0
GSM,605,2,139,5795,0,10.284,36.817,1000,1,1,,,0
UMTS,605,1,10004,66191,0,10.285,36.817,1000,1,1,,,0
UMTS,605,3,2200,694023,0,10.287,36.817,1000,1,1,,,0
UMTS,605,3,2164,819665,0,10.287,36.817,1000,1,1,,,0
UMTS,605,3,2154,134305,0,10.285,36.817,1000,1,1,,,0
LTE,605,1,10004,57372,0,10.287,36.817,1000,1,1,,,0
GSM,605,3,1108,11007,0,10.285,36.817,2676,1,1,,,0
LTE,605,1,10004,50185,0,10.287,36.818,1000,1,1,,,0
GSM,605,2,411,50366,0,10.298,36.809,1000,1,1,,,0
UMTS,605,3,2154,162994,0,10.298,36.81,4182,1,1,,,0
GSM,605,3,1108,17792,0,10.296,36.81,1000,1,1,,,0
GSM,605,3,1108,17798,0,10.296,36.812,1000,1,1,,,0
UMTS,605,3,2164,789664,0,10.294,36.812,1000,1,1,,,0
UMTS,605,2,139,68719,0,10.291,36.813,1000,1,1,,,0
UMTS,605,3,2164,789669,0,10.294,36.813,1000,1,1,,,0
GSM,605,1,10013,10153,0,10.299,36.813,1000,1,1,,,0
GSM,605,2,409,53182,0,10.298,36.814,1000,1,1,,,0
UMTS,605,2,139,68725,0,10.294,36.814,1000,1,1,,,0
UMTS,605,2,139,118724,0,10.295,36.814,1000,1,1,,,0
UMTS,605,1,10005,77793,0,10.296,36.815,2883,1,1,,,0
UMTS,605,3,2164,789663,0,10.295,36.815,1000,1,1,,,0
GSM,605,1,10004,292,0,10.295,36.816,1000,1,1,,,0
GSM,605,2,409,50822,0,10.299,36.816,1000,1,1,,,0
UMTS,605,2,139,120105,0,10.297,36.817,1000,1,1,,,0
GSM,605,3,1108,15612,0,10.298,36.817,1000,1,1,,,0
UMTS,605,3,2154,134309,0,10.298,36.817,1000,1,1,,,0
GSM,605,2,409,50825,0,10.296,36.818,1365,1,1,,,0
LTE,605,1,10004,90114,0,10.288,36.818,1000,1,1,,,0
GSM,605,2,139,1312,0,10.288,36.819,1000,1,1,,,0
UMTS,605,1,10020,72841,0,10.289,36.819,1000,1,1,,,0
LTE,605,3,4164,3892492,0,10.289,36.819,1000,1,1,,,0
GSM,605,3,111,17793,0,10.291,36.819,1000,1,1,,,0
UMTS,605,1,10004,67579,0,10.296,36.819,1000,1,1,,,0
GSM,605,1,10004,463,0,10.3,36.819,1085,1,1,,,0
LTE,605,3,4165,55103758,0,10.29,36.819,1000,1,1,,,0
GSM,605,2,137,55448,0,10.293,36.82,1000,1,1,,,0
GSM,605,1,10004,592,0,10.3,36.82,1000,1,1,,,0
UMTS,605,1,10004,66002,0,10.3,36.82,1000,1,1,,,0
UMTS,605,3,2164,819663,0,10.291,36.82,1000,1,1,,,0
UMTS,605,1,10004,67146,0,10.292,36.82,1000,1,1,,,0
UMTS,605,1,10020,68071,0,10.294,36.82,1000,1,1,,,0
UMTS,605,2,139,72238,0,10.294,36.82,1000,1,1,,,0
UMTS,605,2,139,65584,0,10.295,36.82,1000,1,1,,,0
UMTS,605,2,139,118423,0,10.295,36.82,1000,1,1,,,0
UMTS,605,3,2154,164303,0,10.296,36.82,1000,1,1,,,0
UMTS,605,3,2154,134303,0,10.296,36.82,1000,1,1,,,0
UMTS,605,3,2154,164504,0,10.299,36.82,1000,1,1,,,0
GSM,605,3,1108,15618,0,10.302,36.809,1000,1,1,,,0
GSM,605,3,1108,12403,0,10.304,36.809,1000,1,1,,,0
UMTS,605,2,139,66427,0,10.306,36.809,1000,1,1,,,0
GSM,605,1,10005,10661,0,10.306,36.809,7987,1,1,,,0
UMTS,605,3,2154,139549,0,10.303,36.81,1000,1,1,,,0
GSM,605,3,1494,17792,0,10.301,36.81,1000,1,1,,,0
UMTS,605,2,139,66428,0,10.304,36.81,1000,1,1,,,0
GSM,605,2,409,50894,0,10.302,36.81,1000,1,1,,,0
GSM,605,3,1108,18488,0,10.306,36.81,1000,1,1,,,0
UMTS,605,1,10004,69566,0,10.306,36.81,1000,1,1,,,0
UMTS,605,1,10004,66003,0,10.306,36.81,1000,1,1,,,0
GSM,605,2,409,52882,0,10.301,36.81,10794,1,1,,,0
UMTS,605,1,10004,67578,0,10.305,36.811,1000,1,1,,,0
UMTS,605,1,10004,70578,0,10.305,36.811,1000,1,1,,,0
UMTS,605,2,139,66430,0,10.304,36.812,1000,1,1,,,0
UMTS,605,2,139,66364,0,10.304,36.812,1000,1,1,,,0
GSM,605,3,1108,16951,0,10.304,36.812,1000,1,1,,,0
UMTS,605,2,135,184010,0,10.304,36.812,1000,1,1,,,0
UMTS,605,3,2164,794909,0,10.304,36.812,1000,1,1,,,0
GSM,605,2,409,50895,0,10.303,36.812,1000,1,1,,,0
GSM,605,3,1108,18482,0,10.304,36.812,1000,1,1,,,0
UMTS,605,2,139,65582,0,10.303,36.813,1000,1,1,,,0
UMTS,605,2,139,65580,0,10.303,36.813,1000,1,1,,,0
UMTS,605,3,2154,139545,0,10.303,36.813,1000,1,1,,,0
LTE,605,1,10004,52229,0,10.304,36.813,1000,1,1,,,0
GSM,605,2,409,50891,0,10.302,36.813,1000,1,1,,,0
UMTS,605,2,1000,71328,0,10.302,36.813,1000,1,1,,,0
GSM,605,2,409,53181,0,10.302,36.813,1000,1,1,,,0
GSM,605,3,1108,17791,0,10.301,36.814,1000,1,1,,,0
UMTS,605,2,139,120104,0,10.305,36.814,1000,1,1,,,0
UMTS,605,1,10004,66005,0,10.305,36.814,1000,1,1,,,0
UMTS,605,3,2154,169545,0,10.3,36.814,1000,1,1,,,0
LTE,605,1,10004,34562,0,10.3,36.814,1000,1,1,,,0
UMTS,605,3,2154,139550,0,10.302,36.814,1000,1,1,,,0
UMTS,605,2,139,65577,0,10.303,36.814,1000,1,1,,,0
UMTS,605,1,10004,65998,0,10.304,36.814,1000,1,1,,,0
UMTS,605,3,2154,139543,0,10.304,36.814,1000,1,1,,,0
UMTS,605,3,2154,139548,0,10.304,36.814,1000,1,1,,,0
GSM,605,3,1108,18481,0,10.306,36.814,1000,1,1,,,0
GSM,605,3,1108,17292,0,10.306,36.814,1000,1,1,,,0
GSM,605,2,409,41310,0,10.303,36.815,1000,1,1,,,0
UMTS,605,1,10004,67581,0,10.305,36.815,1000,1,1,,,0
UMTS,605,2,139,65579,0,10.3,36.816,1000,1,1,,,0
GSM,605,2,414,52922,0,10.3,36.816,1000,1,1,,,0
UMTS,605,2,139,65578,0,10.304,36.816,1000,1,1,,,0
UMTS,605,3,2154,134369,0,10.304,36.816,1000,1,1,,,0
UMTS,605,3,2154,134364,0,10.304,36.816,1000,1,1,,,0
UMTS,605,1,10004,66726,0,10.302,36.816,1000,1,1,,,0
UMTS,605,2,1000,122443,0,10.301,36.817,1000,1,1,,,0
LTE,605,2,139,11297547,0,10.305,36.817,1000,1,1,,,0
LTE,605,2,139,11593740,0,10.305,36.817,1000,1,1,,,0
GSM,605,2,409,52885,0,10.304,36.817,1000,1,1,,,0
UMTS,605,1,10004,65999,0,10.304,36.817,1000,1,1,,,0
UMTS,605,2,139,68421,0,10.304,36.817,1000,1,1,,,0
GSM,605,2,409,50892,0,10.304,36.817,1000,1,1,,,0
UMTS,605,3,2164,789723,0,10.304,36.817,1000,1,1,,,0
UMTS,605,2,139,68418,0,10.306,36.817,1000,1,1,,,0
UMTS,605,2,139,65581,0,10.306,36.817,1000,1,1,,,0
UMTS,605,3,2154,134363,0,10.306,36.817,1000,1,1,,,0
UMTS,605,1,10020,65997,0,10.306,36.817,1000,1,1,,,0
UMTS,605,2,139,68417,0,10.307,36.817,1000,1,1,,,0
UMTS,605,3,2154,134368,0,10.307,36.817,1000,1,1,,,0
UMTS,605,3,2154,169543,0,10.307,36.817,1000,1,1,,,0
GSM,605,1,10004,461,0,10.307,36.817,1000,1,1,,,0
GSM,605,2,409,41309,0,10.301,36.817,1000,1,1,,,0
UMTS,605,1,10004,65996,0,10.306,36.818,1000,1,1,,,0
LTE,605,2,139,11593739,0,10.308,36.818,1000,1,1,,,0
UMTS,605,3,2154,164364,0,10.302,36.819,1000,1,1,,,0
UMTS,605,3,2164,796548,0,10.303,36.819,1000,1,1,,,0
UMTS,605,2,139,68420,0,10.306,36.819,1000,1,1,,,0
UMTS,605,3,2154,164363,0,10.306,36.819,1000,1,1,,,0
LTE,605,2,139,11297537,0,10.307,36.819,1000,1,1,,,0
UMTS,605,3,2154,134504,0,10.307,36.819,1000,1,1,,,0
UMTS,605,3,2154,134509,0,10.307,36.819,1000,1,1,,,0
UMTS,605,3,2154,192649,0,10.307,36.819,1000,1,1,,,0
UMTS,605,1,10004,65997,0,10.309,36.82,1000,1,1,,,0
UMTS,605,2,139,68419,0,10.304,36.82,1000,1,1,,,0
GSM,605,2,409,52042,0,10.307,36.82,1000,1,1,,,0
GSM,605,1,1781,464,0,10.306,36.82,1000,1,1,,,0
UMTS,605,3,2154,192105,0,10.309,36.82,1000,1,1,,,0
UMTS,605,3,2154,164503,0,10.309,36.82,1000,1,1,,,0
UMTS,605,3,2154,163874,0,10.309,36.82,1000,1,1,,,0
UMTS,605,1,10014,7329316,0,10.309,36.82,1000,1,1,,,0
UMTS,605,1,10004,66894,0,10.309,36.82,1000,1,1,,,0
LTE,605,1,10017,64526,0,10.128,36.82,3489,1,1,,,0
UMTS,605,3,2100,655951,0,10.131,36.821,1000,1,1,,,0
UMTS,605,1,10019,7279649,0,10.131,36.821,1642,1,1,,,0
UMTS,605,1,10017,50594049,0,10.125,36.821,1000,1,1,,,0
LTE,605,1,10017,16136,0,10.122,36.821,1000,1,1,,,0
UMTS,605,3,2100,661288,0,10.123,36.822,1000,1,1,,,0
UMTS,605,3,2100,656671,0,10.131,36.822,1000,1,1,,,0
UMTS,605,1,10017,7276657,0,10.122,36.822,1333,1,1,,,0
LTE,605,2,136,11546627,0,10.126,36.822,1000,1,1,,,0
LTE,605,1,10017,16133,0,10.121,36.823,1000,1,1,,,0
UMTS,605,2,136,199653,0,10.123,36.823,1000,1,1,,,0
LTE,605,3,4100,3940620,0,10.123,36.823,1000,1,1,,,0
UMTS,605,2,135,135664,0,10.122,36.823,1000,1,1,,,0
LTE,605,3,4157,3928579,0,10.128,36.824,5063,1,1,,,0
UMTS,605,1,10017,7278546,0,10.125,36.824,1000,1,1,,,0
LTE,605,1,10017,16132,0,10.12,36.824,1000,1,1,,,0
UMTS,605,2,136,203423,0,10.122,36.824,1000,1,1,,,0
UMTS,605,1,10019,7279226,0,10.131,36.824,1000,1,1,,,0
GSM,605,1,10019,2465,0,10.131,36.824,1000,1,1,,,0
LTE,605,1,10017,16134,0,10.122,36.825,1000,1,1,,,0
UMTS,605,3,2100,656673,0,10.122,36.825,1000,1,1,,,0
UMTS,605,3,2100,685987,0,10.131,36.825,1000,1,1,,,0
UMTS,605,3,2100,655983,0,10.125,36.825,1000,1,1,,,0
UMTS,605,3,2100,655988,0,10.126,36.825,1000,1,1,,,0
UMTS,605,1,10017,7277186,0,10.122,36.825,1000,1,1,,,0
UMTS,605,1,10017,7276662,0,10.122,36.825,1000,1,1,,,0
UMTS,605,1,10017,7275132,0,10.122,36.825,1000,1,1,,,0
UMTS,605,1,10017,7275746,0,10.122,36.825,1000,1,1,,,0
GSM,605,2,416,57883,0,10.122,36.825,1000,1,1,,,0
GSM,605,2,416,56815,0,10.122,36.825,1000,1,1,,,0
GSM,605,3,1143,10248,0,10.126,36.825,1000,1,1,,,0
UMTS,605,1,10019,7276961,0,10.126,36.825,1000,1,1,,,0
UMTS,605,2,136,197651,0,10.12,36.826,1000,1,1,,,0
UMTS,605,1,10017,7275129,0,10.121,36.826,1000,1,1,,,0
UMTS,605,1,10017,7276659,0,10.12,36.826,1000,1,1,,,0
GSM,605,2,416,52542,0,10.12,36.827,1000,1,1,,,0
GSM,605,2,416,53043,0,10.12,36.827,1000,1,1,,,0
UMTS,605,1,10017,7276279,0,10.12,36.827,1000,1,1,,,0
UMTS,605,2,136,199654,0,10.12,36.827,1000,1,1,,,0
UMTS,605,1,10017,7276665,0,10.12,36.827,1000,1,1,,,0
GSM,605,1,10017,2163,0,10.12,36.827,1000,1,1,,,0
UMTS,605,3,2100,656762,0,10.122,36.827,1000,1,1,,,0
UMTS,605,3,2100,692908,0,10.123,36.827,1000,1,1,,,0
LTE,605,1,10017,55299,0,10.121,36.827,1000,1,1,,,0
UMTS,605,1,10017,7274899,0,10.123,36.827,1000,1,1,,,0
UMTS,605,3,2100,662903,0,10.121,36.828,1000,1,1,,,0
UMTS,605,1,10019,7282338,0,10.12,36.828,1000,1,1,,,0
UMTS,605,1,10019,7282341,0,10.12,36.828,1000,1,1,,,0
UMTS,605,1,10019,7282316,0,10.12,36.828,1000,1,1,,,0
UMTS,605,1,10017,7274902,0,10.129,36.828,1000,1,1,,,0
UMTS,605,3,2100,686111,0,10.129,36.828,1000,1,1,,,0
GSM,605,1,10017,476,0,10.129,36.828,1000,1,1,,,0
GSM,605,1,10017,473,0,10.129,36.828,1000,1,1,,,0
UMTS,605,3,2100,204155,0,10.13,36.828,1000,1,1,,,0
UMTS,605,2,136,198451,0,10.129,36.828,1000,1,1,,,0
UMTS,605,3,2100,686117,0,10.131,36.828,1000,1,1,,,0
UMTS,605,1,10017,7274972,0,10.131,36.828,1000,1,1,,,0
UMTS,605,2,136,249657,0,10.12,36.829,1000,1,1,,,0
GSM,605,2,416,56811,0,10.122,36.829,1000,1,1,,,0
UMTS,605,2,136,253425,0,10.122,36.829,1000,1,1,,,0
UMTS,605,2,136,254497,0,10.122,36.829,1000,1,1,,,0
GSM,605,2,416,51044,0,10.129,36.829,1000,1,1,,,0
GSM,605,2,416,51041,0,10.131,36.829,1000,1,1,,,0
UMTS,605,3,2100,662902,0,10.127,36.829,1000,1,1,,,0
LTE,605,3,4100,3940621,0,10.123,36.829,1229,1,1,,,0
UMTS,605,2,136,203425,0,10.122,36.83,1000,1,1,,,0
GSM,605,3,1143,15729,0,10.122,36.83,1000,1,1,,,0
GSM,605,3,1143,10249,0,10.122,36.83,1000,1,1,,,0
UMTS,605,2,136,203422,0,10.122,36.83,1000,1,1,,,0
UMTS,605,2,136,199651,0,10.122,36.83,1000,1,1,,,0
UMTS,605,2,136,199657,0,10.122,36.83,1000,1,1,,,0
UMTS,605,2,136,204491,0,10.122,36.83,1000,1,1,,,0
UMTS,605,2,136,247656,0,10.122,36.83,1000,1,1,,,0
UMTS,605,2,136,249655,0,10.122,36.83,1000,1,1,,,0
UMTS,605,2,136,197650,0,10.122,36.83,1000,1,1,,,0
UMTS,605,2,136,199652,0,10.122,36.83,1000,1,1,,,0
UMTS,605,2,136,197657,0,10.122,36.83,1000,1,1,,,0
UMTS,605,2,136,247657,0,10.122,36.83,1000,1,1,,,0
UMTS,605,2,136,197656,0,10.122,36.83,1000,1,1,,,0
UMTS,605,2,136,200540,0,10.122,36.83,1000,1,1,,,0
GSM,605,3,1143,18049,0,10.122,36.83,1000,1,1,,,0
GSM,605,3,1143,15882,0,10.123,36.83,1000,1,1,,,0
UMTS,605,3,2156,204149,0,10.125,36.83,1000,1,1,,,0
UMTS,605,2,136,200541,0,10.125,36.83,1000,1,1,,,0
GSM,605,2,416,53936,0,10.125,36.83,1000,1,1,,,0
UMTS,605,3,2100,692906,0,10.125,36.83,1000,1,1,,,0
UMTS,605,3,2100,662908,0,10.125,36.83,1000,1,1,,,0
UMTS,605,3,2100,692901,0,10.125,36.83,1000,1,1,,,0
GSM,605,3,1143,10247,0,10.125,36.83,1000,1,1,,,0
GSM,605,3,1143,15778,0,10.125,36.83,1000,1,1,,,0
UMTS,605,3,2100,655992,0,10.125,36.83,1000,1,1,,,0
UMTS,605,2,136,253937,0,10.125,36.83,1000,1,1,,,0
GSM,605,3,1143,10243,0,10.125,36.83,1000,1,1,,,0
UMTS,605,3,2156,204150,0,10.126,36.83,1000,1,1,,,0
UMTS,605,3,2156,204155,0,10.127,36.83,1000,1,1,,,0
LTE,605,3,4100,3877891,0,10.127,36.83,1000,1,1,,,0
UMTS,605,1,10017,7281877,0,10.13,36.83,1000,1,1,,,0
UMTS,605,1,10019,7276959,0,10.124,36.83,1000,1,1,,,0
UMTS,605,3,2100,662901,0,10.125,36.83,1000,1,1,,,0
LTE,605,1,10019,16385,0,10.122,36.83,1000,1,1,,,0
UMTS,605,1,10017,7274988,0,10.131,36.83,1000,1,1,,,0
UMTS,605,2,136,250547,0,10.125,36.83,1000,1,1,,,0
UMTS,605,2,240,133574,0,10.13,36.831,1000,1,1,,,0
UMTS,605,2,136,252775,0,10.121,36.831,1000,1,1,,,0
GSM,605,3,1143,10241,0,10.12,36.831,1000,1,1,,,0
UMTS,605,1,10014,7282340,0,10.122,36.831,1000,1,1,,,0
UMTS,605,3,2156,204156,0,10.123,36.831,1000,1,1,,,0
UMTS,605,3,2156,204151,0,10.123,36.831,1000,1,1,,,0
UMTS,605,2,136,203419,0,10.123,36.831,1000,1,1,,,0
UMTS,605,3,2100,406,0,10.123,36.831,1000,1,1,,,0
GSM,605,1,10019,2466,0,10.123,36.831,1000,1,1,,,0
GSM,605,2,416,53934,0,10.123,36.831,1000,1,1,,,0
UMTS,605,3,2156,204154,0,10.125,36.831,1000,1,1,,,0
LTE,605,3,4100,3848451,0,10.131,36.831,1000,1,1,,,0
UMTS,605,1,10017,7276584,0,10.131,36.831,1000,1,1,,,0
LTE,605,2,1020,11657987,0,10.134,36.82,1000,1,1,,,0
LTE,605,3,4100,3906574,0,10.134,36.82,1000,1,1,,,0
GSM,605,2,418,55392,0,10.142,36.82,1000,1,1,,,0
LTE,605,1,10017,64514,0,10.141,36.82,1000,1,1,,,0
UMTS,605,3,2100,686452,0,10.141,36.82,1000,1,1,,,0
UMTS,605,3,2100,656033,0,10.137,36.82,1000,1,1,,,0
LTE,605,2,1020,11657997,0,10.135,36.82,1000,1,1,,,0
UMTS,605,3,2103,197801,0,10.142,36.82,1000,1,1,,,0
GSM,605,2,416,51952,0,10.135,36.821,1000,1,1,,,0
LTE,605,2,136,11569942,0,10.135,36.821,1000,1,1,,,0
LTE,605,1,10017,22531,0,10.142,36.821,1000,1,1,,,0
GSM,605,3,1485,15569,0,10.136,36.821,1000,1,1,,,0
UMTS,605,2,136,198959,0,10.132,36.821,2319,1,1,,,0
GSM,605,3,103,15561,0,10.137,36.821,1000,1,1,,,0
GSM,605,3,1484,10823,0,10.135,36.821,1000,1,1,,,0
LTE,605,1,10017,22534,0,10.141,36.821,1000,1,1,,,0
LTE,605,3,4100,3865099,0,10.134,36.821,1000,1,1,,,0
UMTS,605,3,2100,656422,0,10.141,36.821,1000,1,1,,,0
UMTS,605,2,136,857361,0,10.136,36.821,1000,1,1,,,0
UMTS,605,1,10017,7277020,0,10.136,36.821,1000,1,1,,,0
UMTS,605,3,13320,656687,0,10.136,36.821,1000,1,1,,,0
GSM,605,1,10017,2032,0,10.137,36.821,1000,1,1,,,0
GSM,605,1,10017,2035,0,10.137,36.821,1000,1,1,,,0
UMTS,605,2,136,857364,0,10.137,36.821,1000,1,1,,,0
UMTS,605,2,136,202007,0,10.137,36.821,1000,1,1,,,0
UMTS,605,2,240,202001,0,10.137,36.821,1000,1,1,,,0
UMTS,605,2,1020,857361,0,10.137,36.821,1000,1,1,,,0
UMTS,605,2,1020,198562,0,10.137,36.821,1000,1,1,,,0
UMTS,605,2,1020,198449,0,10.137,36.821,1000,1,1,,,0
GSM,605,1,10017,7224,0,10.137,36.821,1000,1,1,,,0
GSM,605,3,1116,17408,0,10.138,36.821,1000,1,1,,,0
GSM,605,3,1116,17409,0,10.138,36.821,1000,1,1,,,0
UMTS,605,2,136,857362,0,10.138,36.821,1000,1,1,,,0
GSM,605,2,418,55396,0,10.138,36.821,1000,1,1,,,0
UMTS,605,3,2100,665467,0,10.14,36.821,1000,1,1,,,0
UMTS,605,2,1020,857364,0,10.138,36.821,1000,1,1,,,0
GSM,605,3,1484,10829,0,10.137,36.821,1000,1,1,,,0
GSM,605,3,1484,10820,0,10.137,36.822,1000,1,1,,,0
LTE,605,1,10017,64517,0,10.137,36.822,4300,1,1,,,0
LTE,605,1,10017,51972,0,10.132,36.822,3896,1,1,,,0
LTE,605,3,4100,3864833,0,10.138,36.822,1000,1,1,,,0
UMTS,605,3,2100,685982,0,10.138,36.822,1000,1,1,,,0
GSM,605,2,418,55393,0,10.138,36.822,1000,1,1,,,0
UMTS,605,1,10017,7281776,0,10.139,36.822,1000,1,1,,,0
LTE,605,2,1020,11657985,0,10.139,36.822,1000,1,1,,,0
GSM,605,3,1484,10824,0,10.138,36.822,1000,1,1,,,0
UMTS,605,3,2100,655987,0,10.138,36.822,1000,1,1,,,0
UMTS,605,3,2100,665469,0,10.138,36.822,1000,1,1,,,0
UMTS,605,3,2100,655956,0,10.135,36.822,1000,1,1,,,0
LTE,605,1,10017,64516,0,10.137,36.822,4272,1,1,,,0
GSM,605,3,1484,10828,0,10.139,36.822,1000,1,1,,,0
UMTS,605,3,2100,686033,0,10.141,36.822,1000,1,1,,,0
UMTS,605,2,1020,907367,0,10.139,36.822,1000,1,1,,,0
GSM,605,2,418,50463,0,10.139,36.822,2995,1,1,,,0
LTE,605,3,4100,3906581,0,10.138,36.823,1000,1,1,,,0
UMTS,605,3,2100,656038,0,10.141,36.823,1000,1,1,,,0
LTE,605,2,1020,11658005,0,10.14,36.823,1000,1,1,,,0
GSM,605,3,1143,15567,0,10.137,36.823,1000,1,1,,,0
GSM,605,1,10017,2524,0,10.14,36.823,1000,1,1,,,0
GSM,605,3,1116,17213,0,10.14,36.823,1000,1,1,,,0
GSM,605,3,1116,17403,0,10.14,36.823,1000,1,1,,,0
UMTS,605,1,10017,7281789,0,10.14,36.823,1000,1,1,,,0
UMTS,605,2,136,198449,0,10.14,36.823,1000,1,1,,,0
UMTS,605,2,136,201999,0,10.14,36.823,1000,1,1,,,0
UMTS,605,2,240,201999,0,10.141,36.823,1000,1,1,,,0
UMTS,605,1,10017,7281792,0,10.141,36.823,1000,1,1,,,0
UMTS,605,2,1020,248565,0,10.141,36.823,1000,1,1,,,0
GSM,605,2,5,54595,0,10.133,36.823,1000,1,1,,,0
GSM,605,1,10017,2034,0,10.136,36.823,1000,1,1,,,0
UMTS,605,2,1020,857367,0,10.136,36.823,1000,1,1,,,0
UMTS,605,2,1020,857365,0,10.139,36.823,1000,1,1,,,0
UMTS,605,1,10017,7274969,0,10.141,36.823,1130,1,1,,,0
GSM,605,2,418,55391,0,10.143,36.823,1762,1,1,,,0
LTE,605,3,4100,3906571,0,10.14,36.823,1000,1,1,,,0
GSM,605,2,416,51842,0,10.139,36.823,1000,1,1,,,0
UMTS,605,2,1020,857359,0,10.141,36.823,1000,1,1,,,0
GSM,605,3,1484,10822,0,10.141,36.823,1000,1,1,,,0
LTE,605,1,10017,22537,0,10.137,36.823,1000,1,1,,,0
GSM,605,3,1484,10821,0,10.141,36.823,1000,1,1,,,0
UMTS,605,3,2100,665466,0,10.138,36.823,1000,1,1,,,0
LTE,605,2,1020,11657995,0,10.142,36.824,1000,1,1,,,0
LTE,605,3,4102,3877911,0,10.136,36.824,1000,1,1,,,0
UMTS,605,1,10017,268435455,0,10.141,36.824,1000,1,1,,,0
LTE,605,3,4102,3944213,0,10.136,36.824,1000,1,1,,,0
GSM,605,3,1484,17408,0,10.142,36.824,1000,1,1,,,0
LTE,605,3,4102,3877910,0,10.136,36.824,1000,1,1,,,0
GSM,605,3,1116,15232,0,10.136,36.824,1000,1,1,,,0
UMTS,605,3,2100,686113,0,10.136,36.824,1000,1,1,,,0
GSM,605,2,416,51843,0,10.136,36.824,1000,1,1,,,0
GSM,605,3,1116,16019,0,10.138,36.824,1000,1,1,,,0
UMTS,605,2,1020,198452,0,10.138,36.824,1000,1,1,,,0
GSM,605,3,1143,15722,0,10.14,36.824,1000,1,1,,,0
UMTS,605,2,136,198452,0,10.14,36.824,1000,1,1,,,0
UMTS,605,2,136,248456,0,10.14,36.824,1000,1,1,,,0
GSM,605,3,1116,16012,0,10.141,36.824,1000,1,1,,,0
UMTS,605,1,10017,7277017,0,10.141,36.824,1000,1,1,,,0
UMTS,605,2,1020,857362,0,10.141,36.824,1000,1,1,,,0
GSM,605,3,1116,10827,0,10.141,36.824,1000,1,1,,,0
GSM,605,1,10017,475,0,10.142,36.824,1000,1,1,,,0
GSM,605,3,1116,15893,0,10.142,36.824,1000,1,1,,,0
UMTS,605,1,10017,7287137,0,10.142,36.824,1000,1,1,,,0
UMTS,605,2,136,202002,0,10.142,36.824,1000,1,1,,,0
UMTS,605,2,240,197071,0,10.142,36.824,1000,1,1,,,0
UMTS,605,2,136,857359,0,10.142,36.824,1000,1,1,,,0
UMTS,605,1,10017,7275380,0,10.144,36.824,1000,1,1,,,0
LTE,605,3,4100,3892994,0,10.133,36.824,2520,1,1,,,0
UMTS,605,1,10017,7275751,0,10.139,36.825,1000,1,1,,,0
UMTS,605,2,1020,852431,0,10.142,36.825,1000,1,1,,,0
UMTS,605,3,2100,695462,0,10.143,36.825,1000,1,1,,,0
LTE,605,2,1020,11531799,0,10.143,36.825,1000,1,1,,,0
UMTS,605,3,2100,695461,0,10.143,36.825,1000,1,1,,,0
UMTS,605,2,1020,902437,0,10.143,36.825,1000,1,1,,,0
UMTS,605,1,10017,7274897,0,10.135,36.825,1000,1,1,,,0
LTE,605,3,4100,4006156,0,10.144,36.825,1000,1,1,,,0
UMTS,605,2,1020,852434,0,10.142,36.825,1000,1,1,,,0
GSM,605,1,10017,1255,0,10.143,36.825,1000,1,1,,,0
UMTS,605,1,10017,7281880,0,10.144,36.825,1000,1,1,,,0
UMTS,605,3,2100,656113,0,10.134,36.825,1000,1,1,,,0
GSM,605,3,1116,16013,0,10.136,36.825,1000,1,1,,,0
UMTS,605,2,1020,198457,0,10.136,36.825,1000,1,1,,,0
UMTS,605,1,10017,7274994,0,10.136,36.825,1000,1,1,,,0
UMTS,605,1,10017,7295376,0,10.136,36.825,1000,1,1,,,0
UMTS,605,2,136,852437,0,10.141,36.825,1000,1,1,,,0
GSM,605,1,10017,886,0,10.142,36.825,1000,1,1,,,0
GSM,605,3,1116,15899,0,10.144,36.825,1000,1,1,,,0
GSM,605,3,1116,15891,0,10.144,36.825,1000,1,1,,,0
UMTS,605,1,10017,7274971,0,10.144,36.825,1000,1,1,,,0
UMTS,605,1,10017,7274974,0,10.144,36.825,1000,1,1,,,0
UMTS,605,1,10017,7275377,0,10.144,36.825,1000,1,1,,,0
UMTS,605,1,10017,7274876,0,10.144,36.825,1000,1,1,,,0
UMTS,605,2,136,852431,0,10.144,36.825,1000,1,1,,,0
UMTS,605,1,10017,7274967,0,10.144,36.825,1000,1,1,,,0
LTE,605,1,10017,12037,0,10.144,36.825,1000,1,1,,,0
UMTS,605,2,1020,852437,0,10.144,36.826,1000,1,1,,,0
UMTS,605,1,10017,7274900,0,10.134,36.826,1000,1,1,,,0
GSM,605,2,416,51845,0,10.144,36.826,1000,1,1,,,0
GSM,605,3,1116,16017,0,10.142,36.826,1000,1,1,,,0
UMTS,605,1,10017,7274991,0,10.135,36.826,1000,1,1,,,0
GSM,605,3,1116,16011,0,10.142,36.826,1000,1,1,,,0
UMTS,605,1,10017,7276866,0,10.142,36.826,1000,1,1,,,0
GSM,605,2,414,51312,0,10.144,36.827,1000,1,1,,,0
UMTS,605,3,2100,656118,0,10.133,36.827,1000,1,1,,,0
GSM,605,1,10017,406,0,10.136,36.827,1000,1,1,,,0
UMTS,605,1,10019,7282299,0,10.138,36.827,1000,1,1,,,0
UMTS,605,3,2100,685806,0,10.138,36.827,1000,1,1,,,0
GSM,605,1,10017,471,0,10.14,36.827,1000,1,1,,,0
UMTS,605,2,240,135670,0,10.141,36.827,1000,1,1,,,0
GSM,605,1,10011,472,0,10.142,36.827,1000,1,1,,,0
UMTS,605,3,2100,655807,0,10.142,36.827,1000,1,1,,,0
LTE,605,2,136,11567115,0,10.144,36.827,1000,1,1,,,0
GSM,605,2,414,52505,0,10.144,36.827,1000,1,1,,,0
LTE,605,2,240,11538188,0,10.139,36.827,1753,1,1,,,0
GSM,605,2,416,51841,0,10.144,36.827,1000,1,1,,,0
UMTS,605,1,10017,7274970,0,10.142,36.827,1000,1,1,,,0
GSM,605,1,10017,7381,0,10.132,36.828,1000,1,1,,,0
GSM,605,2,418,55395,0,10.134,36.828,1000,1,1,,,0
UMTS,605,1,10017,7275696,0,10.143,36.828,1000,1,1,,,0
LTE,605,3,4100,3877899,0,10.139,36.828,1000,1,1,,,0
UMTS,605,2,136,198456,0,10.142,36.828,1000,1,1,,,0
LTE,605,3,4100,3866892,0,10.134,36.828,1000,1,1,,,0
UMTS,605,3,2100,655802,0,10.134,36.828,1000,1,1,,,0
UMTS,605,3,2119,3031318,0,10.138,36.828,1000,1,1,,,0
UMTS,605,3,2119,197360,0,10.138,36.828,1000,1,1,,,0
GSM,605,3,1116,15412,0,10.141,36.828,1000,1,1,,,0
GSM,605,2,414,52646,0,10.142,36.828,1000,1,1,,,0
UMTS,605,1,10012,7275752,0,10.144,36.828,1000,1,1,,,0
UMTS,605,1,10017,7275016,0,10.133,36.828,1000,1,1,,,0
GSM,605,2,416,51844,0,10.143,36.828,1000,1,1,,,0
LTE,605,3,4100,3877889,0,10.142,36.828,1053,1,1,,,0
UMTS,605,3,2100,686112,0,10.142,36.828,1000,1,1,,,0
GSM,605,2,416,57322,0,10.137,36.828,1000,1,1,,,0
GSM,605,1,10017,492,0,10.136,36.829,1000,1,1,,,0
GSM,605,2,414,54595,0,10.142,36.829,1000,1,1,,,0
UMTS,605,3,2100,686031,0,10.144,36.829,1000,1,1,,,0
GSM,605,2,414,52502,0,10.137,36.829,1000,1,1,,,0
UMTS,605,2,136,253936,0,10.136,36.829,1000,1,1,,,0
UMTS,605,1,10017,7276901,0,10.143,36.829,1000,1,1,,,0
UMTS,605,2,136,247655,0,10.135,36.829,1000,1,1,,,0
UMTS,605,2,136,197649,0,10.135,36.829,1000,1,1,,,0
UMTS,605,2,136,203930,0,10.135,36.829,1000,1,1,,,0
LTE,605,1,10017,12036,0,10.143,36.83,1000,1,1,,,0
UMTS,605,3,2100,685802,0,10.137,36.83,1000,1,1,,,0
UMTS,605,3,2100,656117,0,10.141,36.83,1000,1,1,,,0
UMTS,605,1,10017,7281896,0,10.142,36.83,1000,1,1,,,0
GSM,605,3,1116,10829,0,10.142,36.83,1000,1,1,,,0
UMTS,605,1,10017,7275976,0,10.142,36.83,1000,1,1,,,0
LTE,605,3,4100,3848460,0,10.135,36.83,1000,1,1,,,0
LTE,605,2,240,11584012,0,10.141,36.83,1000,1,1,,,0
GSM,605,2,418,50466,0,10.142,36.83,1000,1,1,,,0
UMTS,605,2,240,198456,0,10.142,36.83,1000,1,1,,,0
UMTS,605,2,136,248455,0,10.142,36.83,1000,1,1,,,0
UMTS,605,2,136,201173,0,10.134,36.831,1000,1,1,,,0
LTE,605,3,4100,3848459,0,10.137,36.831,1000,1,1,,,0
UMTS,605,3,2100,685803,0,10.132,36.831,1000,1,1,,,0
UMTS,605,2,136,197803,0,10.139,36.831,1000,1,1,,,0
UMTS,605,1,10017,7274986,0,10.138,36.831,1000,1,1,,,0
GSM,605,1,10017,474,0,10.14,36.831,1000,1,1,,,0
UMTS,605,2,1020,133574,0,10.14,36.831,1000,1,1,,,0
UMTS,605,2,136,198453,0,10.141,36.831,1000,1,1,,,0
UMTS,605,2,240,133580,0,10.141,36.831,1000,1,1,,,0
GSM,605,2,414,51313,0,10.141,36.831,1000,1,1,,,0
UMTS,605,2,1020,135670,0,10.141,36.831,1000,1,1,,,0
UMTS,605,1,10014,7276516,0,10.141,36.831,1000,1,1,,,0
UMTS,605,1,10017,7276903,0,10.141,36.831,1000,1,1,,,0
GSM,605,1,10017,1212,0,10.141,36.831,1000,1,1,,,0
GSM,605,2,414,54592,0,10.138,36.831,1000,1,1,,,0
LTE,605,3,4100,3849986,0,10.14,36.832,1000,1,1,,,0
UMTS,605,2,136,203933,0,10.136,36.832,1000,1,1,,,0
GSM,605,3,1484,29752,0,10.151,36.82,1000,1,1,,,0
GSM,605,3,1489,16703,0,10.151,36.82,1000,1,1,,,0
GSM,605,3,1492,15443,0,10.151,36.82,1000,1,1,,,0
UMTS,605,2,136,198034,0,10.151,36.82,1000,1,1,,,0
UMTS,605,3,2100,656032,0,10.152,36.821,1000,1,1,,,0
GSM,605,2,418,56211,0,10.15,36.821,1000,1,1,,,0
UMTS,605,2,1020,853397,0,10.151,36.821,1000,1,1,,,0
UMTS,605,2,1020,853389,0,10.153,36.821,1000,1,1,,,0
UMTS,605,3,2100,656421,0,10.147,36.821,1000,1,1,,,0
GSM,605,3,1116,18623,0,10.154,36.821,1000,1,1,,,0
UMTS,605,1,10017,7276936,0,10.149,36.821,1000,1,1,,,0
UMTS,605,1,10017,7274892,0,10.151,36.821,1000,1,1,,,0
UMTS,605,2,1020,852430,0,10.151,36.821,1000,1,1,,,0
UMTS,605,3,2100,656563,0,10.153,36.821,1000,1,1,,,0
UMTS,605,2,1020,853392,0,10.153,36.821,1000,1,1,,,0
GSM,605,3,1484,17102,0,10.15,36.822,1000,1,1,,,0
UMTS,605,1,10017,7274888,0,10.15,36.822,1000,1,1,,,0
LTE,605,2,1020,11531788,0,10.15,36.822,1000,1,1,,,0
UMTS,605,2,136,202003,0,10.147,36.823,1000,1,1,,,0
GSM,605,2,418,51426,0,10.149,36.823,1000,1,1,,,0
GSM,605,2,418,51422,0,10.149,36.823,1000,1,1,,,0
UMTS,605,2,1020,852433,0,10.149,36.823,1000,1,1,,,0
UMTS,605,2,1020,852436,0,10.149,36.823,1000,1,1,,,0
GSM,605,2,418,51424,0,10.149,36.823,1000,1,1,,,0
UMTS,605,1,10017,7274886,0,10.155,36.823,1000,1,1,,,0
UMTS,605,3,2100,656568,0,10.155,36.823,1000,1,1,,,0
UMTS,605,2,240,131750,0,10.155,36.823,1000,1,1,,,0
UMTS,605,2,240,181690,0,10.155,36.823,1000,1,1,,,0
GSM,605,3,1484,17103,0,10.15,36.823,1000,1,1,,,0
UMTS,605,3,2100,656037,0,10.153,36.823,1000,1,1,,,0
LTE,605,2,240,11537154,0,10.153,36.823,1000,1,1,,,0
LTE,605,1,10017,9990,0,10.15,36.824,1000,1,1,,,0
GSM,605,3,1484,17109,0,10.149,36.824,1000,1,1,,,0
UMTS,605,1,10019,7276476,0,10.147,36.824,1000,1,1,,,0
UMTS,605,1,10017,7274889,0,10.155,36.824,1000,1,1,,,0
UMTS,605,3,2100,656426,0,10.155,36.824,1000,1,1,,,0
UMTS,605,3,2100,664497,0,10.155,36.824,1000,1,1,,,0
UMTS,605,2,136,197073,0,10.149,36.824,1000,1,1,,,0
GSM,605,3,1116,10198,0,10.15,36.824,1000,1,1,,,0
UMTS,605,1,10017,7276798,0,10.15,36.824,1000,1,1,,,0
UMTS,605,2,240,131691,0,10.147,36.825,3187,1,1,,,0
GSM,605,3,1116,16802,0,10.155,36.825,1000,1,1,,,0
LTE,605,3,4100,3871510,0,10.149,36.825,1000,1,1,,,0
LTE,605,2,1020,11531777,0,10.148,36.825,1000,1,1,,,0
UMTS,605,1,10017,7276799,0,10.153,36.825,1000,1,1,,,0
UMTS,605,1,10017,7281893,0,10.144,36.825,1000,1,1,,,0
UMTS,605,1,10017,7274975,0,10.144,36.825,1000,1,1,,,0
GSM,605,3,1143,15721,0,10.145,36.825,1000,1,1,,,0
GSM,605,3,1116,15237,0,10.145,36.825,1000,1,1,,,0
LTE,605,1,10017,61444,0,10.154,36.825,1160,1,1,,,0
GSM,605,3,1116,15890,0,10.145,36.825,1000,1,1,,,0
GSM,605,3,1116,16018,0,10.145,36.825,1000,1,1,,,0
UMTS,605,3,2100,656112,0,10.145,36.825,1000,1,1,,,0
UMTS,605,1,10017,7281890,0,10.145,36.825,1000,1,1,,,0
GSM,605,3,1143,15727,0,10.145,36.825,1000,1,1,,,0
UMTS,605,3,2100,685981,0,10.145,36.825,1000,1,1,,,0
GSM,605,3,1116,15231,0,10.145,36.825,1000,1,1,,,0
UMTS,605,1,10017,7278886,0,10.145,36.825,1000,1,1,,,0
UMTS,605,1,10017,7280766,0,10.145,36.825,1000,1,1,,,0
UMTS,605,1,10017,7274968,0,10.145,36.825,1000,1,1,,,0
UMTS,605,2,1020,903397,0,10.147,36.825,1000,1,1,,,0
UMTS,605,3,2100,686032,0,10.148,36.825,1000,1,1,,,0
UMTS,605,1,10017,7274878,0,10.153,36.825,1000,1,1,,,0
UMTS,605,2,240,131685,0,10.151,36.826,1000,1,1,,,0
GSM,605,1,10017,7391,0,10.146,36.826,1061,1,1,,,0
UMTS,605,2,136,197072,0,10.147,36.826,1000,1,1,,,0
GSM,605,3,103,15893,0,10.146,36.826,1000,1,1,,,0
UMTS,605,2,1020,902436,0,10.147,36.826,1000,1,1,,,0
UMTS,605,1,10017,7275749,0,10.147,36.826,1000,1,1,,,0
UMTS,605,1,10017,7279876,0,10.145,36.826,1000,1,1,,,0
GSM,605,2,418,56754,0,10.146,36.827,1000,1,1,,,0
UMTS,605,2,240,131683,0,10.15,36.827,3536,1,1,,,0
GSM,605,3,1484,15893,0,10.148,36.827,1000,1,1,,,0
UMTS,605,3,2100,655982,0,10.146,36.827,1000,1,1,,,0
GSM,605,3,1485,15728,0,10.146,36.827,1000,1,1,,,0
GSM,605,3,1484,15892,0,10.148,36.827,1000,1,1,,,0
LTE,605,3,4100,3871502,0,10.146,36.827,1000,1,1,,,0
UMTS,605,2,136,131688,0,10.145,36.827,1000,1,1,,,0
UMTS,605,2,136,197071,0,10.145,36.827,1000,1,1,,,0
UMTS,605,2,240,197074,0,10.145,36.827,1000,1,1,,,0
UMTS,605,2,136,198450,0,10.145,36.827,1000,1,1,,,0
UMTS,605,2,136,135664,0,10.145,36.827,1000,1,1,,,0
UMTS,605,2,136,197800,0,10.145,36.827,1000,1,1,,,0
LTE,605,2,136,11567105,0,10.145,36.827,1000,1,1,,,0
GSM,605,3,103,15897,0,10.147,36.827,1000,1,1,,,0
GSM,605,3,1116,15898,0,10.147,36.827,1000,1,1,,,0
UMTS,605,1,10017,7274869,0,10.147,36.827,1000,1,1,,,0
UMTS,605,2,136,198962,0,10.147,36.827,1000,1,1,,,0
UMTS,605,2,240,197072,0,10.147,36.827,1000,1,1,,,0
UMTS,605,2,240,197069,0,10.147,36.827,1000,1,1,,,0
LTE,605,1,10017,10244,0,10.147,36.827,1000,1,1,,,0
UMTS,605,1,10014,7275638,0,10.153,36.827,1000,1,1,,,0
UMTS,605,2,1020,131688,0,10.146,36.827,1000,1,1,,,0
UMTS,605,2,240,852429,0,10.146,36.827,1000,1,1,,,0
GSM,605,2,418,50462,0,10.149,36.827,1000,1,1,,,0
LTE,605,2,1020,11531797,0,10.147,36.827,1000,1,1,,,0
LTE,605,1,10017,58885,0,10.148,36.827,1000,1,1,,,0
GSM,605,3,1484,29662,0,10.148,36.827,1000,1,1,,,0
UMTS,605,1,10017,7275752,0,10.146,36.828,1000,1,1,,,0
UMTS,605,2,1020,852435,0,10.147,36.828,1000,1,1,,,0
UMTS,605,2,134,117245,0,10.148,36.828,1000,1,1,,,0
LTE,605,2,1020,11531787,0,10.146,36.828,1000,1,1,,,0
UMTS,605,2,135,131688,0,10.147,36.828,1000,1,1,,,0
UMTS,605,1,10017,7295386,0,10.145,36.828,1000,1,1,,,0
LTE,605,3,4100,3871509,0,10.148,36.828,1000,1,1,,,0
GSM,605,3,1484,15899,0,10.148,36.828,1000,1,1,,,0
UMTS,605,1,10012,7274879,0,10.145,36.828,1000,1,1,,,0
UMTS,605,2,136,247075,0,10.145,36.828,1000,1,1,,,0
UMTS,605,2,136,852435,0,10.145,36.828,1000,1,1,,,0
UMTS,605,1,10017,7277526,0,10.148,36.828,1000,1,1,,,0
UMTS,605,2,136,197069,0,10.148,36.828,1000,1,1,,,0
UMTS,605,2,136,198541,0,10.148,36.828,1000,1,1,,,0
UMTS,605,2,240,247075,0,10.148,36.828,1000,1,1,,,0
UMTS,605,2,240,140945,0,10.148,36.828,1000,1,1,,,0
UMTS,605,2,136,852429,0,10.148,36.828,1000,1,1,,,0
UMTS,605,3,2100,688828,0,10.148,36.828,1000,1,1,,,0
UMTS,605,1,10012,7275266,0,10.149,36.828,1000,1,1,,,0
GSM,605,2,418,50464,0,10.145,36.828,1000,1,1,,,0
UMTS,605,2,1020,181691,0,10.146,36.828,1000,1,1,,,0
UMTS,605,2,1020,902435,0,10.146,36.828,1000,1,1,,,0
GSM,605,1,10017,1256,0,10.149,36.828,1000,1,1,,,0
UMTS,605,1,10017,7276801,0,10.15,36.828,1000,1,1,,,0
GSM,605,1,10017,1214,0,10.153,36.828,1000,1,1,,,0
LTE,605,1,10017,58886,0,10.148,36.828,1000,1,1,,,0
GSM,605,3,1484,15890,0,10.148,36.828,1000,1,1,,,0
UMTS,605,3,2100,656036,0,10.149,36.828,1000,1,1,,,0
LTE,605,2,240,11535639,0,10.149,36.828,1000,1,1,,,0
UMTS,605,2,1020,131685,0,10.149,36.829,1000,1,1,,,0
UMTS,605,1,10017,7277023,0,10.151,36.829,1000,1,1,,,0
UMTS,605,2,1020,852432,0,10.149,36.829,1000,1,1,,,0
GSM,605,2,418,50465,0,10.152,36.829,1000,1,1,,,0
UMTS,605,2,240,183580,0,10.153,36.829,2384,1,1,,,0
UMTS,605,2,1020,852429,0,10.146,36.829,1000,1,1,,,0
LTE,605,2,240,11535619,0,10.15,36.829,1000,1,1,,,0
LTE,605,2,240,11535629,0,10.149,36.829,1000,1,1,,,0
GSM,605,1,10017,802,0,10.15,36.829,1000,1,1,,,0
GSM,605,2,414,59151,0,10.149,36.829,1000,1,1,,,0
GSM,605,2,418,55803,0,10.15,36.829,1000,1,1,,,0
UMTS,605,3,2100,695458,0,10.15,36.829,1000,1,1,,,0
UMTS,605,1,2100,1256,0,10.15,36.83,1000,1,1,,,0
UMTS,605,3,2100,695457,0,10.15,36.83,1000,1,1,,,0
UMTS,605,2,240,852432,0,10.15,36.83,1000,1,1,,,0
UMTS,605,2,240,902435,0,10.15,36.83,1000,1,1,,,0
GSM,605,2,414,50616,0,10.151,36.83,1000,1,1,,,0
UMTS,605,1,10017,7277836,0,10.149,36.83,1000,1,1,,,0
UMTS,605,1,10017,7274879,0,10.149,36.83,1000,1,1,,,0
UMTS,605,2,136,131685,0,10.149,36.83,1000,1,1,,,0
UMTS,605,3,2100,695452,0,10.149,36.83,1000,1,1,,,0
UMTS,605,1,10017,7283462,0,10.149,36.83,1000,1,1,,,0
GSM,605,3,1116,15897,0,10.151,36.83,1000,1,1,,,0
UMTS,605,1,10017,7274882,0,10.151,36.83,1000,1,1,,,0
UMTS,605,2,136,199462,0,10.151,36.83,1000,1,1,,,0
UMTS,605,3,2100,665457,0,10.151,36.83,1000,1,1,,,0
UMTS,605,2,1020,131691,0,10.151,36.83,1000,1,1,,,0
GSM,605,2,414,52643,0,10.151,36.83,1000,1,1,,,0
LTE,605,3,4100,3949078,0,10.151,36.83,1000,1,1,,,0
LTE,605,3,4100,3871499,0,10.15,36.83,1000,1,1,,,0
UMTS,605,3,2100,656031,0,10.15,36.83,1068,1,1,,,0
GSM,605,2,418,50461,0,10.15,36.83,811,1,1,,,0
GSM,605,3,1484,15891,0,10.151,36.83,772,1,1,,,0
UMTS,605,2,240,852435,0,10.151,36.83,1000,1,1,,,0
UMTS,605,2,240,131688,0,10.152,36.83,1026,1,1,,,0
UMTS,605,1,10017,7281586,0,10.156,36.831,1000,1,1,,,0
GSM,605,3,1484,18622,0,10.153,36.831,778,1,1,,,0
UMTS,605,1,10017,7279886,0,10.152,36.831,1000,1,1,,,0
UMTS,605,2,135,131686,0,10.153,36.831,1000,1,1,,,0
GSM,605,3,103,17028,0,10.155,36.831,1000,1,1,,,0
GSM,605,3,1116,18628,0,10.156,36.831,1000,1,1,,,0
UMTS,605,2,240,140924,0,10.148,36.831,1000,1,1,,,0
UMTS,605,1,10017,7275713,0,10.151,36.831,1000,1,1,,,0
UMTS,605,3,2100,686563,0,10.151,36.831,1000,1,1,,,0
GSM,605,1,10017,394,0,10.151,36.831,1000,1,1,,,0
UMTS,605,2,240,133717,0,10.152,36.831,1000,1,1,,,0
UMTS,605,2,1020,131686,0,10.152,36.831,1000,1,1,,,0
GSM,605,3,103,15891,0,10.153,36.831,1000,1,1,,,0
GSM,605,3,1116,16801,0,10.155,36.831,1000,1,1,,,0
LTE,605,3,4100,3949068,0,10.152,36.831,1000,1,1,,,0
GSM,605,3,1484,15897,0,10.153,36.831,882,1,1,,,0
GSM,605,3,1484,18628,0,10.153,36.831,866,1,1,,,0
UMTS,605,1,10017,7279866,0,10.153,36.831,1000,1,1,,,0
LTE,605,3,4100,3920140,0,10.154,36.831,1000,1,1,,,0
GSM,605,3,1484,18623,0,10.153,36.831,1000,1,1,,,0
GSM,605,3,1137,18193,0,10.153,36.831,1000,1,1,,,0
UMTS,605,3,2100,656682,0,10.154,36.832,1000,1,1,,,0
UMTS,605,3,2100,656111,0,10.153,36.832,1000,1,1,,,0
UMTS,605,2,136,853919,0,10.154,36.832,1000,1,1,,,0
UMTS,605,3,2100,664252,0,10.147,36.832,1000,1,1,,,0
GSM,605,3,1119,10127,0,10.167,36.821,1000,1,1,,,0
UMTS,605,2,1020,855049,0,10.166,36.821,1000,1,1,,,0
GSM,605,2,418,55802,0,10.16,36.821,1130,1,1,,,0
GSM,605,2,418,53083,0,10.165,36.821,1000,1,1,,,0
UMTS,605,3,2100,656013,0,10.156,36.821,1000,1,1,,,0
UMTS,605,2,136,199691,0,10.163,36.821,1000,1,1,,,0
UMTS,605,2,134,199691,0,10.163,36.821,1000,1,1,,,0
GSM,605,2,418,52433,0,10.164,36.821,1000,1,1,,,0
UMTS,605,2,136,70595,0,10.164,36.821,1000,1,1,,,0
UMTS,605,2,1020,855055,0,10.164,36.821,1000,1,1,,,0
UMTS,605,2,240,131744,0,10.167,36.821,1000,1,1,,,0
GSM,605,2,418,53081,0,10.164,36.822,1000,1,1,,,0
GSM,605,2,414,50675,0,10.164,36.822,1000,1,1,,,0
GSM,605,2,418,50331,0,10.165,36.822,1239,1,1,,,0
UMTS,605,2,240,183719,0,10.161,36.823,2921,1,1,,,0
UMTS,605,3,2100,656018,0,10.156,36.823,1000,1,1,,,0
UMTS,605,1,10017,7276805,0,10.156,36.823,1000,1,1,,,0
LTE,605,2,134,11663875,0,10.164,36.823,1000,1,1,,,0
UMTS,605,2,1020,854239,0,10.164,36.823,1000,1,1,,,0
GSM,605,2,418,52261,0,10.164,36.823,1000,1,1,,,0
UMTS,605,1,10006,65778,0,10.164,36.823,1000,1,1,,,0
GSM,605,3,1116,10522,0,10.156,36.823,1000,1,1,,,0
GSM,605,1,10017,404,0,10.163,36.823,2504,1,1,,,0
GSM,605,3,1119,10121,0,10.167,36.823,1000,1,1,,,0
UMTS,605,1,10017,7274873,0,10.168,36.823,1000,1,1,,,0
UMTS,605,1,10017,7276898,0,10.159,36.823,2373,1,1,,,0
GSM,605,3,1116,15438,0,10.164,36.823,1959,1,1,,,0
UMTS,605,3,2100,656016,0,10.158,36.824,1000,1,1,,,0
UMTS,605,1,10017,7275121,0,10.163,36.825,1000,1,1,,,0
LTE,605,3,4100,3927563,0,10.163,36.826,6697,1,1,,,0
GSM,605,2,418,55394,0,10.16,36.826,5171,1,1,,,0
GSM,605,2,414,50673,0,10.163,36.827,1000,1,1,,,0
GSM,605,2,414,50671,0,10.167,36.827,1000,1,1,,,0
GSM,605,2,414,50674,0,10.167,36.827,1000,1,1,,,0
UMTS,605,1,10017,7274880,0,10.167,36.827,1000,1,1,,,0
UMTS,605,3,2100,686803,0,10.157,36.828,1000,1,1,,,0
GSM,605,3,107,15049,0,10.166,36.828,1434,1,1,,,0
LTE,605,1,10017,33026,0,10.159,36.828,1000,1,1,,,0
UMTS,605,2,134,131743,0,10.166,36.828,1000,1,1,,,0
UMTS,605,2,134,131746,0,10.166,36.828,1000,1,1,,,0
UMTS,605,2,240,66232,0,10.167,36.828,1000,1,1,,,0
GSM,605,1,10017,2306,0,10.16,36.828,1086,1,1,,,0
UMTS,605,1,10017,7275787,0,10.166,36.828,1000,1,1,,,0
UMTS,605,2,240,66229,0,10.167,36.829,1000,1,1,,,0
LTE,605,1,10017,9476,0,10.165,36.829,1000,1,1,,,0
UMTS,605,3,2200,663778,0,10.162,36.83,2654,1,1,,,0
UMTS,605,2,240,131746,0,10.163,36.83,1000,1,1,,,0
UMTS,605,2,240,131743,0,10.163,36.83,1000,1,1,,,0
GSM,605,3,1116,17022,0,10.158,36.83,1000,1,1,,,0
GSM,605,3,1116,16807,0,10.158,36.83,1000,1,1,,,0
UMTS,605,2,240,11537155,0,10.159,36.83,1000,1,1,,,0
UMTS,605,2,134,71845,0,10.159,36.83,1000,1,1,,,0
UMTS,605,2,134,71842,0,10.159,36.83,1000,1,1,,,0
UMTS,605,2,134,121844,0,10.159,36.83,1000,1,1,,,0
UMTS,605,2,240,131747,0,10.16,36.83,1000,1,1,,,0
UMTS,605,3,2100,656366,0,10.16,36.83,1000,1,1,,,0
UMTS,605,1,10012,7275788,0,10.16,36.83,1000,1,1,,,0
UMTS,605,2,240,131749,0,10.16,36.83,1000,1,1,,,0
LTE,605,2,134,11532045,0,10.162,36.83,1000,1,1,,,0
UMTS,605,3,2100,656361,0,10.163,36.83,1000,1,1,,,0
LTE,605,2,240,11537153,0,10.163,36.83,1000,1,1,,,0
GSM,605,3,1116,16808,0,10.166,36.83,1000,1,1,,,0
UMTS,605,1,10012,7275787,0,10.166,36.83,1000,1,1,,,0
UMTS,605,1,10017,7275921,0,10.166,36.83,1000,1,1,,,0
UMTS,605,1,10017,7283056,0,10.167,36.83,1000,1,1,,,0
UMTS,605,1,10017,7282468,0,10.167,36.83,1000,1,1,,,0
LTE,605,1,10017,33029,0,10.16,36.83,1000,1,1,,,0
GSM,605,3,103,16801,0,10.16,36.83,1000,1,1,,,0
GSM,605,1,10017,1291,0,10.161,36.83,1000,1,1,,,0
UMTS,605,3,2100,686361,0,10.162,36.83,1000,1,1,,,0
LTE,605,1,10017,33028,0,10.161,36.83,1000,1,1,,,0
UMTS,605,2,240,131751,0,10.159,36.83,1000,1,1,,,0
UMTS,605,1,10012,7283548,0,10.166,36.831,1000,1,1,,,0
UMTS,605,2,240,131745,0,10.158,36.831,1000,1,1,,,0
GSM,605,3,1116,18627,0,10.156,36.831,1000,1,1,,,0
UMTS,605,1,10017,7278996,0,10.156,36.831,1000,1,1,,,0
UMTS,605,1,10017,7274893,0,10.156,36.831,1000,1,1,,,0
UMTS,605,2,240,131748,0,10.158,36.831,1000,1,1,,,0
GSM,605,3,1116,16803,0,10.159,36.831,1000,1,1,,,0
UMTS,605,2,2100,715811,0,10.162,36.831,1000,1,1,,,0
UMTS,605,3,2100,715811,0,10.162,36.831,1000,1,1,,,0
UMTS,605,1,10017,7283006,0,10.167,36.831,1000,1,1,,,0
LTE,605,3,4100,3852045,0,10.167,36.831,1000,1,1,,,0
LTE,605,3,4100,3889163,0,10.161,36.831,1000,1,1,,,0
UMTS,605,2,240,183839,0,10.166,36.831,2454,1,1,,,0
UMTS,605,1,10017,7275790,0,10.161,36.832,1000,1,1,,,0
UMTS,605,1,10017,7274874,0,10.171,36.82,2396,1,1,,,0
LTE,605,2,134,11522316,0,10.178,36.82,1000,1,1,,,0
LTE,605,1,10006,32257,0,10.177,36.82,1000,1,1,,,0
UMTS,605,2,134,65631,0,10.178,36.821,1000,1,1,,,0
LTE,605,1,10006,42766,0,10.177,36.821,1000,1,1,,,0
GSM,605,1,10017,1215,0,10.169,36.821,1432,1,1,,,0
UMTS,605,3,2123,200191,0,10.175,36.821,1000,1,1,,,0
UMTS,605,3,2100,687718,0,10.179,36.821,1000,1,1,,,0
UMTS,605,3,2123,227041,0,10.174,36.821,1000,1,1,,,0
UMTS,605,2,136,248857,0,10.17,36.821,1000,1,1,,,0
GSM,605,2,417,55666,0,10.171,36.821,1000,1,1,,,0
GSM,605,2,418,50334,0,10.171,36.821,1000,1,1,,,0
UMTS,605,2,136,198852,0,10.171,36.821,1000,1,1,,,0
UMTS,605,2,1020,904245,0,10.171,36.821,1000,1,1,,,0
UMTS,605,3,2123,198961,0,10.175,36.821,1000,1,1,,,0
UMTS,605,3,2123,228961,0,10.175,36.821,1000,1,1,,,0
UMTS,605,2,134,65632,0,10.178,36.821,1000,1,1,,,0
GSM,605,3,1116,10079,0,10.178,36.821,1000,1,1,,,0
GSM,605,3,1119,10489,0,10.178,36.821,1000,1,1,,,0
GSM,605,3,1119,10487,0,10.178,36.821,1000,1,1,,,0
GSM,605,3,1119,17909,0,10.178,36.821,1000,1,1,,,0
UMTS,605,1,10017,7274903,0,10.178,36.821,1000,1,1,,,0
UMTS,605,1,10006,66220,0,10.18,36.821,1000,1,1,,,0
UMTS,605,3,2100,658943,0,10.18,36.821,1000,1,1,,,0
UMTS,605,3,2119,198961,0,10.18,36.821,1000,1,1,,,0
UMTS,605,3,2100,657718,0,10.18,36.821,1000,1,1,,,0
UMTS,605,3,2100,691201,0,10.173,36.822,1000,1,1,,,0
UMTS,605,1,10001,66220,0,10.179,36.822,1000,1,1,,,0
UMTS,605,1,10006,69786,0,10.18,36.822,1000,1,1,,,0
LTE,605,3,4100,3841549,0,10.179,36.822,1000,1,1,,,0
LTE,605,1,10006,17409,0,10.178,36.822,1000,1,1,,,0
UMTS,605,1,10006,66217,0,10.178,36.822,1000,1,1,,,0
UMTS,605,2,240,134984,0,10.172,36.822,4462,1,1,,,0
UMTS,605,2,134,65629,0,10.176,36.822,1000,1,1,,,0
LTE,605,3,4100,3954699,0,10.178,36.822,1000,1,1,,,0
LTE,605,1,10017,35073,0,10.171,36.822,1000,1,1,,,0
LTE,605,1,10006,9474,0,10.171,36.822,1000,1,1,,,0
LTE,605,1,10017,42766,0,10.171,36.822,1000,1,1,,,0
LTE,605,1,10006,9476,0,10.171,36.822,1000,1,1,,,0
LTE,605,1,10017,9473,0,10.172,36.823,1000,1,1,,,0
UMTS,605,1,10001,66217,0,10.178,36.823,1000,1,1,,,0
UMTS,605,3,2100,687713,0,10.18,36.823,1000,1,1,,,0
UMTS,605,1,10017,7279336,0,10.169,36.823,1000,1,1,,,0
UMTS,605,1,10017,7281596,0,10.169,36.823,1000,1,1,,,0
UMTS,605,2,1020,854211,0,10.169,36.823,1000,1,1,,,0
UMTS,605,2,1020,904407,0,10.169,36.823,1000,1,1,,,0
GSM,605,2,417,51293,0,10.171,36.823,1000,1,1,,,0
LTE,605,2,134,11633932,0,10.177,36.823,1000,1,1,,,0
LTE,605,2,134,11633922,0,10.177,36.823,1000,1,1,,,0
UMTS,605,2,134,69988,0,10.177,36.823,1000,1,1,,,0
LTE,605,2,134,11522305,0,10.178,36.823,1000,1,1,,,0
LTE,605,2,134,11522315,0,10.178,36.823,1000,1,1,,,0
GSM,605,1,10006,684,0,10.178,36.823,1000,1,1,,,0
UMTS,605,2,134,65627,0,10.18,36.823,1000,1,1,,,0
GSM,605,3,107,15043,0,10.18,36.823,1000,1,1,,,0
LTE,605,3,4100,3954700,0,10.18,36.823,1000,1,1,,,0
UMTS,605,2,134,115633,0,10.177,36.823,1000,1,1,,,0
UMTS,605,2,134,71385,0,10.179,36.823,6420,1,1,,,0
UMTS,605,3,2100,656738,0,10.178,36.824,1000,1,1,,,0
LTE,605,3,4100,3927565,0,10.179,36.824,1000,1,1,,,0
UMTS,605,1,10017,7275788,0,10.169,36.824,1000,1,1,,,0
UMTS,605,2,134,115635,0,10.175,36.824,1000,1,1,,,0
UMTS,605,2,137,262783,0,10.175,36.824,1000,1,1,,,0
LTE,605,2,134,11522307,0,10.175,36.824,1000,1,1,,,0
GSM,605,2,417,54455,0,10.175,36.824,1000,1,1,,,0
UMTS,605,1,10006,7278246,0,10.175,36.824,1000,1,1,,,0
UMTS,605,1,10017,65798,0,10.175,36.824,1000,1,1,,,0
UMTS,605,3,2100,659072,0,10.177,36.824,1000,1,1,,,0
UMTS,605,2,134,69994,0,10.177,36.824,1000,1,1,,,0
UMTS,605,3,2119,197041,0,10.178,36.824,1000,1,1,,,0
UMTS,605,1,10012,7276162,0,10.18,36.824,1000,1,1,,,0
LTE,605,1,10012,42766,0,10.172,36.824,1000,1,1,,,0
LTE,605,1,10006,222469,0,10.172,36.825,1000,1,1,,,0
UMTS,605,2,134,69990,0,10.178,36.825,1000,1,1,,,0
GSM,605,2,414,50676,0,10.169,36.825,1000,1,1,,,0
LTE,605,2,134,11633933,0,10.175,36.825,1000,1,1,,,0
UMTS,605,2,134,69992,0,10.176,36.825,1000,1,1,,,0
GSM,605,1,10012,1663,0,10.177,36.825,1000,1,1,,,0
UMTS,605,3,2119,197981,0,10.18,36.825,1000,1,1,,,0
LTE,605,1,10017,222469,0,10.172,36.825,1000,1,1,,,0
LTE,605,1,10012,42502,0,10.178,36.825,1000,1,1,,,0
UMTS,605,1,10017,7274867,0,10.169,36.825,1000,1,1,,,0
UMTS,605,1,10017,7274877,0,10.169,36.825,1000,1,1,,,0
LTE,605,2,134,11633923,0,10.174,36.825,1000,1,1,,,0
UMTS,605,2,134,69995,0,10.174,36.825,1000,1,1,,,0
GSM,605,2,417,54456,0,10.175,36.825,1000,1,1,,,0
GSM,605,2,417,54454,0,10.175,36.825,1000,1,1,,,0
UMTS,605,3,2119,227041,0,10.18,36.825,1000,1,1,,,0
LTE,605,2,134,11633921,0,10.18,36.825,1000,1,1,,,0
UMTS,605,2,134,70432,0,10.179,36.826,1000,1,1,,,0
UMTS,605,2,134,120435,0,10.179,36.826,1000,1,1,,,0
LTE,605,1,10012,42499,0,10.177,36.826,1000,1,1,,,0
UMTS,605,2,134,70429,0,10.18,36.827,1000,1,1,,,0
UMTS,605,2,134,66235,0,10.171,36.827,1000,1,1,,,0
UMTS,605,2,134,66228,0,10.171,36.827,1000,1,1,,,0
UMTS,605,2,134,66231,0,10.171,36.827,1000,1,1,,,0
UMTS,605,2,134,66234,0,10.171,36.827,1000,1,1,,,0
GSM,605,3,103,15379,0,10.173,36.827,1000,1,1,,,0
UMTS,605,2,134,116234,0,10.173,36.827,1000,1,1,,,0
UMTS,605,3,2100,656542,0,10.173,36.827,1000,1,1,,,0
UMTS,605,3,2119,197040,0,10.18,36.827,1000,1,1,,,0
LTE,605,2,134,11529484,0,10.18,36.827,1000,1,1,,,0
LTE,605,3,4100,3847948,0,10.18,36.827,1000,1,1,,,0
UMTS,605,2,134,69989,0,10.169,36.827,1000,1,1,,,0
UMTS,605,3,2100,656547,0,10.172,36.827,1000,1,1,,,0
GSM,605,1,10012,1426,0,10.172,36.827,1000,1,1,,,0
UMTS,605,1,10006,7275918,0,10.172,36.827,1000,1,1,,,0
LTE,605,1,10012,222469,0,10.169,36.827,1000,1,1,,,0
UMTS,605,3,2100,686542,0,10.173,36.828,1000,1,1,,,0
GSM,605,3,103,15459,0,10.18,36.828,1000,1,1,,,0
LTE,605,1,10006,42500,0,10.18,36.828,1000,1,1,,,0
GSM,605,2,417,50696,0,10.169,36.828,1000,1,1,,,0
GSM,605,2,417,50693,0,10.169,36.828,1000,1,1,,,0
UMTS,605,2,134,66229,0,10.169,36.828,1000,1,1,,,0
UMTS,605,1,10012,7283188,0,10.169,36.828,1000,1,1,,,0
GSM,605,1,10012,1422,0,10.17,36.828,1000,1,1,,,0
GSM,605,1,10012,1421,0,10.17,36.828,1000,1,1,,,0
GSM,605,1,10012,1423,0,10.17,36.828,1000,1,1,,,0
UMTS,605,1,7207,7275924,0,10.171,36.828,1000,1,1,,,0
GSM,605,2,417,51663,0,10.177,36.828,1000,1,1,,,0
LTE,605,2,134,11529474,0,10.18,36.828,1000,1,1,,,0
UMTS,605,2,134,66232,0,10.169,36.828,1000,1,1,,,0
LTE,605,1,10012,17412,0,10.18,36.829,1000,1,1,,,0
GSM,605,2,417,50692,0,10.174,36.829,1000,1,1,,,0
UMTS,605,3,2100,655797,0,10.18,36.829,1000,1,1,,,0
UMTS,605,2,134,65630,0,10.173,36.829,1025,1,1,,,0
UMTS,605,2,134,67198,0,10.18,36.829,1000,1,1,,,0
UMTS,605,2,134,66227,0,10.172,36.83,1000,1,1,,,0
UMTS,605,3,2100,655791,0,10.179,36.83,1000,1,1,,,0
UMTS,605,2,134,116233,0,10.169,36.83,1000,1,1,,,0
GSM,605,2,417,50695,0,10.173,36.83,1000,1,1,,,0
GSM,605,2,417,54893,0,10.175,36.83,1000,1,1,,,0
UMTS,605,3,2100,655798,0,10.177,36.83,1000,1,1,,,0
GSM,605,2,417,54896,0,10.178,36.83,1000,1,1,,,0
UMTS,605,2,134,67202,0,10.178,36.83,1000,1,1,,,0
UMTS,605,2,134,67201,0,10.18,36.83,1000,1,1,,,0
UMTS,605,2,134,65908,0,10.18,36.83,1000,1,1,,,0
GSM,605,3,103,15458,0,10.18,36.831,1000,1,1,,,0
UMTS,605,3,2100,658362,0,10.169,36.831,1000,1,1,,,0
UMTS,605,3,2100,656546,0,10.171,36.831,1000,1,1,,,0
LTE,605,2,134,11529475,0,10.176,36.831,1000,1,1,,,0
GSM,605,2,417,58302,0,10.18,36.831,1000,1,1,,,0
UMTS,605,3,2100,686541,0,10.17,36.831,1000,1,1,,,0
GSM,605,2,417,50691,0,10.171,36.831,1000,1,1,,,0
GSM,605,2,417,50694,0,10.171,36.831,1000,1,1,,,0
GSM,605,2,417,53552,0,10.171,36.831,1000,1,1,,,0
UMTS,605,3,2100,655793,0,10.175,36.831,1000,1,1,,,0
UMTS,605,1,10012,7275312,0,10.177,36.831,1000,1,1,,,0
UMTS,605,2,134,67200,0,10.178,36.831,1000,1,1,,,0
UMTS,605,2,134,67197,0,10.18,36.831,1000,1,1,,,0
GSM,605,2,417,51661,0,10.18,36.831,1000,1,1,,,0
UMTS,605,2,134,117203,0,10.18,36.831,1000,1,1,,,0
UMTS,605,1,10012,7275310,0,10.178,36.831,1000,1,1,,,0
LTE,605,2,134,11610882,0,10.171,36.832,1000,1,1,,,0
UMTS,605,1,10012,7275917,0,10.176,36.832,1000,1,1,,,0
UMTS,605,3,2157,556879,0,10.186,36.82,1000,1,1,,,0
UMTS,605,1,10006,68112,0,10.183,36.82,1000,1,1,,,0
UMTS,605,1,10006,69256,0,10.184,36.82,1000,1,1,,,0
UMTS,605,3,2157,585815,0,10.185,36.82,1000,1,1,,,0
UMTS,605,3,2157,526879,0,10.187,36.82,1000,1,1,,,0
UMTS,605,3,2157,526884,0,10.186,36.82,1000,1,1,,,0
UMTS,605,3,2157,526680,0,10.192,36.82,1000,1,1,,,0
UMTS,605,1,10012,7276826,0,10.183,36.82,1000,1,1,,,0
UMTS,605,2,134,115825,0,10.187,36.82,1000,1,1,,,0
UMTS,605,1,10001,66221,0,10.181,36.82,1000,1,1,,,0
UMTS,605,3,2100,688946,0,10.183,36.82,1000,1,1,,,0
UMTS,605,2,134,66549,0,10.181,36.82,1000,1,1,,,0
UMTS,605,2,134,116555,0,10.181,36.82,1000,1,1,,,0
GSM,605,3,1119,15047,0,10.186,36.82,1000,1,1,,,0
LTE,605,3,4157,3918082,0,10.192,36.821,1081,1,1,,,0
LTE,605,3,4157,3918083,0,10.186,36.821,1000,1,1,,,0
UMTS,605,2,134,66547,0,10.188,36.821,1000,1,1,,,0
UMTS,605,3,2157,526886,0,10.186,36.821,1000,1,1,,,0
UMTS,605,3,2157,526881,0,10.184,36.821,1000,1,1,,,0
UMTS,605,1,10006,68109,0,10.182,36.821,1000,1,1,,,0
UMTS,605,3,2100,657711,0,10.185,36.821,1000,1,1,,,0
LTE,605,2,134,11527181,0,10.189,36.821,1000,1,1,,,0
GSM,605,3,1137,16729,0,10.181,36.821,1000,1,1,,,0
UMTS,605,2,134,66552,0,10.183,36.821,1000,1,1,,,0
UMTS,605,3,2100,526881,0,10.184,36.821,1000,1,1,,,0
UMTS,605,3,2100,686737,0,10.186,36.821,1000,1,1,,,0
UMTS,605,2,134,66827,0,10.182,36.821,1000,1,1,,,0
UMTS,605,3,2100,526886,0,10.184,36.821,1000,1,1,,,0
LTE,605,2,134,11527171,0,10.185,36.821,1000,1,1,,,0
GSM,605,3,1137,16727,0,10.186,36.821,1000,1,1,,,0
UMTS,605,3,2157,686737,0,10.186,36.821,1000,1,1,,,0
UMTS,605,3,2157,688948,0,10.186,36.821,1000,1,1,,,0
UMTS,605,3,2100,556879,0,10.186,36.821,1000,1,1,,,0
UMTS,605,1,10020,67246,0,10.188,36.821,1000,1,1,,,0
UMTS,605,3,2157,527846,0,10.188,36.821,1000,1,1,,,0
UMTS,605,3,2157,527841,0,10.188,36.821,1000,1,1,,,0
UMTS,605,3,2157,656737,0,10.188,36.821,1000,1,1,,,0
UMTS,605,3,2100,526879,0,10.188,36.821,1000,1,1,,,0
UMTS,605,2,134,70182,0,10.188,36.821,1000,1,1,,,0
UMTS,605,3,2100,557841,0,10.188,36.821,1000,1,1,,,0
LTE,605,3,4157,3918093,0,10.188,36.821,1000,1,1,,,0
UMTS,605,1,10012,7274658,0,10.191,36.821,1000,1,1,,,0
LTE,605,2,134,11527180,0,10.19,36.821,1000,1,1,,,0
UMTS,605,3,2157,557841,0,10.188,36.822,1000,1,1,,,0
UMTS,605,3,2100,686732,0,10.187,36.822,1000,1,1,,,0
UMTS,605,2,134,70179,0,10.187,36.822,1000,1,1,,,0
UMTS,605,3,2100,656737,0,10.186,36.822,1000,1,1,,,0
LTE,605,1,10020,4102,0,10.188,36.822,1000,1,1,,,0
UMTS,605,3,2100,656732,0,10.186,36.822,2282,1,1,,,0
UMTS,605,2,134,116553,0,10.184,36.822,1000,1,1,,,0
LTE,605,2,134,11527169,0,10.192,36.822,1000,1,1,,,0
UMTS,605,2,134,65819,0,10.185,36.822,1000,1,1,,,0
GSM,605,2,417,50283,0,10.185,36.822,1000,1,1,,,0
LTE,605,1,10012,42498,0,10.185,36.823,1000,1,1,,,0
UMTS,605,3,2157,686733,0,10.181,36.823,1000,1,1,,,0
UMTS,605,1,10012,7276165,0,10.181,36.823,1000,1,1,,,0
UMTS,605,1,10006,7276158,0,10.182,36.823,1000,1,1,,,0
GSM,605,2,417,50091,0,10.182,36.823,1000,1,1,,,0
GSM,605,2,417,54892,0,10.182,36.823,1000,1,1,,,0
UMTS,605,3,2157,656732,0,10.185,36.823,1000,1,1,,,0
UMTS,605,3,2100,526884,0,10.185,36.823,1000,1,1,,,0
GSM,605,3,1137,16721,0,10.192,36.823,1000,1,1,,,0
UMTS,605,3,2100,556881,0,10.184,36.823,1000,1,1,,,0
GSM,605,2,417,54646,0,10.19,36.823,1000,1,1,,,0
UMTS,605,1,10012,7276158,0,10.183,36.823,1000,1,1,,,0
LTE,605,1,10012,42501,0,10.185,36.823,1000,1,1,,,0
GSM,605,1,10012,1662,0,10.188,36.823,1000,1,1,,,0
UMTS,605,3,2100,686733,0,10.182,36.824,1000,1,1,,,0
UMTS,605,2,134,66829,0,10.184,36.824,1000,1,1,,,0
UMTS,605,2,134,65822,0,10.183,36.824,1000,1,1,,,0
LTE,605,3,4100,3927564,0,10.185,36.824,1000,1,1,,,0
UMTS,605,3,2100,656733,0,10.181,36.824,1000,1,1,,,0
UMTS,605,2,134,117204,0,10.191,36.824,1000,1,1,,,0
UMTS,605,2,134,66832,0,10.183,36.824,1000,1,1,,,0
UMTS,605,2,134,70431,0,10.183,36.824,1000,1,1,,,0
UMTS,605,3,2100,694116,0,10.18,36.824,1000,1,1,,,0
UMTS,605,1,10020,70909,0,10.185,36.824,1000,1,1,,,0
UMTS,605,3,2100,686738,0,10.181,36.825,1000,1,1,,,0
GSM,605,3,1116,10073,0,10.19,36.825,1000,1,1,,,0
UMTS,605,1,10020,65702,0,10.191,36.825,1000,1,1,,,0
UMTS,605,2,134,70428,0,10.183,36.825,1000,1,1,,,0
LTE,605,3,4100,4045846,0,10.185,36.825,1000,1,1,,,0
LTE,605,1,10012,42503,0,10.185,36.825,1000,1,1,,,0
UMTS,605,3,2119,227981,0,10.18,36.825,1000,1,1,,,0
UMTS,605,2,134,120434,0,10.182,36.825,1000,1,1,,,0
UMTS,605,2,134,66830,0,10.188,36.825,1000,1,1,,,0
UMTS,605,1,10006,65702,0,10.189,36.825,1000,1,1,,,0
UMTS,605,2,134,65817,0,10.192,36.825,4283,1,1,,,0
UMTS,605,3,2119,227979,0,10.181,36.825,1000,1,1,,,0
UMTS,605,1,10012,7278496,0,10.182,36.825,1000,1,1,,,0
UMTS,605,3,2100,3927565,0,10.182,36.825,1000,1,1,,,0
UMTS,605,3,2100,532775,0,10.188,36.825,1000,1,1,,,0
LTE,605,3,4100,3852034,0,10.182,36.826,1000,1,1,,,0
LTE,605,3,4100,3906059,0,10.182,36.826,1000,1,1,,,0
LTE,605,3,4100,3906051,0,10.182,36.826,1000,1,1,,,0
LTE,605,3,4100,3906049,0,10.182,36.826,1000,1,1,,,0
UMTS,605,3,2100,532769,0,10.189,36.826,1000,1,1,,,0
LTE,605,3,4100,3906050,0,10.183,36.826,1184,1,1,,,0
UMTS,605,1,10012,7276159,0,10.181,36.826,1000,1,1,,,0
UMTS,605,3,2157,532775,0,10.187,36.827,1000,1,1,,,0
LTE,605,3,4100,3847938,0,10.183,36.827,1000,1,1,,,0
UMTS,605,2,240,131677,0,10.191,36.827,4505,1,1,,,0
UMTS,605,3,2100,686736,0,10.184,36.827,1000,1,1,,,0
UMTS,605,2,134,70430,0,10.182,36.827,1000,1,1,,,0
UMTS,605,1,10012,7281513,0,10.192,36.827,1000,1,1,,,0
LTE,605,2,134,11645185,0,10.188,36.827,1000,1,1,,,0
UMTS,605,3,2157,532774,0,10.189,36.827,1000,1,1,,,0
LTE,605,3,4157,3928578,0,10.185,36.827,1000,1,1,,,0
GSM,605,3,1116,15458,0,10.181,36.827,1150,1,1,,,0
UMTS,605,3,2100,656731,0,10.185,36.827,1000,1,1,,,0
UMTS,605,3,2100,685792,0,10.184,36.827,1000,1,1,,,0
UMTS,605,3,2100,686731,0,10.185,36.827,500,1,1,,,0
UMTS,605,3,2100,655792,0,10.183,36.827,1000,1,1,,,0
UMTS,605,3,2100,656736,0,10.185,36.827,1000,1,1,,,0
UMTS,605,3,2100,526679,0,10.187,36.827,1000,1,1,,,0
GSM,605,3,1116,15452,0,10.182,36.827,1117,1,1,,,0
UMTS,605,3,2157,532770,0,10.19,36.827,1000,1,1,,,0
UMTS,605,2,134,65911,0,10.181,36.827,1000,1,1,,,0
UMTS,605,1,10012,7281367,0,10.181,36.828,1000,1,1,,,0
UMTS,605,3,2100,532771,0,10.182,36.828,1000,1,1,,,0
GSM,605,2,417,51102,0,10.192,36.828,1000,1,1,,,0
UMTS,605,3,2100,694111,0,10.181,36.828,1620,1,1,,,0
UMTS,605,2,134,69608,0,10.187,36.828,5908,1,1,,,0
UMTS,605,3,2157,532769,0,10.19,36.828,1000,1,1,,,0
LTE,605,1,10006,42502,0,10.18,36.828,1000,1,1,,,0
UMTS,605,2,134,120433,0,10.186,36.828,1000,1,1,,,0
UMTS,605,1,10012,7278086,0,10.186,36.828,1000,1,1,,,0
UMTS,605,1,10012,7276443,0,10.191,36.828,1000,1,1,,,0
GSM,605,3,1116,10077,0,10.186,36.828,1000,1,1,,,0
UMTS,605,2,134,70427,0,10.185,36.828,1000,1,1,,,0
UMTS,605,3,2157,656731,0,10.185,36.828,1000,1,1,,,0
GSM,605,2,417,54895,0,10.186,36.828,1000,1,1,,,0
LTE,605,2,134,11645195,0,10.186,36.828,1000,1,1,,,0
UMTS,605,1,10012,7275924,0,10.191,36.828,1000,1,1,,,0
UMTS,605,3,2100,526681,0,10.191,36.828,1000,1,1,,,0
GSM,605,2,417,51291,0,10.192,36.828,1000,1,1,,,0
GSM,605,2,417,51294,0,10.192,36.828,1000,1,1,,,0
GSM,605,2,417,51105,0,10.192,36.828,1000,1,1,,,0
GSM,605,2,134,7290,0,10.192,36.828,1000,1,1,,,0
UMTS,605,1,10012,7276160,0,10.186,36.828,1000,1,1,,,0
GSM,605,3,1137,10403,0,10.192,36.828,1000,1,1,,,0
UMTS,605,1,10012,7276157,0,10.186,36.828,1000,1,1,,,0
GSM,605,3,1137,10408,0,10.186,36.828,1000,1,1,,,0
LTE,605,3,4157,3928587,0,10.19,36.828,1000,1,1,,,0
LTE,605,1,10012,42500,0,10.185,36.828,1000,1,1,,,0
GSM,605,3,1137,10409,0,10.186,36.829,1000,1,1,,,0
GSM,605,2,417,51662,0,10.183,36.829,1000,1,1,,,0
UMTS,605,1,10012,7275918,0,10.18,36.829,1000,1,1,,,0
UMTS,605,1,10012,7277122,0,10.186,36.829,1000,1,1,,,0
UMTS,605,1,10012,7280770,0,10.186,36.829,1000,1,1,,,0
UMTS,605,1,10012,7275308,0,10.181,36.829,1000,1,1,,,0
GSM,605,2,417,51103,0,10.185,36.829,1000,1,1,,,0
UMTS,605,1,10020,65699,0,10.19,36.829,1000,1,1,,,0
GSM,605,3,1116,10071,0,10.184,36.829,1000,1,1,,,0
LTE,605,1,10006,67078,0,10.18,36.829,1000,1,1,,,0
GSM,605,1,10012,1664,0,10.188,36.829,1000,1,1,,,0
UMTS,605,1,10012,7274809,0,10.192,36.829,1000,1,1,,,0
GSM,605,2,417,54894,0,10.186,36.83,1000,1,1,,,0
UMTS,605,3,2157,562769,0,10.189,36.83,1000,1,1,,,0
GSM,605,3,1137,10407,0,10.192,36.83,1000,1,1,,,0
UMTS,605,3,2157,664118,0,10.185,36.83,1000,1,1,,,0
GSM,605,3,1137,10402,0,10.186,36.83,1000,1,1,,,0
GSM,605,2,417,53754,0,10.188,36.83,1000,1,1,,,0
UMTS,605,1,10012,7284300,0,10.188,36.83,1000,1,1,,,0
UMTS,605,3,2157,562771,0,10.188,36.83,1000,1,1,,,0
UMTS,605,1,10012,7275284,0,10.188,36.83,1000,1,1,,,0
GSM,605,2,417,51393,0,10.189,36.83,1000,1,1,,,0
UMTS,605,2,134,66641,0,10.191,36.83,1000,1,1,,,0
LTE,605,2,134,11527179,0,10.191,36.83,3266,1,1,,,0
UMTS,605,1,10012,7276442,0,10.19,36.83,1000,1,1,,,0
UMTS,605,3,2157,532771,0,10.189,36.83,1000,1,1,,,0
UMTS,605,1,10012,7277125,0,10.188,36.83,1000,1,1,,,0
UMTS,605,1,10012,7276440,0,10.19,36.83,1000,1,1,,,0
LTE,605,1,10012,42497,0,10.19,36.83,1000,1,1,,,0
LTE,605,1,10006,17412,0,10.18,36.83,1000,1,1,,,0
UMTS,605,1,10012,7281507,0,10.19,36.83,1000,1,1,,,0
LTE,605,1,10012,67075,0,10.187,36.83,1000,1,1,,,0
UMTS,605,2,134,66639,0,10.187,36.83,1000,1,1,,,0
LTE,605,1,10012,67083,0,10.187,36.83,1000,1,1,,,0
UMTS,605,1,10012,7283556,0,10.191,36.831,1000,1,1,,,0
LTE,605,1,10012,67078,0,10.184,36.831,1000,1,1,,,0
LTE,605,3,4157,3928589,0,10.185,36.831,1218,1,1,,,0
LTE,605,1,10012,67278,0,10.187,36.831,1000,1,1,,,0
UMTS,605,1,10012,7278246,0,10.187,36.831,1000,1,1,,,0
UMTS,605,2,134,116644,0,10.192,36.831,1000,1,1,,,0
UMTS,605,1,10012,7274811,0,10.186,36.831,1000,1,1,,,0
UMTS,605,1,10012,7275921,0,10.186,36.831,1000,1,1,,,0
GSM,605,1,10006,163,0,10.188,36.831,1000,1,1,,,0
GSM,605,1,10012,7011,0,10.188,36.831,1000,1,1,,,0
GSM,605,1,10006,166,0,10.188,36.831,1000,1,1,,,0
GSM,605,2,417,54891,0,10.188,36.831,1000,1,1,,,0
GSM,605,2,417,51106,0,10.189,36.831,1000,1,1,,,0
LTE,605,3,4100,3846915,0,10.187,36.831,1000,1,1,,,0
UMTS,605,1,10012,7281510,0,10.191,36.831,1000,1,1,,,0
GSM,605,2,417,50375,0,10.181,36.831,1000,1,1,,,0
UMTS,605,1,10012,7278236,0,10.192,36.832,1000,1,1,,,0
UMTS,605,3,2157,526701,0,10.188,36.832,1000,1,1,,,0
LTE,605,1,10006,67086,0,10.18,36.832,1000,1,1,,,0
LTE,605,3,4100,3846924,0,10.185,36.832,1207,1,1,,,0
GSM,605,3,1137,17807,0,10.198,36.82,1000,1,1,,,0
GSM,605,2,134,315,0,10.196,36.82,1000,1,1,,,0
UMTS,605,3,2157,527839,0,10.194,36.82,1000,1,1,,,0
UMTS,605,2,10020,38917,0,10.202,36.82,1429,1,1,,,0
GSM,605,3,1137,61381,0,10.192,36.82,1000,1,1,,,0
LTE,605,1,10020,87302,0,10.193,36.821,1000,1,1,,,0
LTE,605,3,4157,3918091,0,10.198,36.821,2232,1,1,,,0
UMTS,605,1,10006,65704,0,10.193,36.821,1000,1,1,,,0
UMTS,605,1,10020,65697,0,10.2,36.821,1000,1,1,,,0
UMTS,605,2,134,65848,0,10.195,36.821,1000,1,1,,,0
GSM,605,2,417,54644,0,10.197,36.821,1000,1,1,,,0
UMTS,605,2,134,67310,0,10.195,36.821,1689,1,1,,,0
LTE,605,3,4157,3918081,0,10.194,36.821,1000,1,1,,,0
UMTS,605,1,10012,67858,0,10.197,36.821,1000,1,1,,,0
GSM,605,3,1137,17713,0,10.193,36.821,1000,1,1,,,0
GSM,605,3,1137,15118,0,10.194,36.821,1000,1,1,,,0
UMTS,605,1,10020,65700,0,10.195,36.821,1000,1,1,,,0
UMTS,605,2,134,183391,0,10.196,36.821,1000,1,1,,,0
GSM,605,2,417,55241,0,10.197,36.821,1000,1,1,,,0
UMTS,605,1,10020,7281513,0,10.197,36.821,1000,1,1,,,0
UMTS,605,1,10020,66084,0,10.197,36.821,1000,1,1,,,0
UMTS,605,3,2154,526684,0,10.197,36.821,1000,1,1,,,0
GSM,605,2,134,4644,0,10.197,36.821,1000,1,1,,,0
UMTS,605,2,134,65851,0,10.196,36.822,1000,1,1,,,0
UMTS,605,1,10006,66077,0,10.193,36.822,1000,1,1,,,0
UMTS,605,3,2157,526685,0,10.193,36.822,1000,1,1,,,0
GSM,605,3,107,15112,0,10.193,36.822,1000,1,1,,,0
GSM,605,2,417,50286,0,10.193,36.822,1000,1,1,,,0
UMTS,605,2,134,65602,0,10.198,36.822,1643,1,1,,,0
UMTS,605,2,134,65820,0,10.192,36.822,1000,1,1,,,0
GSM,605,3,1116,10072,0,10.193,36.823,1000,1,1,,,0
GSM,605,3,1116,10078,0,10.193,36.823,1000,1,1,,,0
UMTS,605,1,10020,70907,0,10.193,36.823,1000,1,1,,,0
GSM,605,3,1137,15112,0,10.195,36.823,1000,1,1,,,0
UMTS,605,3,2157,230189,0,10.197,36.823,1000,1,1,,,0
UMTS,605,3,2157,557839,0,10.199,36.823,1000,1,1,,,0
GSM,605,1,10020,164,0,10.197,36.823,1000,1,1,,,0
LTE,605,1,10020,4097,0,10.198,36.823,1000,1,1,,,0
GSM,605,3,1137,10312,0,10.193,36.823,1000,1,1,,,0
UMTS,605,3,2157,526681,0,10.192,36.823,1000,1,1,,,0
GSM,605,2,134,1802,0,10.199,36.823,1000,1,1,,,0
GSM,605,3,1137,15113,0,10.194,36.824,1000,1,1,,,0
UMTS,605,3,2157,526885,0,10.196,36.824,3781,1,1,,,0
GSM,605,2,417,50313,0,10.195,36.824,1000,1,1,,,0
UMTS,605,2,134,115853,0,10.199,36.824,1000,1,1,,,0
GSM,605,2,417,50312,0,10.2,36.824,1000,1,1,,,0
LTE,605,3,4100,4045836,0,10.202,36.824,1000,1,1,,,0
LTE,605,2,134,11527949,0,10.195,36.824,1000,1,1,,,0
LTE,605,1,10020,4100,0,10.198,36.824,1000,1,1,,,0
GSM,605,1,10012,1665,0,10.193,36.824,1000,1,1,,,0
GSM,605,3,1137,15111,0,10.196,36.824,1000,1,1,,,0
GSM,605,2,134,314,0,10.199,36.824,1000,1,1,,,0
UMTS,605,3,2157,526684,0,10.199,36.824,1000,1,1,,,0
GSM,605,1,10012,321,0,10.199,36.824,1000,1,1,,,0
UMTS,605,1,10006,67061,0,10.2,36.824,1000,1,1,,,0
UMTS,605,2,134,67344,0,10.201,36.824,1000,1,1,,,0
UMTS,605,2,134,70183,0,10.201,36.824,1000,1,1,,,0
GSM,605,1,10012,1661,0,10.195,36.824,1000,1,1,,,0
UMTS,605,1,10006,65700,0,10.197,36.824,1000,1,1,,,0
UMTS,605,1,10020,71986,0,10.199,36.824,1000,1,1,,,0
GSM,605,3,107,15302,0,10.201,36.824,2872,1,1,,,0
GSM,605,1,10020,165,0,10.197,36.824,1092,1,1,,,0
UMTS,605,3,2157,526686,0,10.193,36.824,1000,1,1,,,0
UMTS,605,3,2101,69449,0,10.2,36.824,1000,1,1,,,0
UMTS,605,3,2157,526679,0,10.197,36.825,1000,1,1,,,0
GSM,605,2,417,51803,0,10.197,36.825,1000,1,1,,,0
GSM,605,2,417,50311,0,10.198,36.825,1000,1,1,,,0
GSM,605,1,10020,1952,0,10.201,36.825,1000,1,1,,,0
LTE,605,2,134,11527947,0,10.197,36.825,1000,1,1,,,0
UMTS,605,2,134,66638,0,10.192,36.825,1000,1,1,,,0
GSM,605,3,1137,15119,0,10.194,36.825,1000,1,1,,,0
GSM,605,3,1137,18478,0,10.195,36.825,1000,1,1,,,0
UMTS,605,2,134,115855,0,10.197,36.825,1000,1,1,,,0
GSM,605,1,10020,1522,0,10.199,36.825,1000,1,1,,,0
GSM,605,3,1137,15302,0,10.203,36.825,1510,1,1,,,0
GSM,605,3,1137,17719,0,10.193,36.825,1000,1,1,,,0
UMTS,605,2,134,65850,0,10.199,36.825,1000,1,1,,,0
GSM,605,1,10020,166,0,10.197,36.825,1000,1,1,,,0
UMTS,605,2,134,65830,0,10.195,36.825,3023,1,1,,,0
GSM,605,1,10020,1525,0,10.199,36.825,1000,1,1,,,0
UMTS,605,2,134,67338,0,10.2,36.825,1000,1,1,,,0
GSM,605,2,134,51808,0,10.2,36.825,1000,1,1,,,0
GSM,605,3,1137,15117,0,10.196,36.825,1000,1,1,,,0
GSM,605,1,10020,2765,0,10.199,36.825,1000,1,1,,,0
LTE,605,1,10020,87310,0,10.197,36.825,1000,1,1,,,0
LTE,605,1,10020,38917,0,10.201,36.825,2179,1,1,,,0
GSM,605,1,10020,163,0,10.197,36.825,1000,1,1,,,0
GSM,605,3,107,15128,0,10.198,36.825,1000,1,1,,,0
UMTS,605,1,10020,71996,0,10.199,36.825,1000,1,1,,,0
GSM,605,1,10006,681,0,10.195,36.825,1000,1,1,,,0
GSM,605,2,417,50281,0,10.195,36.825,1000,1,1,,,0
UMTS,605,1,10020,67492,0,10.195,36.825,1000,1,1,,,0
UMTS,605,2,134,65855,0,10.195,36.825,1000,1,1,,,0
GSM,605,3,107,15119,0,10.196,36.825,1000,1,1,,,0
GSM,605,1,10020,1953,0,10.196,36.825,1000,1,1,,,0
GSM,605,3,107,15082,0,10.199,36.825,1000,1,1,,,0
GSM,605,1,10001,1522,0,10.2,36.825,1000,1,1,,,0
UMTS,605,1,10020,68301,0,10.2,36.825,1000,1,1,,,0
LTE,605,2,134,11555586,0,10.2,36.825,1000,1,1,,,0
LTE,605,3,4154,3118349,0,10.2,36.825,1000,1,1,,,0
UMTS,605,1,10020,225029,0,10.2,36.825,1000,1,1,,,0
UMTS,605,1,10020,69086,0,10.201,36.825,1000,1,1,,,0
LTE,605,2,134,11527937,0,10.198,36.826,1000,1,1,,,0
UMTS,605,2,134,65847,0,10.199,36.826,1000,1,1,,,0
GSM,605,3,111,15619,0,10.2,36.826,9053,1,1,,,0
GSM,605,3,1137,17717,0,10.201,36.826,1000,1,1,,,0
GSM,605,3,107,16143,0,10.198,36.826,1000,1,1,,,0
LTE,605,1,10020,4099,0,10.199,36.826,1000,1,1,,,0
UMTS,605,3,2101,67927,0,10.199,36.826,1000,1,1,,,0
UMTS,605,1,10020,67061,0,10.201,36.826,1000,1,1,,,0
LTE,605,3,4157,3843595,0,10.2,36.826,5898,1,1,,,0
GSM,605,3,107,15111,0,10.201,36.826,1000,1,1,,,0
LTE,605,1,10020,49925,0,10.198,36.826,1000,1,1,,,0
UMTS,605,2,134,67341,0,10.2,36.826,1000,1,1,,,0
UMTS,605,1,10020,67058,0,10.202,36.826,1000,1,1,,,0
UMTS,605,2,134,69991,0,10.193,36.826,11042,1,1,,,0
GSM,605,2,417,51802,0,10.202,36.826,1000,1,1,,,0
GSM,605,1,10020,1523,0,10.203,36.826,1000,1,1,,,0
LTE,605,1,10012,67074,0,10.193,36.826,1000,1,1,,,0
LTE,605,1,10020,38914,0,10.201,36.826,1000,1,1,,,0
UMTS,605,3,2157,558201,0,10.2,36.827,1000,1,1,,,0
UMTS,605,3,2157,556679,0,10.197,36.827,1000,1,1,,,0
LTE,605,2,134,11566082,0,10.201,36.827,1000,1,1,,,0
GSM,605,2,417,51395,0,10.193,36.827,1000,1,1,,,0
LTE,605,3,4157,3843587,0,10.193,36.827,1000,1,1,,,0
GSM,605,2,417,50284,0,10.195,36.827,1000,1,1,,,0
UMTS,605,1,10005,75645,0,10.195,36.827,1000,1,1,,,0
UMTS,605,1,10020,69166,0,10.195,36.827,1000,1,1,,,0
UMTS,605,1,10020,67489,0,10.195,36.827,1000,1,1,,,0
LTE,605,3,4157,3843597,0,10.195,36.827,1000,1,1,,,0
UMTS,605,3,2157,37750352,0,10.197,36.827,1000,1,1,,,0
LTE,605,3,4157,3892225,0,10.197,36.827,1000,1,1,,,0
UMTS,605,3,2157,34013971,0,10.197,36.827,1000,1,1,,,0
UMTS,605,3,2157,61644,0,10.197,36.827,1000,1,1,,,0
UMTS,605,3,2157,479896,0,10.197,36.827,1000,1,1,,,0
GSM,605,3,1154,12767,0,10.197,36.827,1000,1,1,,,0
GSM,605,3,134,12369,0,10.197,36.827,1000,1,1,,,0
GSM,605,3,1118,11549,0,10.197,36.827,1000,1,1,,,0
UMTS,605,2,220,262313,0,10.197,36.827,1000,1,1,,,0
UMTS,605,2,220,312313,0,10.197,36.827,1000,1,1,,,0
UMTS,605,2,220,262307,0,10.197,36.827,1000,1,1,,,0
UMTS,605,2,220,262310,0,10.197,36.827,1000,1,1,,,0
UMTS,605,3,2164,818614,0,10.197,36.827,1000,1,1,,,0
GSM,605,2,410,51801,0,10.2,36.827,1000,1,1,,,0
UMTS,605,1,10020,68298,0,10.2,36.827,1000,1,1,,,0
UMTS,605,1,10020,7275515,0,10.2,36.827,1000,1,1,,,0
UMTS,605,1,10006,67058,0,10.2,36.827,1000,1,1,,,0
GSM,605,2,134,1804,0,10.202,36.827,1000,1,1,,,0
GSM,605,3,107,16332,0,10.193,36.827,1000,1,1,,,0
GSM,605,3,107,15088,0,10.193,36.827,2917,1,1,,,0
UMTS,605,2,134,66548,0,10.194,36.827,2808,1,1,,,0
UMTS,605,2,134,67345,0,10.194,36.827,1000,1,1,,,0
UMTS,605,2,134,67339,0,10.196,36.827,1000,1,1,,,0
UMTS,605,2,134,67342,0,10.194,36.827,1000,1,1,,,0
GSM,605,2,134,1805,0,10.201,36.827,1000,1,1,,,0
GSM,605,3,1137,17689,0,10.2,36.827,1000,1,1,,,0
GSM,605,2,134,50068,0,10.203,36.827,1000,1,1,,,0
LTE,605,3,4157,3892235,0,10.198,36.827,1000,1,1,,,0
UMTS,605,2,134,66644,0,10.193,36.828,1000,1,1,,,0
UMTS,605,3,2157,557569,0,10.197,36.828,1000,1,1,,,0
GSM,605,2,134,1801,0,10.2,36.828,1000,1,1,,,0
GSM,605,2,417,51806,0,10.2,36.828,1000,1,1,,,0
GSM,605,3,1137,17683,0,10.198,36.828,1000,1,1,,,0
UMTS,605,3,2157,557570,0,10.197,36.828,1000,1,1,,,0
GSM,605,1,10012,322,0,10.194,36.828,1000,1,1,,,0
LTE,605,3,4157,3892236,0,10.196,36.828,1000,1,1,,,0
UMTS,605,3,2157,655792,0,10.193,36.828,1000,1,1,,,0
LTE,605,3,4157,3892226,0,10.197,36.828,1000,1,1,,,0
UMTS,605,3,2157,61641,0,10.197,36.828,1000,1,1,,,0
UMTS,605,3,2157,1528473,0,10.197,36.828,1000,1,1,,,0
UMTS,605,3,2157,479898,0,10.197,36.828,1000,1,1,,,0
UMTS,605,3,2157,61642,0,10.197,36.828,1000,1,1,,,0
UMTS,605,1,10006,68301,0,10.2,36.828,1000,1,1,,,0
UMTS,605,1,10020,7274823,0,10.2,36.828,1000,1,1,,,0
UMTS,605,3,27912,528201,0,10.201,36.828,1000,1,1,,,0
UMTS,605,3,27912,526684,0,10.203,36.828,1000,1,1,,,0
UMTS,605,3,2157,527570,0,10.194,36.828,1000,1,1,,,0
UMTS,605,3,2157,528206,0,10.2,36.828,1000,1,1,,,0
GSM,605,3,1137,16332,0,10.196,36.829,1000,1,1,,,0
UMTS,605,3,2157,527575,0,10.195,36.829,1000,1,1,,,0
UMTS,605,3,2157,527569,0,10.197,36.829,1000,1,1,,,0
UMTS,605,1,10020,72316,0,10.197,36.829,1000,1,1,,,0
UMTS,605,3,2157,557575,0,10.192,36.829,1000,1,1,,,0
GSM,605,3,1137,16338,0,10.196,36.829,1000,1,1,,,0
UMTS,605,1,10012,67077,0,10.192,36.829,1000,1,1,,,0
GSM,605,3,1137,16331,0,10.197,36.829,1000,1,1,,,0
GSM,605,1,10012,325,0,10.195,36.829,1000,1,1,,,0
GSM,605,3,1137,16337,0,10.198,36.829,1000,1,1,,,0
UMTS,605,2,134,67337,0,10.201,36.829,1000,1,1,,,0
UMTS,605,3,2137,68818,0,10.195,36.829,1000,1,1,,,0
GSM,605,3,1137,10401,0,10.192,36.83,1000,1,1,,,0
UMTS,605,1,10020,67487,0,10.196,36.83,1000,1,1,,,0
UMTS,605,1,10012,7274818,0,10.193,36.83,1000,1,1,,,0
LTE,605,3,4157,3928577,0,10.193,36.83,1000,1,1,,,0
UMTS,605,3,2157,527574,0,10.197,36.83,1000,1,1,,,0
UMTS,605,1,10012,69086,0,10.2,36.83,1000,1,1,,,0
UMTS,605,1,10020,7274817,0,10.2,36.83,1000,1,1,,,0
UMTS,605,1,10006,68302,0,10.201,36.83,1000,1,1,,,0
UMTS,605,1,10020,68302,0,10.201,36.83,1000,1,1,,,0
LTE,605,2,134,11521539,0,10.201,36.83,1000,1,1,,,0
UMTS,605,3,27912,558201,0,10.201,36.83,1000,1,1,,,0
GSM,605,1,10020,2766,0,10.201,36.83,1000,1,1,,,0
UMTS,605,2,134,69629,0,10.197,36.83,6801,1,1,,,0
UMTS,605,1,10012,7279090,0,10.192,36.83,1000,1,1,,,0
GSM,605,3,107,16339,0,10.193,36.83,1000,1,1,,,0
LTE,605,3,4195,3935244,0,10.195,36.83,5304,1,1,,,0
GSM,605,2,417,51801,0,10.201,36.83,1000,1,1,,,0
GSM,605,3,107,16331,0,10.199,36.83,1000,1,1,,,0
UMTS,605,2,134,117343,0,10.201,36.83,1000,1,1,,,0
LTE,605,1,10012,8196,0,10.201,36.83,1000,1,1,,,0
LTE,605,2,134,11566081,0,10.201,36.831,1000,1,1,,,0
LTE,605,2,134,11527426,0,10.203,36.831,1000,1,1,,,0
GSM,605,3,1137,16333,0,10.195,36.831,1000,1,1,,,0
UMTS,605,1,10012,67076,0,10.193,36.831,1000,1,1,,,0
LTE,605,3,4157,3915021,0,10.201,36.831,1000,1,1,,,0
UMTS,605,2,134,67340,0,10.201,36.831,1000,1,1,,,0
GSM,605,3,1137,16339,0,10.197,36.831,1000,1,1,,,0
UMTS,605,3,2157,557574,0,10.199,36.831,1000,1,1,,,0
UMTS,605,3,2157,527571,0,10.195,36.831,1000,1,1,,,0
UMTS,605,2,134,66929,0,10.195,36.831,1000,1,1,,,0
UMTS,605,2,134,66932,0,10.195,36.831,1000,1,1,,,0
GSM,605,3,107,16337,0,10.196,36.831,1000,1,1,,,0
LTE,605,3,4157,3892227,0,10.196,36.831,1000,1,1,,,0
UMTS,605,2,134,66931,0,10.197,36.831,1000,1,1,,,0
UMTS,605,2,134,66928,0,10.197,36.831,1000,1,1,,,0
UMTS,605,1,10012,7274825,0,10.197,36.831,1000,1,1,,,0
GSM,605,2,417,51392,0,10.2,36.831,1000,1,1,,,0
UMTS,605,1,10012,7274823,0,10.2,36.831,1000,1,1,,,0
UMTS,605,1,10006,7275509,0,10.201,36.831,1000,1,1,,,0
UMTS,605,1,10012,7274816,0,10.201,36.831,1000,1,1,,,0
UMTS,605,3,27912,528206,0,10.201,36.831,1000,1,1,,,0
UMTS,605,3,2164,795193,0,10.201,36.831,1000,1,1,,,0
UMTS,605,1,10020,68299,0,10.201,36.831,1000,1,1,,,0
GSM,605,3,107,16333,0,10.195,36.831,1000,1,1,,,0
GSM,605,3,1137,18411,0,10.196,36.831,2600,1,1,,,0
LTE,605,3,4195,3915021,0,10.201,36.832,1000,1,1,,,0
UMTS,605,3,2157,527576,0,10.196,36.832,1000,1,1,,,0
LTE,605,3,4195,3892235,0,10.201,36.832,1000,1,1,,,0
UMTS,605,3,2157,526700,0,10.197,36.832,1000,1,1,,,0
UMTS,605,3,2157,531625,0,10.215,36.823,1000,1,1,,,0
UMTS,605,2,134,117315,0,10.205,36.823,3974,1,1,,,0
UMTS,605,1,2157,528205,0,10.207,36.826,1000,1,1,,,0
GSM,605,1,10020,662,0,10.209,36.826,1187,1,1,,,0
LTE,605,1,10020,16901,0,10.205,36.826,1000,1,1,,,0
GSM,605,1,10006,685,0,10.208,36.827,1000,1,1,,,0
UMTS,605,2,134,117344,0,10.206,36.828,1000,1,1,,,0
UMTS,605,3,2157,558190,0,10.204,36.828,1000,1,1,,,0
UMTS,605,3,2101,69448,0,10.206,36.828,1000,1,1,,,0
UMTS,605,3,27912,528205,0,10.206,36.828,1000,1,1,,,0
UMTS,605,1,10020,68297,0,10.21,36.828,1000,1,1,,,0
GSM,605,2,134,62,0,10.205,36.828,1000,1,1,,,0
UMTS,605,1,10020,68300,0,10.205,36.828,1000,1,1,,,0
LTE,605,1,10020,46598,0,10.205,36.828,1000,1,1,,,0
GSM,605,2,134,65,0,10.205,36.828,1000,1,1,,,0
LTE,605,3,4157,3851532,0,10.209,36.829,5109,1,1,,,0
UMTS,605,2,134,65598,0,10.206,36.829,1000,1,1,,,0
LTE,605,3,4157,3915020,0,10.207,36.829,1000,1,1,,,0
LTE,605,2,134,11521538,0,10.207,36.829,1000,1,1,,,0
UMTS,605,2,134,65599,0,10.207,36.829,1560,1,1,,,0
GSM,605,2,1000,62,0,10.207,36.829,1000,1,1,,,0
GSM,605,3,107,15308,0,10.205,36.829,1236,1,1,,,0
UMTS,605,3,2157,528205,0,10.206,36.83,1000,1,1,,,0
GSM,605,2,417,50063,0,10.208,36.83,1000,1,1,,,0
GSM,605,1,10020,2764,0,10.208,36.83,1000,1,1,,,0
GSM,605,3,1137,17688,0,10.209,36.83,1000,1,1,,,0
UMTS,605,1,10020,72746,0,10.213,36.83,1000,1,1,,,0
GSM,605,3,1137,17682,0,10.206,36.83,1000,1,1,,,0
UMTS,605,1,10017,67058,0,10.207,36.83,1000,1,1,,,0
UMTS,605,2,134,65601,0,10.207,36.83,1000,1,1,,,0
UMTS,605,1,10020,67057,0,10.208,36.83,1000,1,1,,,0
UMTS,605,3,2157,558200,0,10.208,36.83,1000,1,1,,,0
UMTS,605,3,27912,528195,0,10.208,36.83,1000,1,1,,,0
LTE,605,1,10020,38913,0,10.208,36.83,1000,1,1,,,0
UMTS,605,1,10006,67060,0,10.212,36.83,1000,1,1,,,0
UMTS,605,2,134,65603,0,10.212,36.83,1000,1,1,,,0
LTE,605,3,4195,3851532,0,10.213,36.83,1000,1,1,,,0
UMTS,605,3,2157,528190,0,10.208,36.83,1000,1,1,,,0
GSM,605,2,1000,4644,0,10.212,36.83,1000,1,1,,,0
LTE,605,3,4157,3843585,0,10.211,36.83,4876,1,1,,,0
UMTS,605,2,1000,119485,0,10.21,36.83,1000,1,1,,,0
UMTS,605,2,134,69632,0,10.213,36.83,1000,1,1,,,0
LTE,605,3,4195,3851531,0,10.216,36.83,1000,1,1,,,0
UMTS,605,2,134,65597,0,10.212,36.83,1000,1,1,,,0
GSM,605,1,10020,1821,0,10.214,36.831,1000,1,1,,,0
GSM,605,2,1000,61,0,10.21,36.831,1000,1,1,,,0
LTE,605,2,1000,11620877,0,10.212,36.831,1000,1,1,,,0
LTE,605,1,10020,46595,0,10.212,36.831,1000,1,1,,,0
GSM,605,2,1000,64,0,10.212,36.831,1000,1,1,,,0
GSM,605,1,10020,1823,0,10.213,36.831,1000,1,1,,,0
LTE,605,2,134,11570957,0,10.204,36.831,1000,1,1,,,0
UMTS,605,2,134,67535,0,10.204,36.831,1000,1,1,,,0
UMTS,605,2,134,117535,0,10.204,36.831,1000,1,1,,,0
LTE,605,2,134,11570690,0,10.204,36.831,1000,1,1,,,0
LTE,605,2,134,11583244,0,10.204,36.831,1000,1,1,,,0
UMTS,605,1,10006,67062,0,10.206,36.831,1000,1,1,,,0
UMTS,605,1,10006,69086,0,10.206,36.831,1000,1,1,,,0
UMTS,605,1,10006,67059,0,10.206,36.831,1000,1,1,,,0
UMTS,605,1,10020,68916,0,10.21,36.831,1000,1,1,,,0
UMTS,605,3,2101,69438,0,10.211,36.831,1000,1,1,,,0
GSM,605,3,107,15307,0,10.211,36.831,1000,1,1,,,0
UMTS,605,1,10020,67060,0,10.211,36.831,1000,1,1,,,0
UMTS,605,3,2157,528195,0,10.211,36.831,1000,1,1,,,0
UMTS,605,2,134,267400,0,10.211,36.831,1000,1,1,,,0
UMTS,605,2,1000,65600,0,10.211,36.831,1000,1,1,,,0
UMTS,605,1,10012,67057,0,10.212,36.831,1000,1,1,,,0
UMTS,605,1,10012,67359,0,10.212,36.831,1000,1,1,,,0
UMTS,605,1,10005,67362,0,10.212,36.831,1000,1,1,,,0
UMTS,605,1,10006,67362,0,10.214,36.831,1000,1,1,,,0
LTE,605,2,134,11521537,0,10.214,36.831,1000,1,1,,,0
LTE,605,2,134,11521547,0,10.214,36.831,1000,1,1,,,0
UMTS,605,1,10020,71906,0,10.214,36.831,1000,1,1,,,0
GSM,605,3,1137,15308,0,10.215,36.831,1000,1,1,,,0
GSM,605,1,10014,8641,0,10.204,36.831,1537,1,1,,,0
LTE,605,2,134,11570947,0,10.205,36.831,1000,1,1,,,0
LTE,605,3,4195,3851541,0,10.215,36.831,1000,1,1,,,0
LTE,605,3,4157,3851542,0,10.21,36.831,1000,1,1,,,0
UMTS,605,2,134,65649,0,10.209,36.831,2651,1,1,,,0
LTE,605,2,134,11570946,0,10.205,36.831,1054,1,1,,,0
GSM,605,2,1000,3946,0,10.213,36.831,1000,1,1,,,0
UMTS,605,2,139,69479,0,10.213,36.832,1000,1,1,,,0
UMTS,605,3,2157,528189,0,10.216,36.832,1308,1,1,,,0
LTE,605,3,4164,3118349,0,10.222,36.823,5354,1,1,,,0
GSM,605,1,10001,1834,0,10.217,36.823,1627,1,1,,,0
UMTS,605,1,10003,68286,0,10.217,36.823,5560,1,1,,,0
GSM,605,1,10012,8312,0,10.226,36.825,4376,1,1,,,0
UMTS,605,2,1000,71379,0,10.219,36.828,1854,1,1,,,0
UMTS,605,2,134,65600,0,10.217,36.828,4374,1,1,,,0
UMTS,605,1,2157,557791,0,10.225,36.829,5845,1,1,,,0
UMTS,605,2,1000,71382,0,10.218,36.83,1000,1,1,,,0
LTE,605,3,4195,3965462,0,10.223,36.83,1000,1,1,,,0
LTE,605,3,4195,3918091,0,10.225,36.831,1000,1,1,,,0
LTE,605,3,4195,3919618,0,10.225,36.831,1000,1,1,,,0
LTE,605,3,4195,3934219,0,10.225,36.831,1000,1,1,,,0
LTE,605,3,4100,3923733,0,10.225,36.831,1000,1,1,,,0
UMTS,605,1,2157,534270,0,10.225,36.831,1000,1,1,,,0
UMTS,605,2,1000,67921,0,10.221,36.831,1000,1,1,,,0
UMTS,605,3,2164,818548,0,10.222,36.831,1000,1,1,,,0
UMTS,605,3,2157,528219,0,10.228,36.831,1000,1,1,,,0
UMTS,605,2,1000,69478,0,10.218,36.831,1000,1,1,,,0
GSM,605,1,10020,1822,0,10.219,36.831,1000,1,1,,,0
LTE,605,2,1000,11580930,0,10.221,36.831,1000,1,1,,,0
UMTS,605,2,1000,117924,0,10.221,36.831,1000,1,1,,,0
UMTS,605,1,10020,66197,0,10.226,36.831,1000,1,1,,,0
UMTS,605,2,1000,121385,0,10.226,36.831,1000,1,1,,,0
UMTS,605,1,10006,67361,0,10.217,36.831,1000,1,1,,,0
UMTS,605,1,10020,67358,0,10.217,36.831,1000,1,1,,,0
UMTS,605,1,10020,67361,0,10.217,36.831,1000,1,1,,,0
UMTS,605,2,134,69478,0,10.217,36.831,1000,1,1,,,0
UMTS,605,2,1000,69484,0,10.217,36.831,1000,1,1,,,0
UMTS,605,3,2157,15307,0,10.218,36.831,1000,1,1,,,0
UMTS,605,2,1000,69481,0,10.218,36.831,1000,1,1,,,0
UMTS,605,3,2157,534270,0,10.221,36.831,1000,1,1,,,0
UMTS,605,3,2157,534269,0,10.221,36.831,1000,1,1,,,0
LTE,605,2,1000,11669507,0,10.221,36.831,1000,1,1,,,0
UMTS,605,2,1000,67918,0,10.222,36.831,1000,1,1,,,0
GSM,605,2,409,52382,0,10.222,36.831,1000,1,1,,,0
UMTS,605,2,1000,70177,0,10.226,36.831,1000,1,1,,,0
UMTS,605,2,1000,67920,0,10.228,36.831,1000,1,1,,,0
UMTS,605,1,2157,534269,0,10.217,36.831,1000,1,1,,,0
GSM,605,2,1000,3945,0,10.217,36.831,1000,1,1,,,0
GSM,605,2,410,54095,0,10.217,36.832,1000,1,1,,,0
LTE,605,3,4157,3943948,0,10.231,36.824,4108,1,1,,,0
LTE,605,3,4157,3843084,0,10.235,36.828,4172,1,1,,,0
GSM,605,1,10006,1822,0,10.232,36.83,1000,1,1,,,0
GSM,605,1,10006,161,0,10.232,36.83,1000,1,1,,,0
GSM,605,1,10006,662,0,10.232,36.83,1000,1,1,,,0
UMTS,605,1,10006,66200,0,10.232,36.83,1000,1,1,,,0
UMTS,605,3,2157,585775,0,10.232,36.83,1000,1,1,,,0
UMTS,605,2,1000,121384,0,10.232,36.83,1000,1,1,,,0
UMTS,605,2,1000,71381,0,10.232,36.83,1000,1,1,,,0
UMTS,605,1,10006,66197,0,10.233,36.83,1000,1,1,,,0
UMTS,605,1,10005,75993,0,10.232,36.83,6340,1,1,,,0
LTE,605,3,4157,3919627,0,10.233,36.831,3347,1,1,,,0
UMTS,605,3,2157,558210,0,10.232,36.831,1000,1,1,,,0
UMTS,605,1,10020,66201,0,10.229,36.831,1000,1,1,,,0
UMTS,605,3,2157,528210,0,10.229,36.831,1000,1,1,,,0
UMTS,605,3,2157,528224,0,10.232,36.831,1000,1,1,,,0
UMTS,605,2,1000,71378,0,10.232,36.831,1000,1,1,,,0
UMTS,605,2,1000,71385,0,10.232,36.831,1000,1,1,,,0
GSM,605,2,409,52285,0,10.236,36.831,1000,1,1,,,0
UMTS,605,3,2157,558219,0,10.231,36.831,1000,1,1,,,0
UMTS,605,1,10020,66200,0,10.232,36.832,1000,1,1,,,0
LTE,605,3,4157,3843074,0,10.236,36.832,1000,1,1,,,0
UMTS,605,2,1000,71377,0,10.232,36.832,1000,1,1,,,0
GSM,605,3,1137,15098,0,10.233,36.832,1000,1,1,,,0
LTE,605,1,10020,16900,0,10.235,36.832,1000,1,1,,,0
GSM,605,2,409,50115,0,10.245,36.823,1882,1,1,,,0
GSM,605,2,409,54475,0,10.241,36.824,1000,1,1,,,0
LTE,605,1,10003,50437,0,10.255,36.822,1496,1,1,,,0
GSM,605,3,1101,16648,0,10.253,36.823,1733,1,1,,,0
GSM,605,3,1101,17988,0,10.262,36.831,1342,1,1,,,0
LTE,605,1,10020,16645,0,10.267,36.822,2825,1,1,,,0
UMTS,605,2,1000,121334,0,10.271,36.825,1695,1,1,,,0
GSM,605,1,10020,151,0,10.272,36.826,1211,1,1,,,0
UMTS,605,3,2164,789665,0,10.267,36.832,3263,1,1,,,0
GSM,605,3,1108,17797,0,10.286,36.823,2032,1,1,,,0
UMTS,605,1,10004,67330,0,10.279,36.823,3746,1,1,,,0
GSM,605,2,137,50637,0,10.282,36.826,3924,1,1,,,0
LTE,605,3,4101,4030477,0,10.28,36.828,2507,1,1,,,0
GSM,605,3,1101,15202,0,10.277,36.829,3447,1,1,,,0
GSM,605,1,10004,615,0,10.287,36.83,1000,1,1,,,0
UMTS,605,1,10004,67813,0,10.28,36.83,1933,1,1,,,0
LTE,605,1,10004,57864,0,10.293,36.82,1000,1,1,,,0
LTE,605,3,4165,55103755,0,10.294,36.82,1000,1,1,,,0
GSM,605,2,137,51319,0,10.294,36.821,1000,1,1,,,0
GSM,605,2,139,3902,0,10.294,36.821,1000,1,1,,,0
LTE,605,1,10004,52230,0,10.297,36.821,1000,1,1,,,0
GSM,605,1,10004,464,0,10.297,36.821,1000,1,1,,,0
GSM,605,3,111,17791,0,10.295,36.821,1000,1,1,,,0
UMTS,605,3,2164,789635,0,10.295,36.821,1000,1,1,,,0
GSM,605,3,111,17292,0,10.296,36.821,1000,1,1,,,0
UMTS,605,1,10020,66002,0,10.296,36.821,1000,1,1,,,0
UMTS,605,1,10020,67330,0,10.296,36.821,1000,1,1,,,0
UMTS,605,3,2164,69338,0,10.298,36.821,1000,1,1,,,0
LTE,605,1,10004,57861,0,10.296,36.821,1000,1,1,,,0
LTE,605,1,10004,11785,0,10.297,36.822,1000,1,1,,,0
UMTS,605,1,10005,76492,0,10.289,36.823,1000,1,1,,,0
LTE,605,2,230,11626508,0,10.298,36.823,1000,1,1,,,0
UMTS,605,2,139,120984,0,10.299,36.823,1000,1,1,,,0
UMTS,605,3,2154,134308,0,10.299,36.823,1000,1,1,,,0
GSM,605,2,409,55445,0,10.299,36.823,1000,1,1,,,0
UMTS,605,3,2101,789635,0,10.299,36.823,1000,1,1,,,0
GSM,605,2,139,2883,0,10.3,36.823,1000,1,1,,,0
GSM,605,2,139,55448,0,10.3,36.823,1203,1,1,,,0
GSM,605,2,139,2886,0,10.295,36.823,2063,1,1,,,0
GSM,605,3,1108,11001,0,10.297,36.824,7190,1,1,,,0
GSM,605,2,139,50637,0,10.29,36.825,2087,1,1,,,0
GSM,605,2,139,3903,0,10.288,36.825,2008,1,1,,,0
GSM,605,2,139,54567,0,10.299,36.827,1109,1,1,,,0
GSM,605,1,10013,10684,0,10.299,36.827,1000,1,1,,,0
GSM,605,1,10004,1791,0,10.297,36.829,1000,1,1,,,0
GSM,605,2,409,52886,0,10.298,36.829,2212,1,1,,,0
GSM,605,1,10004,594,0,10.292,36.83,1000,1,1,,,0
UMTS,605,1,10004,66133,0,10.292,36.83,1000,1,1,,,0
UMTS,605,1,10004,66000,0,10.304,36.82,1000,1,1,,,0
GSM,605,3,1108,17297,0,10.304,36.821,1000,1,1,,,0
GSM,605,1,1781,2042,0,10.306,36.821,1000,1,1,,,0
UMTS,605,3,2164,789868,0,10.307,36.821,1000,1,1,,,0
UMTS,605,2,139,118424,0,10.309,36.821,1000,1,1,,,0
UMTS,605,3,2154,134508,0,10.309,36.821,1000,1,1,,,0
UMTS,605,3,2154,133874,0,10.31,36.821,1000,1,1,,,0
UMTS,605,3,2154,133879,0,10.31,36.821,1000,1,1,,,0
UMTS,605,3,2164,788615,0,10.311,36.822,6545,1,1,,,0
LTE,605,3,4164,3904523,0,10.309,36.822,1000,1,1,,,0
GSM,605,1,10004,1352,0,10.3,36.823,1000,1,1,,,0
UMTS,605,1,10004,67756,0,10.309,36.823,1000,1,1,,,0
GSM,605,1,10004,2041,0,10.309,36.823,1000,1,1,,,0
UMTS,605,3,2164,819234,0,10.309,36.823,1000,1,1,,,0
LTE,605,3,4165,3948811,0,10.301,36.823,1000,1,1,,,0
UMTS,605,1,10004,67582,0,10.302,36.823,1000,1,1,,,0
GSM,605,3,1108,10837,0,10.302,36.823,1000,1,1,,,0
UMTS,605,2,139,120103,0,10.302,36.823,1000,1,1,,,0
UMTS,605,2,139,66848,0,10.31,36.823,1000,1,1,,,0
UMTS,605,3,2154,134275,0,10.302,36.824,1000,1,1,,,0
UMTS,605,2,409,120984,0,10.303,36.824,1000,1,1,,,0
UMTS,605,3,2154,134503,0,10.306,36.824,1000,1,1,,,0
UMTS,605,3,2154,133878,0,10.31,36.824,1000,1,1,,,0
UMTS,605,3,2154,133875,0,10.31,36.824,1000,1,1,,,0
UMTS,605,3,2154,133880,0,10.31,36.824,1000,1,1,,,0
UMTS,605,2,139,67581,0,10.31,36.824,1000,1,1,,,0
UMTS,605,2,139,116364,0,10.302,36.824,1000,1,1,,,0
LTE,605,3,4165,3892491,0,10.303,36.824,1000,1,1,,,0
GSM,605,2,139,2046,0,10.305,36.825,1000,1,1,,,0
GSM,605,2,409,52884,0,10.305,36.825,1000,1,1,,,0
GSM,605,2,139,2043,0,10.307,36.825,1000,1,1,,,0
LTE,605,3,4164,3959563,0,10.301,36.825,2041,1,1,,,0
LTE,605,3,4164,3859469,0,10.311,36.825,1000,1,1,,,0
GSM,605,2,139,51318,0,10.307,36.825,1000,1,1,,,0
UMTS,605,1,10004,66131,0,10.307,36.825,1000,1,1,,,0
UMTS,605,3,2154,164275,0,10.307,36.825,1000,1,1,,,0
UMTS,605,3,2164,789235,0,10.307,36.825,1000,1,1,,,0
UMTS,605,3,2154,133873,0,10.309,36.825,1000,1,1,,,0
UMTS,605,3,2164,819235,0,10.309,36.825,1000,1,1,,,0
UMTS,605,1,10004,66128,0,10.309,36.827,1000,1,1,,,0
GSM,605,2,409,41316,0,10.305,36.827,1256,1,1,,,0
GSM,605,2,139,51319,0,10.305,36.827,1044,1,1,,,0
UMTS,605,1,10004,70937,0,10.304,36.827,1041,1,1,,,0
LTE,605,1,10004,34568,0,10.302,36.827,1000,1,1,,,0
LTE,605,3,4185,3914508,0,10.308,36.827,1000,1,1,,,0
LTE,605,3,4165,3859469,0,10.309,36.827,1000,1,1,,,0
LTE,605,1,10004,15112,0,10.309,36.827,1000,1,1,,,0
UMTS,605,3,2101,99218,0,10.303,36.827,1000,1,1,,,0
LTE,605,1,10004,15621,0,10.307,36.827,1000,1,1,,,0
GSM,605,3,111,16951,0,10.309,36.827,1000,1,1,,,0
